-- MySQL dump 10.13  Distrib 5.1.73, for redhat-linux-gnu (x86_64)
--
-- Host: vip-mariadb-prd.fnal.gov    Database: voms26_dune
-- ------------------------------------------------------
-- Server version	5.5.60-MariaDB-wsrep

/*!40101 SET @OLD_CHARACTER_SET_CLIENT=@@CHARACTER_SET_CLIENT */;
/*!40101 SET @OLD_CHARACTER_SET_RESULTS=@@CHARACTER_SET_RESULTS */;
/*!40101 SET @OLD_COLLATION_CONNECTION=@@COLLATION_CONNECTION */;
/*!40101 SET NAMES utf8 */;
/*!40103 SET @OLD_TIME_ZONE=@@TIME_ZONE */;
/*!40103 SET TIME_ZONE='+00:00' */;
/*!40014 SET @OLD_UNIQUE_CHECKS=@@UNIQUE_CHECKS, UNIQUE_CHECKS=0 */;
/*!40014 SET @OLD_FOREIGN_KEY_CHECKS=@@FOREIGN_KEY_CHECKS, FOREIGN_KEY_CHECKS=0 */;
/*!40101 SET @OLD_SQL_MODE=@@SQL_MODE, SQL_MODE='NO_AUTO_VALUE_ON_ZERO' */;
/*!40111 SET @OLD_SQL_NOTES=@@SQL_NOTES, SQL_NOTES=0 */;

--
-- Current Database: `voms26_dune`
--

CREATE DATABASE /*!32312 IF NOT EXISTS*/ `voms26_dune` /*!40100 DEFAULT CHARACTER SET latin1 */;

USE `voms26_dune`;

--
-- Table structure for table `acl2`
--

DROP TABLE IF EXISTS `acl2`;
/*!40101 SET @saved_cs_client     = @@character_set_client */;
/*!40101 SET character_set_client = utf8 */;
CREATE TABLE `acl2` (
  `acl_id` bigint(20) NOT NULL AUTO_INCREMENT,
  `group_id` bigint(20) NOT NULL,
  `defaultACL` bit(1) NOT NULL,
  `role_id` bigint(20) DEFAULT NULL,
  PRIMARY KEY (`acl_id`),
  UNIQUE KEY `group_id` (`group_id`,`defaultACL`,`role_id`),
  KEY `FK2D98E8720C9B10` (`role_id`),
  KEY `FK2D98E8FCFA8B04` (`group_id`)
) ENGINE=InnoDB AUTO_INCREMENT=53 DEFAULT CHARSET=latin1;
/*!40101 SET character_set_client = @saved_cs_client */;

--
-- Dumping data for table `acl2`
--

LOCK TABLES `acl2` WRITE;
/*!40000 ALTER TABLE `acl2` DISABLE KEYS */;
INSERT INTO `acl2` VALUES (2,2,'\0',NULL),(12,2,'\0',2),(21,2,'\0',11),(31,2,'\0',21),(32,2,'\0',22),(33,2,'\0',24),(37,4,'\0',NULL),(40,4,'\0',2),(43,4,'\0',11),(46,4,'\0',21),(49,4,'\0',22),(52,4,'\0',24);
/*!40000 ALTER TABLE `acl2` ENABLE KEYS */;
UNLOCK TABLES;

--
-- Table structure for table `acl2_permissions`
--

DROP TABLE IF EXISTS `acl2_permissions`;
/*!40101 SET @saved_cs_client     = @@character_set_client */;
/*!40101 SET character_set_client = utf8 */;
CREATE TABLE `acl2_permissions` (
  `acl_id` bigint(20) NOT NULL,
  `permissions` int(11) DEFAULT NULL,
  `admin_id` bigint(20) NOT NULL,
  PRIMARY KEY (`acl_id`,`admin_id`),
  KEY `FK35C6CFADD91CE8A3` (`acl_id`),
  KEY `FK35C6CFADA4AD9904` (`admin_id`)
) ENGINE=InnoDB DEFAULT CHARSET=latin1;
/*!40101 SET character_set_client = @saved_cs_client */;

--
-- Dumping data for table `acl2_permissions`
--

LOCK TABLES `acl2_permissions` WRITE;
/*!40000 ALTER TABLE `acl2_permissions` DISABLE KEYS */;
INSERT INTO `acl2_permissions` VALUES (2,16383,2),(2,16383,12),(2,5,32),(2,16383,52),(2,16383,81),(2,16383,91),(2,16383,111),(2,16383,121),(2,16383,127),(2,16383,130),(2,16383,134),(2,16383,136),(2,16383,138),(2,16383,141),(12,16383,2),(12,16383,12),(12,5,32),(12,16383,52),(12,16383,81),(12,16383,91),(12,16383,111),(12,16383,121),(12,16383,127),(12,16383,130),(12,16383,134),(12,16383,136),(12,16383,138),(12,16383,141),(21,16383,2),(21,16383,12),(21,5,32),(21,16383,52),(21,16383,81),(21,16383,91),(21,16383,111),(21,16383,121),(21,16383,127),(21,16383,130),(21,16383,134),(21,16383,136),(21,16383,138),(21,16383,141),(31,16383,2),(31,16383,12),(31,5,32),(31,16383,52),(31,16383,81),(31,16383,91),(31,16383,111),(31,16383,121),(31,16383,127),(31,16383,130),(31,16383,134),(31,16383,136),(31,16383,138),(31,16383,141),(32,16383,2),(32,16383,12),(32,5,32),(32,16383,52),(32,16383,81),(32,16383,91),(32,16383,111),(32,16383,121),(32,16383,127),(32,16383,130),(32,16383,134),(32,16383,136),(32,16383,138),(32,16383,141),(33,16383,2),(33,16383,12),(33,5,32),(33,16383,52),(33,16383,81),(33,16383,91),(33,16383,111),(33,16383,121),(33,16383,127),(33,16383,130),(33,16383,134),(33,16383,136),(33,16383,138),(33,16383,141),(37,16383,2),(37,16383,12),(37,5,32),(37,16383,52),(37,16383,81),(37,16383,91),(37,16383,111),(37,16383,121),(37,16383,127),(37,16383,130),(37,16383,134),(37,16383,136),(37,16383,138),(37,16383,141),(40,16383,2),(40,16383,12),(40,5,32),(40,16383,52),(40,16383,81),(40,16383,91),(40,16383,111),(40,16383,121),(40,16383,127),(40,16383,130),(40,16383,134),(40,16383,136),(40,16383,138),(40,16383,141),(43,16383,2),(43,16383,12),(43,5,32),(43,16383,52),(43,16383,81),(43,16383,91),(43,16383,111),(43,16383,121),(43,16383,127),(43,16383,130),(43,16383,134),(43,16383,136),(43,16383,138),(43,16383,141),(46,16383,2),(46,16383,12),(46,5,32),(46,16383,52),(46,16383,81),(46,16383,91),(46,16383,111),(46,16383,121),(46,16383,127),(46,16383,130),(46,16383,134),(46,16383,136),(46,16383,138),(46,16383,141),(49,16383,2),(49,16383,12),(49,5,32),(49,16383,52),(49,16383,81),(49,16383,91),(49,16383,111),(49,16383,121),(49,16383,127),(49,16383,130),(49,16383,134),(49,16383,136),(49,16383,138),(49,16383,141),(52,16383,2),(52,16383,12),(52,5,32),(52,16383,52),(52,16383,81),(52,16383,91),(52,16383,111),(52,16383,121),(52,16383,127),(52,16383,130),(52,16383,134),(52,16383,136),(52,16383,138),(52,16383,141);
/*!40000 ALTER TABLE `acl2_permissions` ENABLE KEYS */;
UNLOCK TABLES;

--
-- Table structure for table `admins`
--

DROP TABLE IF EXISTS `admins`;
/*!40101 SET @saved_cs_client     = @@character_set_client */;
/*!40101 SET character_set_client = utf8 */;
CREATE TABLE `admins` (
  `adminid` bigint(20) NOT NULL AUTO_INCREMENT,
  `dn` varchar(255) NOT NULL,
  `email_address` varchar(255) DEFAULT NULL,
  `ca` smallint(6) NOT NULL,
  PRIMARY KEY (`adminid`),
  UNIQUE KEY `dn` (`dn`,`ca`),
  KEY `FKAB3A67047C6FEB32` (`ca`)
) ENGINE=InnoDB AUTO_INCREMENT=142 DEFAULT CHARSET=latin1;
/*!40101 SET character_set_client = @saved_cs_client */;

--
-- Dumping data for table `admins`
--

LOCK TABLES `admins` WRITE;
/*!40000 ALTER TABLE `admins` DISABLE KEYS */;
INSERT INTO `admins` VALUES (2,'/O=VOMS/O=System/CN=Internal VOMS Process',NULL,1032),(12,'/O=VOMS/O=System/CN=Local Database Administrator',NULL,1032),(22,'/O=VOMS/O=System/CN=Absolutely Anyone',NULL,1032),(32,'/O=VOMS/O=System/CN=Any Authenticated User',NULL,1032),(42,'/O=VOMS/O=System/CN=Unauthenticated Client',NULL,1032),(52,'/dune/Role=VO-Admin',NULL,1052),(81,'/DC=gov/DC=fnal/O=Fermilab/OU=People/CN=Joe B. Boyd/CN=UID:boyd',NULL,582),(91,'/DC=gov/DC=fnal/O=Fermilab/OU=People/CN=Kenneth R. Herner/CN=UID:kherner',NULL,582),(111,'/DC=gov/DC=fnal/O=Fermilab/OU=People/CN=Kevin Retzke/CN=UID:kretzke',NULL,582),(121,'/DC=com/DC=DigiCert-Grid/O=Open Science Grid/OU=Services/CN=voms1.fnal.gov',NULL,192),(127,'/DC=org/DC=opensciencegrid/O=Open Science Grid/OU=Services/CN=voms2.fnal.gov',NULL,1077),(130,'/DC=ch/DC=cern/OU=Organic Units/OU=Users/CN=merina/CN=673555/CN=Merina Albert',NULL,792),(134,'/DC=org/DC=opensciencegrid/O=Open Science Grid/OU=Services/CN=voms4.fnal.gov',NULL,1077),(136,'/DC=org/DC=opensciencegrid/O=Open Science Grid/OU=Services/CN=voms1.fnal.gov',NULL,1077),(138,'/DC=org/DC=cilogon/C=US/O=Fermi National Accelerator Laboratory/OU=People/CN=Steven Timm/CN=UID:timm',NULL,332),(141,'/DC=org/DC=cilogon/C=US/O=Fermi National Accelerator Laboratory/OU=People/CN=Hyun Kim/CN=UID:hyunwoo',NULL,332);
/*!40000 ALTER TABLE `admins` ENABLE KEYS */;
UNLOCK TABLES;

--
-- Table structure for table `attributes`
--

DROP TABLE IF EXISTS `attributes`;
/*!40101 SET @saved_cs_client     = @@character_set_client */;
/*!40101 SET character_set_client = utf8 */;
CREATE TABLE `attributes` (
  `a_id` bigint(20) NOT NULL AUTO_INCREMENT,
  `a_name` varchar(255) NOT NULL,
  `a_desc` text,
  `a_uniq` bit(1) DEFAULT b'0',
  PRIMARY KEY (`a_id`),
  UNIQUE KEY `a_name` (`a_name`)
) ENGINE=InnoDB DEFAULT CHARSET=latin1;
/*!40101 SET character_set_client = @saved_cs_client */;

--
-- Dumping data for table `attributes`
--

LOCK TABLES `attributes` WRITE;
/*!40000 ALTER TABLE `attributes` DISABLE KEYS */;
/*!40000 ALTER TABLE `attributes` ENABLE KEYS */;
UNLOCK TABLES;

--
-- Table structure for table `aup`
--

DROP TABLE IF EXISTS `aup`;
/*!40101 SET @saved_cs_client     = @@character_set_client */;
/*!40101 SET character_set_client = utf8 */;
CREATE TABLE `aup` (
  `id` bigint(20) NOT NULL AUTO_INCREMENT,
  `name` varchar(255) NOT NULL,
  `description` varchar(255) DEFAULT NULL,
  `reacceptancePeriod` int(11) NOT NULL,
  PRIMARY KEY (`id`),
  UNIQUE KEY `name` (`name`)
) ENGINE=InnoDB AUTO_INCREMENT=3 DEFAULT CHARSET=latin1;
/*!40101 SET character_set_client = @saved_cs_client */;

--
-- Dumping data for table `aup`
--

LOCK TABLES `aup` WRITE;
/*!40000 ALTER TABLE `aup` DISABLE KEYS */;
INSERT INTO `aup` VALUES (2,'VO-AUP','',365);
/*!40000 ALTER TABLE `aup` ENABLE KEYS */;
UNLOCK TABLES;

--
-- Table structure for table `aup_acc_record`
--

DROP TABLE IF EXISTS `aup_acc_record`;
/*!40101 SET @saved_cs_client     = @@character_set_client */;
/*!40101 SET character_set_client = utf8 */;
CREATE TABLE `aup_acc_record` (
  `id` bigint(20) NOT NULL AUTO_INCREMENT,
  `aup_version_id` bigint(20) NOT NULL,
  `usr_id` bigint(20) NOT NULL,
  `last_acceptance_date` datetime NOT NULL,
  `valid` bit(1) DEFAULT NULL,
  PRIMARY KEY (`id`),
  UNIQUE KEY `aup_version_id` (`aup_version_id`,`usr_id`),
  KEY `FKB1979B32EE2D4487` (`usr_id`),
  KEY `FKB1979B32815F1678` (`aup_version_id`)
) ENGINE=InnoDB AUTO_INCREMENT=2148 DEFAULT CHARSET=latin1;
/*!40101 SET character_set_client = @saved_cs_client */;

--
-- Dumping data for table `aup_acc_record`
--

LOCK TABLES `aup_acc_record` WRITE;
/*!40000 ALTER TABLE `aup_acc_record` DISABLE KEYS */;
INSERT INTO `aup_acc_record` VALUES (2,2,2,'2016-07-25 11:36:20',''),(12,2,12,'2016-08-18 12:59:19',''),(22,2,22,'2016-07-29 11:00:39',''),(32,2,32,'2016-07-25 13:03:01',''),(41,2,41,'2016-08-18 12:59:04',''),(42,2,42,'2016-08-18 12:58:48',''),(52,2,52,'2016-08-18 12:58:24',''),(62,2,62,'2016-08-18 12:58:06',''),(72,2,72,'2015-08-13 13:10:57',''),(82,2,82,'2015-08-14 12:49:08',''),(84,2,84,'2015-08-21 09:41:34',''),(87,2,87,'2015-08-24 13:21:48',''),(88,2,88,'2015-08-26 14:30:28',''),(94,2,94,'2015-08-27 09:39:22',''),(97,2,97,'2015-09-03 13:11:08',''),(100,2,100,'2015-09-03 15:31:26',''),(103,2,103,'2015-09-03 15:37:08',''),(106,2,106,'2015-09-03 15:44:15',''),(109,2,109,'2015-09-03 15:44:16',''),(112,2,112,'2015-09-03 15:44:17',''),(115,2,115,'2015-09-03 15:44:19',''),(118,2,118,'2015-09-03 15:44:20',''),(121,2,121,'2015-09-03 15:45:55',''),(127,2,127,'2015-09-03 15:46:01',''),(151,2,151,'2015-09-03 15:46:21',''),(154,2,154,'2015-09-03 15:46:22',''),(157,2,157,'2015-09-03 15:46:24',''),(160,2,160,'2015-09-03 15:46:25',''),(163,2,163,'2015-09-03 15:46:27',''),(166,2,166,'2015-09-03 15:46:29',''),(169,2,169,'2015-09-03 15:46:30',''),(172,2,172,'2015-09-03 15:46:32',''),(175,2,175,'2015-09-03 15:46:33',''),(178,2,178,'2015-09-03 15:46:35',''),(181,2,181,'2015-09-03 15:46:37',''),(184,2,184,'2015-09-03 15:46:39',''),(187,2,187,'2015-09-03 15:46:41',''),(193,2,193,'2015-09-03 15:46:46',''),(196,2,196,'2015-09-03 15:46:48',''),(199,2,199,'2015-09-03 15:46:50',''),(202,2,202,'2015-09-03 15:46:51',''),(205,2,205,'2015-09-03 15:46:53',''),(208,2,208,'2015-09-03 15:46:54',''),(211,2,211,'2015-09-03 15:46:57',''),(214,2,214,'2015-09-03 15:46:58',''),(217,2,217,'2015-09-03 15:46:59',''),(220,2,220,'2015-09-03 15:47:01',''),(223,2,223,'2015-09-03 15:47:03',''),(226,2,226,'2015-09-03 15:47:04',''),(229,2,229,'2015-09-03 15:47:06',''),(232,2,232,'2015-09-03 15:47:08',''),(235,2,235,'2015-09-03 15:47:09',''),(238,2,238,'2015-09-03 15:47:11',''),(241,2,241,'2015-09-03 15:47:12',''),(244,2,244,'2015-09-03 15:47:14',''),(247,2,247,'2015-09-03 15:47:15',''),(250,2,250,'2015-09-03 15:47:17',''),(253,2,253,'2015-09-03 15:47:18',''),(256,2,256,'2015-09-03 15:47:20',''),(259,2,259,'2015-09-03 15:47:22',''),(262,2,262,'2015-09-03 15:47:23',''),(265,2,265,'2015-09-03 15:47:25',''),(268,2,268,'2015-09-03 15:47:27',''),(271,2,271,'2015-09-03 15:47:28',''),(274,2,274,'2015-09-03 15:47:30',''),(277,2,277,'2015-09-03 15:47:32',''),(280,2,280,'2015-09-03 15:47:33',''),(283,2,283,'2015-09-03 15:47:35',''),(286,2,286,'2015-09-03 15:47:37',''),(289,2,289,'2015-09-03 15:47:38',''),(295,2,295,'2015-09-03 15:47:41',''),(298,2,298,'2015-09-03 15:47:43',''),(301,2,301,'2015-09-03 15:47:44',''),(304,2,304,'2015-09-03 15:47:46',''),(307,2,307,'2015-09-03 15:47:48',''),(310,2,310,'2015-09-03 15:47:49',''),(313,2,313,'2015-09-03 15:47:51',''),(316,2,316,'2015-09-03 15:47:53',''),(319,2,319,'2015-09-03 15:47:55',''),(322,2,322,'2015-09-03 15:47:56',''),(325,2,325,'2015-09-03 15:47:58',''),(328,2,328,'2015-09-03 15:48:00',''),(331,2,331,'2015-09-03 15:48:02',''),(334,2,334,'2015-09-03 15:48:03',''),(337,2,337,'2015-09-03 15:48:05',''),(340,2,340,'2015-09-03 15:48:07',''),(343,2,343,'2015-09-03 15:48:09',''),(346,2,346,'2015-09-03 15:48:12',''),(349,2,349,'2015-09-03 15:48:14',''),(352,2,352,'2015-09-03 15:48:16',''),(355,2,355,'2015-09-03 15:48:17',''),(358,2,358,'2015-09-03 15:48:18',''),(361,2,361,'2015-09-03 15:48:20',''),(364,2,364,'2015-09-03 15:48:23',''),(367,2,367,'2015-09-03 15:48:25',''),(370,2,370,'2015-09-03 15:48:27',''),(373,2,373,'2015-09-03 15:48:29',''),(376,2,376,'2015-09-03 15:48:30',''),(379,2,379,'2015-09-03 15:48:32',''),(382,2,382,'2015-09-03 15:48:34',''),(385,2,385,'2015-09-03 15:48:36',''),(388,2,388,'2015-09-03 15:48:38',''),(391,2,391,'2015-09-03 15:48:39',''),(394,2,394,'2015-09-03 15:48:40',''),(397,2,397,'2015-09-03 15:48:42',''),(400,2,400,'2015-09-03 15:48:44',''),(403,2,403,'2015-09-03 15:48:46',''),(406,2,406,'2015-09-03 15:48:47',''),(409,2,409,'2015-09-03 15:48:49',''),(412,2,412,'2015-09-03 15:48:51',''),(415,2,415,'2015-09-03 15:48:53',''),(418,2,418,'2015-09-03 15:48:55',''),(421,2,421,'2015-09-03 15:48:57',''),(424,2,424,'2015-09-03 15:48:59',''),(427,2,427,'2015-09-03 15:49:00',''),(430,2,430,'2015-09-03 15:49:02',''),(433,2,433,'2015-09-03 15:49:04',''),(436,2,436,'2015-09-03 15:49:05',''),(439,2,439,'2015-09-03 15:49:07',''),(442,2,442,'2015-09-03 15:49:09',''),(445,2,445,'2015-09-03 15:49:12',''),(448,2,448,'2015-09-03 15:49:13',''),(451,2,451,'2015-09-03 15:49:15',''),(454,2,454,'2015-09-03 15:49:17',''),(457,2,457,'2015-09-03 15:49:19',''),(460,2,460,'2015-09-03 15:49:21',''),(463,2,463,'2015-09-03 15:49:23',''),(466,2,466,'2015-09-03 15:49:24',''),(469,2,469,'2015-09-03 15:49:26',''),(472,2,472,'2015-09-03 15:49:28',''),(475,2,475,'2015-09-03 15:49:31',''),(478,2,478,'2015-09-03 15:49:32',''),(481,2,481,'2015-09-03 15:49:33',''),(484,2,484,'2015-09-03 15:49:35',''),(487,2,487,'2015-09-03 15:49:37',''),(490,2,490,'2015-09-03 15:49:39',''),(493,2,493,'2016-07-28 13:13:20',''),(496,2,496,'2015-09-03 15:49:43',''),(499,2,499,'2016-07-28 13:36:58',''),(502,2,502,'2015-09-03 15:49:47',''),(505,2,505,'2015-09-03 15:49:48',''),(508,2,508,'2015-09-03 15:49:50',''),(511,2,511,'2015-09-03 15:49:52',''),(514,2,514,'2015-09-03 15:49:54',''),(517,2,517,'2015-09-03 15:49:56',''),(520,2,520,'2015-09-03 15:49:58',''),(523,2,523,'2015-09-03 15:50:00',''),(526,2,526,'2015-09-04 11:22:26',''),(529,2,529,'2015-09-04 11:23:17',''),(532,2,532,'2015-09-04 12:34:25',''),(534,2,534,'2015-09-10 14:34:35',''),(537,2,537,'2015-09-10 14:37:27',''),(540,2,540,'2015-09-11 12:32:20',''),(543,2,543,'2015-09-14 10:43:33',''),(544,2,544,'2015-09-15 11:52:20',''),(547,2,547,'2015-09-17 15:02:34',''),(550,2,550,'2015-09-17 15:41:40',''),(553,2,553,'2015-09-23 11:53:42',''),(556,2,556,'2015-09-24 16:39:52',''),(559,2,559,'2015-09-25 14:28:23',''),(562,2,562,'2015-09-28 17:09:54',''),(565,2,565,'2015-10-02 12:26:17',''),(568,2,568,'2015-10-07 08:44:46',''),(571,2,571,'2015-10-09 09:51:20',''),(576,2,576,'2015-10-12 15:14:04',''),(577,2,577,'2015-10-12 15:52:29',''),(579,2,579,'2015-10-12 17:39:30',''),(582,2,582,'2015-10-15 12:29:24',''),(583,2,583,'2015-10-15 14:45:32',''),(585,2,585,'2015-10-19 21:56:16',''),(588,2,588,'2015-10-22 13:28:29',''),(589,2,589,'2015-10-23 09:51:50',''),(595,2,595,'2015-10-23 10:28:28',''),(598,2,598,'2015-10-23 10:29:56',''),(601,2,601,'2015-10-23 12:24:09',''),(604,2,604,'2015-10-28 09:22:27',''),(607,2,607,'2015-11-13 10:50:52',''),(610,2,610,'2015-11-18 16:25:39',''),(613,2,613,'2015-12-08 16:20:48',''),(622,2,622,'2015-12-15 09:11:53',''),(625,2,625,'2015-12-17 10:31:15',''),(628,2,628,'2015-12-18 10:29:49',''),(630,2,630,'2016-01-06 14:37:19',''),(633,2,633,'2016-01-07 16:40:27',''),(634,2,634,'2016-01-08 11:04:43',''),(636,2,636,'2016-01-11 15:56:43',''),(637,2,637,'2016-01-15 09:42:38',''),(639,2,639,'2016-01-19 16:33:46',''),(640,2,640,'2016-01-25 16:45:16',''),(642,2,642,'2016-01-29 10:52:26',''),(643,2,643,'2016-01-29 14:13:35',''),(646,2,646,'2016-02-03 11:53:18',''),(649,2,649,'2016-02-03 15:32:55',''),(652,2,652,'2016-02-05 12:40:52',''),(655,2,655,'2016-02-08 11:27:00',''),(658,2,658,'2016-02-10 13:44:32',''),(660,2,660,'2016-02-13 12:37:38',''),(663,2,663,'2016-02-16 12:08:00',''),(666,2,666,'2016-02-22 21:57:55',''),(667,2,667,'2016-03-01 10:38:25',''),(669,2,669,'2016-03-07 16:41:49',''),(671,2,671,'2016-03-11 09:32:27',''),(674,2,674,'2016-03-11 09:34:16',''),(677,2,677,'2016-03-14 12:46:01',''),(678,2,678,'2016-03-15 10:33:05',''),(680,2,680,'2016-03-15 13:53:47',''),(685,2,685,'2016-03-21 13:32:18',''),(688,2,688,'2016-03-23 15:43:25',''),(691,2,691,'2016-03-24 14:51:59',''),(694,2,694,'2016-03-24 15:42:47',''),(697,2,697,'2016-03-28 10:30:14',''),(701,2,701,'2016-03-31 08:38:40',''),(704,2,704,'2016-03-31 09:20:15',''),(707,2,707,'2016-04-01 11:19:49',''),(710,2,710,'2016-04-01 11:25:18',''),(713,2,713,'2016-04-06 10:07:31',''),(716,2,716,'2016-04-14 10:41:08',''),(719,2,719,'2016-04-19 09:22:06',''),(722,2,722,'2016-04-27 13:54:30',''),(725,2,725,'2016-04-28 11:11:24',''),(728,2,728,'2016-04-28 11:13:46',''),(731,2,731,'2016-04-28 15:07:20',''),(734,2,734,'2016-04-29 11:22:07',''),(736,2,736,'2016-05-02 09:26:28',''),(737,2,737,'2016-05-04 11:49:16',''),(740,2,740,'2016-05-04 11:49:51',''),(742,2,742,'2016-05-11 12:30:08',''),(743,2,743,'2016-05-17 12:06:58',''),(745,2,748,'2016-05-18 08:45:10',''),(746,2,749,'2016-05-18 10:43:01',''),(749,2,752,'2016-05-20 14:03:52',''),(752,2,755,'2016-05-20 14:06:29',''),(755,2,758,'2016-05-24 12:19:56',''),(758,2,761,'2016-05-26 12:07:00',''),(761,2,764,'2016-05-27 10:34:18',''),(764,2,767,'2016-06-01 09:52:56',''),(767,2,770,'2016-06-03 09:53:38',''),(770,2,773,'2016-06-03 13:48:27',''),(773,2,776,'2016-06-03 15:32:33',''),(776,2,779,'2016-06-07 11:35:08',''),(779,2,782,'2016-06-07 11:37:15',''),(782,2,785,'2016-06-07 12:07:06',''),(785,2,788,'2016-06-13 13:12:53',''),(787,2,793,'2016-06-13 17:29:58',''),(790,2,796,'2016-06-13 20:12:50',''),(791,2,797,'2016-06-14 09:00:12',''),(793,2,799,'2016-06-15 12:55:38',''),(794,2,800,'2016-06-16 08:58:14',''),(797,2,803,'2016-06-17 15:46:02',''),(800,2,806,'2016-06-21 14:18:46',''),(803,2,809,'2016-06-21 15:36:41',''),(806,2,812,'2016-06-21 16:03:33',''),(809,2,815,'2016-06-22 14:03:08',''),(812,2,818,'2016-06-28 12:02:55',''),(815,2,821,'2016-06-28 12:03:50',''),(818,2,824,'2016-07-08 11:34:02',''),(820,2,826,'2016-07-12 09:17:52',''),(821,2,827,'2016-07-14 08:47:11',''),(824,2,830,'2016-07-14 12:32:57',''),(826,2,832,'2016-07-18 18:13:48',''),(827,2,833,'2016-07-19 11:17:21',''),(830,2,836,'2016-07-19 11:31:25',''),(834,2,840,'2016-08-01 09:47:00',''),(837,2,846,'2016-08-01 16:34:20',''),(840,2,852,'2016-08-09 14:31:07',''),(843,2,855,'2016-08-09 14:31:52',''),(846,2,858,'2016-08-09 14:43:48',''),(849,2,861,'2016-08-09 14:44:39',''),(852,2,864,'2016-08-11 15:18:56',''),(855,2,867,'2016-08-11 15:27:07',''),(858,2,870,'2016-08-15 11:09:23',''),(861,2,873,'2016-08-16 13:53:55',''),(863,2,875,'2016-08-18 13:43:52',''),(867,2,879,'2016-08-25 13:47:44',''),(873,2,882,'2016-08-26 12:35:15',''),(879,2,885,'2016-08-30 09:32:36',''),(885,2,891,'2016-09-07 09:13:19',''),(891,2,894,'2016-09-07 15:17:15',''),(897,2,897,'2016-09-08 10:49:43',''),(899,2,899,'2016-09-09 12:01:54',''),(902,2,902,'2016-09-09 15:37:24',''),(905,2,905,'2016-09-12 15:54:52',''),(918,2,918,'2016-09-14 17:01:54',''),(921,2,921,'2016-09-14 17:10:30',''),(924,2,924,'2016-09-16 11:35:14',''),(927,2,927,'2016-09-16 11:37:56',''),(930,2,930,'2016-09-16 11:38:35',''),(933,2,933,'2016-09-16 12:12:38',''),(936,2,936,'2016-09-16 12:16:39',''),(939,2,939,'2016-09-16 12:17:24',''),(942,2,942,'2016-09-16 12:17:53',''),(945,2,945,'2016-09-16 12:18:26',''),(948,2,948,'2016-09-16 12:29:37',''),(951,2,951,'2016-09-16 12:36:42',''),(953,2,953,'2016-09-19 10:14:03',''),(956,2,956,'2016-09-19 10:30:45',''),(962,2,959,'2016-09-20 16:13:56',''),(968,2,962,'2016-09-22 17:12:47',''),(974,2,965,'2016-09-23 15:59:41',''),(980,2,968,'2016-09-26 11:09:06',''),(986,2,971,'2016-09-27 16:04:01',''),(992,2,974,'2016-09-29 16:01:26',''),(998,2,980,'2016-10-05 15:31:26',''),(1004,2,986,'2016-10-11 14:20:53',''),(1007,2,989,'2016-10-11 14:22:03',''),(1010,2,992,'2016-10-11 14:25:32',''),(1016,2,998,'2016-10-13 10:28:13',''),(1022,2,1004,'2016-10-20 08:44:37',''),(1028,2,1010,'2016-10-24 11:48:56',''),(1034,2,1016,'2016-10-25 14:01:05',''),(1040,2,1019,'2016-10-26 11:42:01',''),(1043,2,1022,'2016-10-26 13:27:18',''),(1049,2,1028,'2016-10-28 11:39:51',''),(1052,2,1031,'2016-10-28 13:44:31',''),(1058,2,1037,'2016-11-10 09:08:34',''),(1061,2,1040,'2016-11-10 10:37:05',''),(1064,2,1043,'2016-11-10 10:37:41',''),(1070,2,1046,'2016-11-14 16:07:37',''),(1076,2,1049,'2016-11-16 11:23:03',''),(1080,2,1053,'2016-11-17 10:21:42',''),(1086,2,1056,'2016-11-30 11:21:36',''),(1092,2,1059,'2016-12-05 16:20:11',''),(1098,2,1062,'2016-12-09 08:58:02',''),(1104,2,1065,'2016-12-12 15:53:43',''),(1110,2,1068,'2016-12-14 15:23:49',''),(1113,2,1071,'2016-12-14 15:35:56',''),(1119,2,1074,'2016-12-19 13:19:41',''),(1125,2,1077,'2017-01-04 16:03:30',''),(1131,2,1080,'2017-01-06 16:21:54',''),(1134,2,1083,'2017-01-06 16:22:33',''),(1140,2,1086,'2017-01-10 13:42:37',''),(1146,2,1089,'2017-01-12 14:47:38',''),(1152,2,1092,'2017-01-19 11:21:34',''),(1155,2,1095,'2017-01-19 11:23:16',''),(1161,2,1098,'2017-01-23 17:04:32',''),(1167,2,1101,'2017-01-24 17:07:36',''),(1170,2,1104,'2017-01-24 17:08:57',''),(1173,2,1107,'2017-01-24 17:09:33',''),(1179,2,1110,'2017-01-25 15:50:20',''),(1182,2,1113,'2017-01-25 15:54:58',''),(1188,2,1119,'2017-01-30 17:31:57',''),(1191,2,1122,'2017-01-30 17:32:28',''),(1194,2,1125,'2017-01-30 17:35:59',''),(1200,2,1131,'2017-02-02 11:48:02',''),(1206,2,1137,'2017-02-02 14:22:16',''),(1212,2,1140,'2017-02-03 11:24:07',''),(1218,2,1146,'2017-02-06 09:34:29',''),(1224,2,1152,'2017-02-16 09:01:14',''),(1228,2,1156,'2017-02-17 15:43:11',''),(1234,2,1159,'2017-02-20 10:09:29',''),(1240,2,1165,'2017-02-21 15:41:58',''),(1246,2,1168,'2017-02-22 14:34:01',''),(1252,2,1171,'2017-02-23 14:53:29',''),(1258,2,1177,'2017-03-01 16:37:49',''),(1264,2,1180,'2017-03-02 11:25:55',''),(1270,2,1183,'2017-03-03 12:07:49',''),(1272,2,1185,'2017-03-16 10:26:23',''),(1275,2,1188,'2017-03-30 10:49:51',''),(1281,2,1194,'2017-04-03 15:37:40',''),(1287,2,1200,'2017-04-05 13:52:01',''),(1290,2,1203,'2017-04-05 13:53:02',''),(1293,2,1206,'2017-04-05 13:55:05',''),(1299,2,1212,'2017-04-06 11:22:58',''),(1305,2,1218,'2017-04-18 16:25:21',''),(1311,2,1224,'2017-04-19 11:23:43',''),(1317,2,1230,'2017-04-20 14:12:32',''),(1323,2,1236,'2017-04-24 16:13:47',''),(1329,2,1239,'2017-04-25 10:34:17',''),(1335,2,1245,'2017-04-28 11:08:30',''),(1341,2,1248,'2017-04-28 15:02:30',''),(1344,2,1254,'2017-04-28 16:01:53',''),(1350,2,1260,'2017-05-05 10:15:58',''),(1356,2,1266,'2017-05-08 11:04:00',''),(1362,2,1272,'2017-05-08 15:48:27',''),(1368,2,1278,'2017-05-11 11:22:49',''),(1374,2,1284,'2017-05-12 13:03:07',''),(1377,2,1287,'2017-05-12 15:09:48',''),(1380,2,1293,'2017-05-12 16:21:35',''),(1386,2,1299,'2017-05-15 09:13:47',''),(1392,2,1305,'2017-05-15 15:32:49',''),(1398,2,1311,'2017-05-16 11:11:51',''),(1401,2,1314,'2017-05-16 11:51:51',''),(1404,2,1317,'2017-05-16 11:57:36',''),(1407,2,1320,'2017-05-16 11:58:09',''),(1413,2,1323,'2017-05-17 08:47:58',''),(1419,2,1329,'2017-05-17 13:18:25',''),(1421,2,1331,'2017-05-17 14:50:29',''),(1425,2,1335,'2017-05-19 11:46:49',''),(1428,2,1338,'2017-05-19 11:47:17',''),(1434,2,1344,'2017-05-19 14:14:15',''),(1437,2,1347,'2017-05-19 14:14:50',''),(1439,2,1349,'2017-05-23 09:06:14',''),(1442,2,1355,'2017-05-30 12:36:59',''),(1445,2,1358,'2017-06-02 13:00:20',''),(1448,2,1361,'2017-06-02 16:19:44',''),(1451,2,1364,'2017-06-02 16:20:11',''),(1454,2,1367,'2017-06-07 13:32:19',''),(1457,2,1370,'2017-06-08 10:23:42',''),(1460,2,1373,'2017-06-08 11:30:07',''),(1463,2,1376,'2017-06-08 15:01:34',''),(1466,2,1379,'2017-06-09 11:01:06',''),(1469,2,1382,'2017-06-09 11:48:24',''),(1472,2,1385,'2017-06-13 09:18:08',''),(1475,2,1388,'2017-06-13 09:19:46',''),(1478,2,1391,'2017-06-13 09:20:55',''),(1481,2,1394,'2017-06-13 09:44:11',''),(1484,2,1400,'2017-06-20 16:24:43',''),(1487,2,1403,'2017-06-21 09:36:05',''),(1490,2,1409,'2017-06-23 12:05:28',''),(1493,2,1415,'2017-06-23 16:22:57',''),(1496,2,1418,'2017-06-23 16:27:40',''),(1499,2,1424,'2017-06-28 12:16:55',''),(1502,2,1427,'2017-06-30 15:41:16',''),(1505,2,1430,'2017-06-30 15:42:26',''),(1508,2,1433,'2017-06-30 15:42:54',''),(1511,2,1436,'2017-07-06 11:14:46',''),(1514,2,1439,'2017-07-07 17:22:36',''),(1517,2,1445,'2017-07-10 12:35:44',''),(1520,2,1448,'2017-07-11 15:52:36',''),(1523,2,1451,'2017-07-14 13:36:32',''),(1526,2,1454,'2017-07-14 16:21:42',''),(1529,2,1457,'2017-07-18 11:10:59',''),(1532,2,1460,'2017-07-18 12:06:02',''),(1535,2,1463,'2017-07-19 09:34:40',''),(1538,2,1466,'2017-07-21 11:32:24',''),(1541,2,1469,'2017-07-21 15:04:35',''),(1544,2,1472,'2017-07-24 11:52:48',''),(1547,2,1475,'2017-07-24 16:44:58',''),(1550,2,1478,'2017-07-25 09:19:40',''),(1553,2,1481,'2017-07-25 09:20:08',''),(1556,2,1484,'2017-07-25 09:32:12',''),(1559,2,1487,'2017-07-25 16:42:28',''),(1562,2,1490,'2017-07-26 12:11:49',''),(1565,2,1493,'2017-07-27 13:12:15',''),(1568,2,1496,'2017-07-28 15:34:30',''),(1571,2,1499,'2017-07-28 15:37:02',''),(1574,2,1502,'2017-07-28 15:37:33',''),(1577,2,1505,'2017-07-31 08:53:46',''),(1580,2,1511,'2017-08-01 08:37:02',''),(1583,2,1514,'2017-08-04 12:10:45',''),(1586,2,1517,'2017-08-09 10:23:30',''),(1589,2,1520,'2017-08-09 10:24:01',''),(1592,2,1523,'2017-08-09 13:44:53',''),(1595,2,1526,'2017-08-10 11:11:38',''),(1598,2,1529,'2017-08-10 13:00:14',''),(1601,2,1532,'2017-08-11 15:57:51',''),(1604,2,1535,'2017-08-14 14:26:53',''),(1607,2,1538,'2017-08-15 12:34:37',''),(1610,2,1541,'2017-08-16 16:31:32',''),(1613,2,1544,'2017-08-16 16:32:26',''),(1615,2,1546,'2017-08-17 10:31:47',''),(1618,2,1552,'2017-08-17 13:23:31',''),(1624,2,1558,'2017-08-23 12:54:44',''),(1630,2,1561,'2017-08-29 08:45:33',''),(1633,2,1564,'2017-08-29 13:57:35',''),(1639,2,1570,'2017-09-01 11:02:41',''),(1645,2,1576,'2017-09-07 11:42:18',''),(1651,2,1582,'2017-09-12 08:51:47',''),(1657,2,1588,'2017-09-14 16:30:03',''),(1663,2,1594,'2017-09-21 09:13:41',''),(1669,2,1597,'2017-09-22 09:02:23',''),(1675,2,1603,'2017-09-29 10:49:47',''),(1681,2,1609,'2017-10-09 11:02:53',''),(1687,2,1612,'2017-10-12 12:33:59',''),(1693,2,1618,'2017-10-17 08:57:47',''),(1696,2,1624,'2017-10-17 11:59:54',''),(1702,2,1630,'2017-10-19 11:29:09',''),(1708,2,1636,'2017-10-23 13:28:16',''),(1714,2,1642,'2017-10-25 08:45:25',''),(1720,2,1648,'2017-10-25 12:02:00',''),(1726,2,1654,'2017-10-26 15:11:20',''),(1729,2,1657,'2017-10-26 15:12:12',''),(1735,2,1663,'2017-11-03 11:39:05',''),(1741,2,1669,'2017-11-06 09:46:00',''),(1747,2,1675,'2017-11-06 16:16:24',''),(1753,2,1681,'2017-11-07 14:11:57',''),(1759,2,1687,'2017-11-08 10:34:05',''),(1765,2,1693,'2017-11-09 08:43:34',''),(1768,2,1699,'2017-11-09 09:55:19',''),(1771,2,1702,'2017-11-09 11:24:45',''),(1774,2,1708,'2017-11-09 15:37:10',''),(1780,2,1714,'2017-11-13 14:53:21',''),(1786,2,1717,'2017-11-14 11:44:54',''),(1789,2,1720,'2017-11-14 11:45:19',''),(1795,2,1726,'2017-11-15 09:01:24',''),(1797,2,1728,'2017-11-15 15:56:40',''),(1803,2,1734,'2017-11-20 10:01:39',''),(1809,2,1740,'2017-11-21 14:09:22',''),(1815,2,1746,'2017-11-22 09:11:26',''),(1818,2,1749,'2017-11-22 09:12:58',''),(1821,2,1752,'2017-11-22 09:15:54',''),(1827,2,1758,'2017-11-27 09:56:00',''),(1829,2,1760,'2017-11-28 09:45:46',''),(1832,2,1766,'2017-12-04 16:25:58',''),(1835,2,1769,'2017-12-04 16:27:38',''),(1838,2,1775,'2017-12-06 11:57:23',''),(1841,2,1781,'2017-12-11 10:42:16',''),(1844,2,1787,'2018-01-08 08:55:38',''),(1847,2,1790,'2018-01-09 08:40:40',''),(1850,2,1793,'2018-01-11 08:37:31',''),(1853,2,1796,'2018-01-24 14:20:14',''),(1856,2,1802,'2018-01-25 16:22:23',''),(1859,2,1805,'2018-01-29 16:52:05',''),(1862,2,1808,'2018-01-29 16:52:44',''),(1865,2,1811,'2018-01-29 17:21:28',''),(1868,2,1814,'2018-01-29 17:22:28',''),(1871,2,1820,'2018-01-30 08:53:14',''),(1875,2,1824,'2018-02-01 15:40:21',''),(1881,2,1830,'2018-02-06 16:22:14',''),(1887,2,1836,'2018-02-08 16:43:00',''),(1893,2,1842,'2018-02-12 16:50:50',''),(1896,2,1845,'2018-02-12 16:51:15',''),(1902,2,1851,'2018-02-13 11:44:39',''),(1908,2,1857,'2018-02-14 10:57:56',''),(1914,2,1863,'2018-02-16 09:51:29',''),(1920,2,1869,'2018-02-19 09:10:23',''),(1922,2,1871,'2018-02-26 09:25:34',''),(1925,2,1877,'2018-03-01 10:11:04',''),(1928,2,1880,'2018-03-01 10:30:27',''),(1931,2,1886,'2018-03-01 14:42:38',''),(1934,2,1889,'2018-03-02 11:38:34',''),(1937,2,1895,'2018-03-05 10:19:09',''),(1940,2,1898,'2018-03-06 11:48:32',''),(1943,2,1904,'2018-03-07 15:06:32',''),(1946,2,1910,'2018-03-08 16:26:46',''),(1949,2,1913,'2018-03-15 08:51:41',''),(1952,2,1919,'2018-03-20 12:21:57',''),(1955,2,1922,'2018-03-22 10:10:27',''),(1958,2,1925,'2018-03-27 09:35:32',''),(1961,2,1928,'2018-03-28 15:35:14',''),(1964,2,1931,'2018-03-28 15:35:49',''),(1967,2,1934,'2018-03-28 16:09:47',''),(1970,2,1937,'2018-04-05 12:53:59',''),(1973,2,1940,'2018-04-09 12:37:27',''),(1976,2,1943,'2018-04-12 15:12:55',''),(1979,2,1949,'2018-04-18 10:43:05',''),(1982,2,1955,'2018-04-19 15:07:23',''),(1985,2,1958,'2018-04-23 10:07:51',''),(1988,2,1961,'2018-04-23 15:22:32',''),(1991,2,1964,'2018-04-24 15:45:07',''),(1994,2,1967,'2018-04-27 10:05:17',''),(1997,2,1970,'2018-04-30 10:17:25',''),(2000,2,1973,'2018-04-30 10:17:58',''),(2003,2,1976,'2018-04-30 11:31:42',''),(2006,2,1979,'2018-05-04 14:07:06',''),(2009,2,1982,'2018-05-04 15:11:15',''),(2012,2,1988,'2018-05-08 09:07:36',''),(2015,2,1991,'2018-05-08 10:52:20',''),(2018,2,1994,'2018-05-10 13:46:47',''),(2021,2,1997,'2018-05-14 09:03:47',''),(2024,2,2000,'2018-05-15 10:10:07',''),(2027,2,2003,'2018-05-15 15:58:37',''),(2030,2,2006,'2018-05-16 08:55:32',''),(2034,2,2010,'2018-05-17 10:59:45',''),(2037,2,2013,'2018-05-17 11:01:53',''),(2040,2,2016,'2018-05-17 11:04:28',''),(2043,2,2019,'2018-05-17 11:09:37',''),(2049,2,2025,'2018-05-18 14:39:03',''),(2055,2,2031,'2018-05-21 09:58:04',''),(2061,2,2037,'2018-05-21 13:44:54',''),(2067,2,2043,'2018-05-23 12:31:01',''),(2073,2,2049,'2018-05-29 14:07:58',''),(2079,2,2055,'2018-05-30 16:34:38',''),(2082,2,2058,'2018-05-30 16:35:06',''),(2085,2,2061,'2018-05-30 16:35:34',''),(2088,2,2064,'2018-05-30 16:36:01',''),(2094,2,2070,'2018-06-01 11:21:55',''),(2100,2,2076,'2018-06-04 12:18:44',''),(2106,2,2082,'2018-06-07 10:02:25',''),(2112,2,2088,'2018-06-07 14:34:03',''),(2118,2,2094,'2018-06-08 09:28:52',''),(2121,2,2097,'2018-06-08 09:30:27',''),(2127,2,2103,'2018-06-11 12:21:04',''),(2133,2,2109,'2018-06-12 10:15:13',''),(2139,2,2115,'2018-06-12 13:03:10',''),(2145,2,2121,'2018-06-13 15:55:30','');
/*!40000 ALTER TABLE `aup_acc_record` ENABLE KEYS */;
UNLOCK TABLES;

--
-- Table structure for table `aup_version`
--

DROP TABLE IF EXISTS `aup_version`;
/*!40101 SET @saved_cs_client     = @@character_set_client */;
/*!40101 SET character_set_client = utf8 */;
CREATE TABLE `aup_version` (
  `id` bigint(20) NOT NULL AUTO_INCREMENT,
  `aup_id` bigint(20) NOT NULL,
  `version` varchar(255) NOT NULL,
  `url` varchar(255) DEFAULT NULL,
  `text` varchar(255) DEFAULT NULL,
  `creationTime` datetime NOT NULL,
  `lastForcedReacceptanceTime` datetime DEFAULT NULL,
  `active` bit(1) NOT NULL,
  PRIMARY KEY (`id`),
  UNIQUE KEY `aup_id` (`aup_id`,`version`),
  KEY `fk_aup_version_aup` (`aup_id`)
) ENGINE=InnoDB AUTO_INCREMENT=3 DEFAULT CHARSET=latin1;
/*!40101 SET character_set_client = @saved_cs_client */;

--
-- Dumping data for table `aup_version`
--

LOCK TABLES `aup_version` WRITE;
/*!40000 ALTER TABLE `aup_version` DISABLE KEYS */;
INSERT INTO `aup_version` VALUES (2,2,'1.0','file:/etc/voms-admin/dune/vo-aup.txt',NULL,'2015-07-24 12:29:44',NULL,'');
/*!40000 ALTER TABLE `aup_version` ENABLE KEYS */;
UNLOCK TABLES;

--
-- Table structure for table `ca`
--

DROP TABLE IF EXISTS `ca`;
/*!40101 SET @saved_cs_client     = @@character_set_client */;
/*!40101 SET character_set_client = utf8 */;
CREATE TABLE `ca` (
  `cid` smallint(6) NOT NULL AUTO_INCREMENT,
  `subject_string` varchar(255) NOT NULL,
  `description` varchar(255) DEFAULT NULL,
  `creation_time` datetime NOT NULL,
  PRIMARY KEY (`cid`),
  UNIQUE KEY `subject_string` (`subject_string`)
) ENGINE=InnoDB AUTO_INCREMENT=1158 DEFAULT CHARSET=latin1;
/*!40101 SET character_set_client = @saved_cs_client */;

--
-- Dumping data for table `ca`
--

LOCK TABLES `ca` WRITE;
/*!40000 ALTER TABLE `ca` DISABLE KEYS */;
INSERT INTO `ca` VALUES (2,'/C=CL/O=REUNACA/CN=REUNA Certification Authority',NULL,'2015-07-24 12:29:43'),(12,'/DC=RO/DC=RomanianGRID/O=ROSA/OU=Certification Authority/CN=RomanianGRID CA',NULL,'2015-07-24 12:29:43'),(22,'/C=PL/O=GRID/CN=Polish Grid CA',NULL,'2015-07-24 12:29:43'),(32,'/C=GR/O=HellasGrid/OU=Certification Authorities/CN=HellasGrid CA 2006',NULL,'2015-07-24 12:29:43'),(42,'/C=US/ST=UT/L=Salt Lake City/O=The USERTRUST Network/OU=http://www.usertrust.com/CN=UTN-USERFirst-Client Authentication and Email',NULL,'2015-07-24 12:29:43'),(52,'/DC=MD/DC=MD-Grid/O=RENAM/OU=Certification Authority/CN=MD-Grid CA',NULL,'2015-07-24 12:29:43'),(62,'/C=FR/O=CNRS/CN=GRID2-FR',NULL,'2015-07-24 12:29:43'),(72,'/C=TH/O=NECTEC/OU=GOC/CN=NECTEC GOC CA',NULL,'2015-07-24 12:29:43'),(82,'/DC=HK/DC=HKU/DC=GRID/CN=HKU Grid CA',NULL,'2015-07-24 12:29:43'),(92,'/DC=GE/DC=TSU/CN=TSU Root CA',NULL,'2015-07-24 12:29:43'),(102,'/C=JP/O=National Research Grid Initiative/OU=CGRD/CN=NAREGI CA',NULL,'2015-07-24 12:29:43'),(112,'/DC=me/DC=ac/DC=MREN/CN=MREN-CA',NULL,'2015-07-24 12:29:43'),(122,'/C=CN/O=HEP/CN=Institute of High Energy Physics Certification Authority',NULL,'2015-07-24 12:29:43'),(132,'/C=RS/O=AEGIS/CN=AEGIS-CA',NULL,'2015-07-24 12:29:43'),(142,'/C=CY/O=CyGrid/O=HPCL/CN=CyGridCA',NULL,'2015-07-24 12:29:43'),(152,'/DC=net/DC=ES/OU=Certificate Authorities/CN=NERSC Online CA',NULL,'2015-07-24 12:29:43'),(162,'/C=PK/O=NCP/CN=PK-GRID-CA',NULL,'2015-07-24 12:29:43'),(172,'/C=NL/O=TERENA/CN=TERENA eScience Personal CA',NULL,'2015-07-24 12:29:43'),(182,'/DC=bg/DC=acad/CN=BG.ACAD CA',NULL,'2015-07-24 12:29:43'),(192,'/DC=com/DC=DigiCert-Grid/O=DigiCert Grid/CN=DigiCert Grid CA-1',NULL,'2015-07-24 12:29:43'),(202,'/DC=es/DC=irisgrid/CN=IRISGridCA',NULL,'2015-07-24 12:29:43'),(212,'/C=MX/O=UNAMgrid/OU=UNAM/CN=CA',NULL,'2015-07-24 12:29:43'),(222,'/C=US/O=National Center for Supercomputing Applications/OU=Certificate Authorities/CN=Two Factor CA 2013',NULL,'2015-07-24 12:29:43'),(232,'/C=BE/OU=BEGRID/O=BELNET/CN=BEgrid CA',NULL,'2015-07-24 12:29:43'),(242,'/C=MK/O=MARGI/CN=MARGI-CA',NULL,'2015-07-24 12:29:43'),(252,'/C=NL/ST=Noord-Holland/L=Amsterdam/O=TERENA/CN=TERENA eScience SSL CA 2',NULL,'2015-07-24 12:29:43'),(262,'/C=RU/O=RDIG/CN=Russian Data-Intensive Grid CA',NULL,'2015-07-24 12:29:43'),(272,'/C=BR/O=ANSP/OU=ANSPGrid CA/CN=ANSPGrid CA',NULL,'2015-07-24 12:29:43'),(282,'/DC=ORG/DC=SEE-GRID/CN=SEE-GRID CA 2013',NULL,'2015-07-24 12:29:43'),(292,'/C=JP/O=KEK/OU=CRC/CN=KEK GRID Certificate Authority',NULL,'2015-07-24 12:29:43'),(302,'/DC=MY/DC=UPM/DC=MYIFAM/C=MY/O=MYIFAM/CN=Malaysian Identity Federation and Access Management',NULL,'2015-07-24 12:29:43'),(312,'/C=DE/O=GermanGrid/CN=GridKa-CA',NULL,'2015-07-24 12:29:43'),(322,'/C=IT/O=INFN/CN=INFN CA',NULL,'2015-07-24 12:29:43'),(332,'/DC=org/DC=cilogon/C=US/O=CILogon/CN=CILogon Basic CA 1',NULL,'2015-07-24 12:29:43'),(342,'/C=US/O=DigiCert Grid/OU=www.digicert.com/CN=DigiCert Grid Trust CA G2',NULL,'2015-07-24 12:29:43'),(352,'/DC=CN/DC=Grid/DC=SDG/CN=Scientific Data Grid CA',NULL,'2015-07-24 12:29:43'),(362,'/C=CO/O=Uniandes CA/O=UNIANDES/OU=DTI/CN=Uniandes CA',NULL,'2015-07-24 12:29:43'),(372,'/C=US/ST=New Jersey/L=Jersey City/O=The USERTRUST Network/CN=USERTrust RSA Certification Authority',NULL,'2015-07-24 12:29:43'),(382,'/C=GB/ST=Greater Manchester/L=Salford/O=COMODO CA Limited/CN=COMODO RSA Certification Authority',NULL,'2015-07-24 12:29:43'),(392,'/C=HR/O=edu/OU=srce/CN=SRCE CA',NULL,'2015-07-24 12:29:43'),(402,'/C=SY/O=HIAST/CN=HIAST GRID CA',NULL,'2015-07-24 12:29:43'),(412,'/DC=org/DC=ugrid/CN=UGRID CA',NULL,'2015-07-24 12:29:43'),(422,'/C=BM/O=QuoVadis Limited/OU=Issuing Certification Authority/CN=QuoVadis Grid ICA',NULL,'2015-07-24 12:29:43'),(432,'/C=FR/O=CNRS/CN=CNRS2-Projets',NULL,'2015-07-24 12:29:43'),(442,'/DC=cz/DC=cesnet-ca/O=CESNET CA/CN=CESNET CA 3',NULL,'2015-07-24 12:29:43'),(452,'/C=JP/O=NII/OU=HPCI/CN=HPCI CA',NULL,'2015-07-24 12:29:43'),(462,'/C=SE/O=AddTrust AB/OU=AddTrust External TTP Network/CN=AddTrust External CA Root',NULL,'2015-07-24 12:29:43'),(472,'/DC=ch/DC=cern/CN=CERN Trusted Certification Authority',NULL,'2015-07-24 12:29:43'),(482,'/DC=TW/DC=ORG/DC=NCHC/CN=NCHC CA',NULL,'2015-07-24 12:29:43'),(492,'/C=EG/O=EG-GRID/CN=EG-GRID Certification Authority',NULL,'2015-07-24 12:29:43'),(502,'/C=PT/O=LIPCA/CN=LIP Certification Authority',NULL,'2015-07-24 12:29:43'),(512,'/DC=cz/DC=cesnet-ca/O=CESNET CA/CN=CESNET CA Root',NULL,'2015-07-24 12:29:43'),(522,'/C=IR/O=IPM/O=IRAN-GRID/CN=IRAN-GRID CA',NULL,'2015-07-24 12:29:43'),(532,'/C=HU/O=NIIF/OU=Certificate Authorities/CN=NIIF Root CA',NULL,'2015-07-24 12:29:43'),(542,'/C=UK/O=eScienceCA/OU=Authority/CN=UK e-Science CA 2B',NULL,'2015-07-24 12:29:43'),(552,'/DC=LV/DC=latgrid/CN=Certification Authority for Latvian Grid',NULL,'2015-07-24 12:29:43'),(562,'/DC=DZ/DC=ARN/O=DZ e-Science GRID/CN=DZ e-Science CA',NULL,'2015-07-24 12:29:43'),(572,'/C=DE/O=DFN-Verein/OU=DFN-PKI/CN=DFN SLCS-CA',NULL,'2015-07-24 12:29:43'),(582,'/DC=gov/DC=fnal/O=Fermilab/OU=Certificate Authorities/CN=Kerberized CA HSM',NULL,'2015-07-24 12:29:43'),(592,'/C=NL/O=TERENA/CN=TERENA eScience SSL CA',NULL,'2015-07-24 12:29:43'),(602,'/C=US/O=National Center for Supercomputing Applications/OU=Certificate Authorities/CN=MyProxy',NULL,'2015-07-24 12:29:43'),(612,'/C=UK/O=eScienceRoot/OU=Authority/CN=UK e-Science Root',NULL,'2015-07-24 12:29:43'),(622,'/C=FR/O=CNRS/CN=CNRS2',NULL,'2015-07-24 12:29:43'),(632,'/DC=org/DC=cilogon/C=US/O=CILogon/CN=CILogon Silver CA 1',NULL,'2015-07-24 12:29:43'),(642,'/C=KR/O=KISTI/O=GRID/CN=KISTI Grid Certificate Authority',NULL,'2015-07-24 12:29:43'),(652,'/C=AR/O=e-Ciencia/OU=UNLP/L=CeSPI/CN=PKIGrid',NULL,'2015-07-24 12:29:43'),(662,'/C=BM/O=QuoVadis Limited/OU=Root Certification Authority/CN=QuoVadis Root Certification Authority',NULL,'2015-07-24 12:29:43'),(672,'/O=Grid/OU=GlobusTest/OU=simpleCA-mgt6-mgmt.ether.alcf.anl.gov/CN=Globus Simple CA',NULL,'2015-07-24 12:29:43'),(682,'/C=US/ST=UT/L=Salt Lake City/O=The USERTRUST Network/OU=http://www.usertrust.com/CN=UTN-USERFirst-Hardware',NULL,'2015-07-24 12:29:43'),(692,'/DC=EDU/DC=TENNESSEE/DC=NICS/O=National Institute for Computational Sciences/CN=MyProxy',NULL,'2015-07-24 12:29:43'),(702,'/C=US/O=Pittsburgh Supercomputing Center/CN=PSC MyProxy CA',NULL,'2015-07-24 12:29:43'),(712,'/DC=com/DC=DigiCert-Grid/O=DigiCert Grid/CN=DigiCert Grid Root CA',NULL,'2015-07-24 12:29:43'),(722,'/C=DE/O=DFN-Verein/OU=DFN-PKI/CN=DFN-Verein PCA Grid - G01',NULL,'2015-07-24 12:29:43'),(732,'/C=GR/O=HellasGrid/OU=Certification Authorities/CN=HellasGrid Root CA 2006',NULL,'2015-07-24 12:29:43'),(742,'/DC=CN/DC=Grid/CN=Root Certificate Authority at CNIC',NULL,'2015-07-24 12:29:43'),(752,'/C=UK/O=eScienceCA/OU=Authority/CN=UK e-Science CA 2A',NULL,'2015-07-24 12:29:43'),(762,'/O=Grid/O=NorduGrid/CN=NorduGrid Certification Authority',NULL,'2015-07-24 12:29:43'),(772,'/C=MA/O=MaGrid/CN=MaGrid CA',NULL,'2015-07-24 12:29:43'),(782,'/C=SK/O=SlovakGrid/CN=SlovakGrid CA',NULL,'2015-07-24 12:29:43'),(792,'/DC=ch/DC=cern/CN=CERN Grid Certification Authority',NULL,'2015-07-24 12:29:43'),(802,'/DC=by/DC=grid/O=uiip.bas-net.by/CN=Belarusian Grid Certification Authority',NULL,'2015-07-24 12:29:44'),(812,'/C=US/O=DigiCert Grid/OU=www.digicert.com/CN=DigiCert Grid Trust CA',NULL,'2015-07-24 12:29:44'),(822,'/C=AT/O=AustrianGrid/OU=Certification Authority/CN=Certificate Issuer',NULL,'2015-07-24 12:29:44'),(832,'/C=US/O=Internet2/OU=InCommon/CN=InCommon IGTF Server CA',NULL,'2015-07-24 12:29:44'),(842,'/C=US/O=National Center for Supercomputing Applications/OU=Certificate Authorities/CN=MyProxy CA 2013',NULL,'2015-07-24 12:29:44'),(852,'/C=GB/ST=Greater Manchester/L=Salford/O=Comodo CA Limited/CN=AAA Certificate Services',NULL,'2015-07-24 12:29:44'),(862,'/C=VE/O=Grid/O=Universidad de Los Andes/OU=CeCalCULA/CN=ULAGrid Certification Authority',NULL,'2015-07-24 12:29:44'),(872,'/DC=DigiCert-Grid/DC=com/O=DigiCert Grid/CN=DigiCert Grid CA-1 G2',NULL,'2015-07-24 12:29:44'),(882,'/C=US/O=National Center for Supercomputing Applications/OU=Certificate Authorities/CN=CACL',NULL,'2015-07-24 12:29:44'),(892,'/C=AM/O=ArmeSFo/CN=ArmeSFo CA',NULL,'2015-07-24 12:29:44'),(902,'/C=BR/O=ICPEDU/O=UFF BrGrid CA/CN=UFF Brazilian Grid Certification Authority',NULL,'2015-07-24 12:29:44'),(912,'/C=CA/O=Grid/CN=Grid Canada Certificate Authority',NULL,'2015-07-24 12:29:44'),(922,'/C=NL/O=NIKHEF/CN=NIKHEF medium-security certification auth',NULL,'2015-07-24 12:29:44'),(932,'/DC=org/DC=balticgrid/CN=Baltic Grid Certification Authority',NULL,'2015-07-24 12:29:44'),(942,'/C=US/O=DigiCert Inc/OU=www.digicert.com/CN=DigiCert Assured ID Root CA',NULL,'2015-07-24 12:29:44'),(952,'/C=TR/O=TRGrid/CN=TR-Grid CA',NULL,'2015-07-24 12:29:44'),(962,'/C=SI/O=SiGNET/CN=SiGNET CA',NULL,'2015-07-24 12:29:44'),(972,'/DC=IN/DC=GARUDAINDIA/CN=Indian Grid Certification Authority',NULL,'2015-07-24 12:29:44'),(982,'/DC=BR/DC=UFF/DC=IC/O=UFF LACGrid CA/CN=UFF Latin American and Caribbean Catch-all Grid CA',NULL,'2015-07-24 12:29:44'),(992,'/C=ch/O=CERN/CN=CERN Root Certification Authority 2',NULL,'2015-07-24 12:29:44'),(1002,'/C=TW/O=AS/CN=Academia Sinica Grid Computing Certification Authority Mercury',NULL,'2015-07-24 12:29:44'),(1012,'/C=NL/ST=Noord-Holland/L=Amsterdam/O=TERENA/CN=TERENA eScience Personal CA 2',NULL,'2015-07-24 12:29:44'),(1022,'/DC=ch/DC=cern/CN=CERN Root CA',NULL,'2015-07-24 12:29:44'),(1032,'/O=VOMS/O=System/CN=Dummy Certificate Authority','A dummy CA for local org.glite.security.voms.admin.persistence.error mainteneance','2015-07-24 12:29:44'),(1042,'/O=VOMS/O=System/CN=VOMS Group','A virtual CA for VOMS groups.','2015-07-24 12:29:44'),(1052,'/O=VOMS/O=System/CN=VOMS Role','A virtual CA for VOMS roles.','2015-07-24 12:29:44'),(1062,'/O=VOMS/O=System/CN=Authorization Manager Attributes','A virtual CA for authz manager attributes','2015-07-24 12:29:44'),(1063,'/C=NL/ST=Noord-Holland/L=Amsterdam/O=TERENA/CN=TERENA eScience Personal CA 3',NULL,'2015-11-02 13:23:25'),(1066,'/C=NL/ST=Noord-Holland/L=Amsterdam/O=TERENA/CN=TERENA eScience SSL CA 3',NULL,'2015-11-02 13:23:25'),(1069,'/DC=com/DC=DigiCert-Grid/O=DigiCert Grid/CN=DigiCert Grid CA-1 G2',NULL,'2015-11-02 13:23:26'),(1072,'/C=HU/O=NIIF/OU=Certificate Authorities/CN=NIIF Root CA 2',NULL,'2015-11-02 13:23:26'),(1074,'/C=IT/O=INFN/CN=INFN Certification Authority',NULL,'2015-11-10 13:23:25'),(1077,'/DC=org/DC=cilogon/C=US/O=CILogon/CN=CILogon OSG CA 1',NULL,'2015-11-10 13:23:26'),(1080,'/O=Grid/O=NorduGrid/CN=NorduGrid Certification Authority 2015',NULL,'2016-01-06 10:03:44'),(1082,'/DC=CN/DC=Grid/DC=SDG/CN=Scientific Data Grid CA - G2',NULL,'2016-03-16 14:48:04'),(1085,'/DC=ke/DC=kenet/O=Kenya Education Network Trust/OU=Research Services/CN=KENET CA',NULL,'2016-03-16 14:48:05'),(1088,'/DC=ke/DC=kenet/O=Kenya Education Network Trust/OU=Research Services/CN=KENET ROOT CA',NULL,'2016-03-16 14:48:05'),(1091,'/DC=ch/DC=cern/CN=CERN LCG IOTA Certification Authority',NULL,'2016-03-16 14:48:05'),(1094,'/C=GR/O=HellasGrid/OU=Certification Authorities/CN=HellasGrid CA 2016',NULL,'2016-06-15 08:51:48'),(1098,'/DC=eu/DC=rcauth/O=Certification Authorities/CN=Research and Collaboration Authentication Pilot G1 CA',NULL,'2016-08-09 22:52:17'),(1104,'/DC=nl/DC=dutchgrid/O=Certification Authorities/CN=DCA Root G1 CA',NULL,'2016-08-09 22:52:17'),(1106,'/C=BM/O=QuoVadis Limited/CN=QuoVadis Root CA 2',NULL,'2016-10-19 22:06:30'),(1109,'/C=BM/O=QuoVadis Limited/CN=QuoVadis Grid ICA G2',NULL,'2016-10-19 22:06:30'),(1111,'/C=IR/O=IPM/OU=GCG/CN=IRAN-GRID-G2 CA',NULL,'2017-02-02 13:45:06'),(1114,'/C=BM/O=QuoVadis Limited/CN=QuoVadis Root CA 2 G3',NULL,'2017-02-27 20:43:46'),(1117,'/C=AE/O=DarkMatter LLC/CN=DarkMatter Assured CA',NULL,'2017-02-27 20:43:46'),(1120,'/C=AE/O=DarkMatter LLC/CN=DarkMatter Secure CA',NULL,'2017-02-27 20:43:46'),(1123,'/C=BM/O=QuoVadis Limited/CN=QuoVadis Root CA 3 G3',NULL,'2017-02-27 20:43:46'),(1125,'/DC=org/DC=ugrid/CN=UGRID CA G2',NULL,'2017-04-11 05:37:44'),(1127,'/C=KR/O=KISTI/CN=KISTI Certification Authority',NULL,'2017-06-15 19:56:10'),(1129,'/C=AE/O=DarkMatter LLC/CN=DarkMatter IGTF CA',NULL,'2017-11-01 16:47:29'),(1132,'/C=AE/O=DarkMatter LLC/CN=DarkMatter Private Root CA G4',NULL,'2017-11-01 16:47:29'),(1134,'/C=MX/O=UNAM/OU=UNAMgrid/CN=PKIUNAMgrid',NULL,'2017-11-30 07:53:52'),(1137,'/C=FR/O=MENESR/OU=GRID-FR/CN=AC GRID-FR Personnels',NULL,'2018-04-05 17:02:33'),(1140,'/C=FR/O=MENESR/OU=GRID-FR/CN=AC GRID-FR Services',NULL,'2018-04-05 17:02:33'),(1143,'/C=FR/O=MENESR/OU=GRID-FR/CN=AC GRID-FR',NULL,'2018-04-05 17:02:33'),(1146,'/DC=IN/DC=GARUDAINDIA/CN=Indian Grid Certification Authority 2',NULL,'2018-04-05 17:02:33'),(1149,'/C=FR/O=MENESR/OU=GRID-FR/CN=AC GRID-FR Robots',NULL,'2018-04-05 17:02:33'),(1151,'/C=US/O=Internet Security Research Group/CN=ISRG Root X1',NULL,'2018-05-10 22:37:26'),(1154,'/C=US/O=Let\'s Encrypt/CN=Let\'s Encrypt Authority X3',NULL,'2018-05-10 22:37:26'),(1157,'/C=US/O=Let\'s Encrypt/CN=Let\'s Encrypt Authority X4',NULL,'2018-05-10 22:37:26');
/*!40000 ALTER TABLE `ca` ENABLE KEYS */;
UNLOCK TABLES;

--
-- Table structure for table `capabilities`
--

DROP TABLE IF EXISTS `capabilities`;
/*!40101 SET @saved_cs_client     = @@character_set_client */;
/*!40101 SET character_set_client = utf8 */;
CREATE TABLE `capabilities` (
  `cid` bigint(20) NOT NULL AUTO_INCREMENT,
  `capability` varchar(255) NOT NULL,
  PRIMARY KEY (`cid`)
) ENGINE=InnoDB DEFAULT CHARSET=latin1;
/*!40101 SET character_set_client = @saved_cs_client */;

--
-- Dumping data for table `capabilities`
--

LOCK TABLES `capabilities` WRITE;
/*!40000 ALTER TABLE `capabilities` DISABLE KEYS */;
/*!40000 ALTER TABLE `capabilities` ENABLE KEYS */;
UNLOCK TABLES;

--
-- Table structure for table `certificate`
--

DROP TABLE IF EXISTS `certificate`;
/*!40101 SET @saved_cs_client     = @@character_set_client */;
/*!40101 SET character_set_client = utf8 */;
CREATE TABLE `certificate` (
  `id` bigint(20) NOT NULL AUTO_INCREMENT,
  `creation_time` datetime NOT NULL,
  `subject_string` varchar(255) NOT NULL,
  `suspended` bit(1) NOT NULL,
  `suspended_reason` varchar(255) DEFAULT NULL,
  `suspension_reason_code` varchar(255) DEFAULT NULL,
  `ca_id` smallint(6) NOT NULL,
  `usr_id` bigint(20) NOT NULL,
  PRIMARY KEY (`id`),
  UNIQUE KEY `ca_id` (`ca_id`,`subject_string`),
  KEY `FK745F4197EE2D4487` (`usr_id`),
  KEY `FK745F419782107F70` (`ca_id`)
) ENGINE=InnoDB AUTO_INCREMENT=953271 DEFAULT CHARSET=latin1;
/*!40101 SET character_set_client = @saved_cs_client */;

--
-- Dumping data for table `certificate`
--

LOCK TABLES `certificate` WRITE;
/*!40000 ALTER TABLE `certificate` DISABLE KEYS */;
INSERT INTO `certificate` VALUES (12,'2015-07-24 15:25:50','/DC=gov/DC=fnal/O=Fermilab/OU=People/CN=Joe B. Boyd/CN=UID:boyd','\0',NULL,NULL,582,2),(22,'2015-07-24 15:25:50','/DC=gov/DC=fnal/O=Fermilab/OU=Robots/CN=fifegrid/CN=batch/CN=Joe B. Boyd/CN=UID:boyd','\0',NULL,NULL,582,2),(31,'2015-07-24 15:26:30','/DC=com/DC=DigiCert-Grid/O=Open Science Grid/OU=Services/CN=fcdfhead10.fnal.gov','\0',NULL,NULL,192,2),(32,'2015-07-24 15:32:59','/DC=gov/DC=fnal/O=Fermilab/OU=People/CN=Nicholas Peregonow/CN=UID:njp','\0',NULL,NULL,582,12),(42,'2015-07-24 15:33:00','/DC=gov/DC=fnal/O=Fermilab/OU=Robots/CN=fifegrid/CN=batch/CN=Nicholas Peregonow/CN=UID:njp','\0',NULL,NULL,582,12),(62,'2015-07-24 16:02:59','/DC=gov/DC=fnal/O=Fermilab/OU=People/CN=Steven C. Timm/CN=UID:timm','\0',NULL,NULL,582,22),(72,'2015-07-24 16:02:59','/DC=gov/DC=fnal/O=Fermilab/OU=Robots/CN=fifegrid/CN=batch/CN=Steven C. Timm/CN=UID:timm','\0',NULL,NULL,582,22),(82,'2015-07-24 16:03:22','/DC=gov/DC=fnal/O=Fermilab/OU=People/CN=Thomas R. Junk/CN=UID:trj','\0',NULL,NULL,582,32),(92,'2015-07-24 16:03:23','/DC=gov/DC=fnal/O=Fermilab/OU=Robots/CN=fifegrid/CN=batch/CN=Thomas R. Junk/CN=UID:trj','\0',NULL,NULL,582,32),(101,'2015-07-27 15:06:25','/DC=gov/DC=fnal/O=Fermilab/OU=People/CN=Thomas B. Wester/CN=UID:twester','\0',NULL,NULL,582,41),(111,'2015-07-27 15:06:25','/DC=gov/DC=fnal/O=Fermilab/OU=Robots/CN=fifegrid/CN=batch/CN=Thomas B. Wester/CN=UID:twester','\0',NULL,NULL,582,41),(112,'2015-07-27 15:12:28','/DC=gov/DC=fnal/O=Fermilab/OU=People/CN=Glenn Horton-smith/CN=UID:gahs','\0',NULL,NULL,582,42),(122,'2015-07-27 15:12:29','/DC=gov/DC=fnal/O=Fermilab/OU=Robots/CN=fifegrid/CN=batch/CN=Glenn Horton-smith/CN=UID:gahs','\0',NULL,NULL,582,42),(132,'2015-08-04 08:53:50','/DC=gov/DC=fnal/O=Fermilab/OU=People/CN=Alysia D. Marino/CN=UID:admarino','\0',NULL,NULL,582,52),(142,'2015-08-04 08:53:51','/DC=gov/DC=fnal/O=Fermilab/OU=Robots/CN=fifegrid/CN=batch/CN=Alysia D. Marino/CN=UID:admarino','\0',NULL,NULL,582,52),(152,'2015-08-04 11:36:28','/DC=gov/DC=fnal/O=Fermilab/OU=People/CN=Ernesto Kemp/CN=UID:ekemp','\0',NULL,NULL,582,62),(162,'2015-08-04 11:36:29','/DC=gov/DC=fnal/O=Fermilab/OU=Robots/CN=fifegrid/CN=batch/CN=Ernesto Kemp/CN=UID:ekemp','\0',NULL,NULL,582,62),(172,'2015-08-13 13:10:57','/DC=gov/DC=fnal/O=Fermilab/OU=People/CN=Yasuhiro Nakajima/CN=UID:nakajima','\0',NULL,NULL,582,72),(182,'2015-08-13 13:10:58','/DC=gov/DC=fnal/O=Fermilab/OU=Robots/CN=fifegrid/CN=batch/CN=Yasuhiro Nakajima/CN=UID:nakajima','\0',NULL,NULL,582,72),(192,'2015-08-14 12:49:08','/DC=gov/DC=fnal/O=Fermilab/OU=People/CN=Samuel J. Kohn/CN=UID:skohn','\0',NULL,NULL,582,82),(202,'2015-08-14 12:49:09','/DC=gov/DC=fnal/O=Fermilab/OU=Robots/CN=fifegrid/CN=batch/CN=Samuel J. Kohn/CN=UID:skohn','\0',NULL,NULL,582,82),(213,'2015-08-21 09:41:34','/DC=gov/DC=fnal/O=Fermilab/OU=People/CN=Branton M. Demoss/CN=UID:bdemoss','\0',NULL,NULL,582,84),(216,'2015-08-21 09:41:35','/DC=gov/DC=fnal/O=Fermilab/OU=Robots/CN=fifegrid/CN=batch/CN=Branton M. Demoss/CN=UID:bdemoss','\0',NULL,NULL,582,84),(219,'2015-08-24 13:21:48','/DC=gov/DC=fnal/O=Fermilab/OU=People/CN=Alex I. Himmel/CN=UID:ahimmel','\0',NULL,NULL,582,87),(222,'2015-08-24 13:23:32','/DC=gov/DC=fnal/O=Fermilab/OU=Robots/CN=fifegrid/CN=batch/CN=Alex I. Himmel/CN=UID:ahimmel','\0',NULL,NULL,582,87),(223,'2015-08-26 14:30:28','/DC=gov/DC=fnal/O=Fermilab/OU=People/CN=Elisabetta Pennacchio/CN=UID:epennacc','\0',NULL,NULL,582,88),(226,'2015-08-26 14:30:29','/DC=gov/DC=fnal/O=Fermilab/OU=Robots/CN=fifegrid/CN=batch/CN=Elisabetta Pennacchio/CN=UID:epennacc','\0',NULL,NULL,582,88),(232,'2015-08-27 09:39:22','/DC=gov/DC=fnal/O=Fermilab/OU=People/CN=Ian J. Broderick/CN=UID:ibroderi','\0',NULL,NULL,582,94),(235,'2015-08-27 09:39:23','/DC=gov/DC=fnal/O=Fermilab/OU=Robots/CN=fifegrid/CN=batch/CN=Ian J. Broderick/CN=UID:ibroderi','\0',NULL,NULL,582,94),(238,'2015-09-03 13:11:08','/DC=gov/DC=fnal/O=Fermilab/OU=People/CN=Vyacheslav Galymov/CN=UID:vgalymov','\0',NULL,NULL,582,97),(241,'2015-09-03 13:11:09','/DC=gov/DC=fnal/O=Fermilab/OU=Robots/CN=fifegrid/CN=batch/CN=Vyacheslav Galymov/CN=UID:vgalymov','\0',NULL,NULL,582,97),(244,'2015-09-03 15:31:26','/DC=gov/DC=fnal/O=Fermilab/OU=People/CN=Anne E. Heavey/CN=UID:aheavey','\0',NULL,NULL,582,100),(250,'2015-09-03 15:44:15','/DC=gov/DC=fnal/O=Fermilab/OU=People/CN=Mayly C. Sanchez/CN=UID:msanchez','\0',NULL,NULL,582,106),(253,'2015-09-03 15:44:16','/DC=gov/DC=fnal/O=Fermilab/OU=Robots/CN=gpsn01.fnal.gov/CN=cron/CN=Rob Kutschke/CN=UID:kutschke','\0',NULL,NULL,582,109),(256,'2015-09-03 15:44:17','/DC=gov/DC=fnal/O=Fermilab/OU=People/CN=Jiajie Ling/CN=UID:jjling','\0',NULL,NULL,582,112),(259,'2015-09-03 15:44:19','/DC=gov/DC=fnal/O=Fermilab/OU=Robots/CN=fifegrid/CN=batch/CN=Geralyn Zeller/CN=UID:gzeller','\0',NULL,NULL,582,115),(262,'2015-09-03 15:44:20','/DC=gov/DC=fnal/O=Fermilab/OU=Robots/CN=gpsn01.fnal.gov/CN=cron/CN=Brett M. Viren/CN=UID:bv','\0',NULL,NULL,582,118),(265,'2015-09-03 15:45:55','/DC=gov/DC=fnal/O=Fermilab/OU=Robots/CN=fifegrid/CN=batch/CN=Brian J. Rebel/CN=UID:brebel','\0',NULL,NULL,582,121),(271,'2015-09-03 15:46:01','/DC=gov/DC=fnal/O=Fermilab/OU=Robots/CN=fifegrid/CN=batch/CN=Dennis D. Box/CN=UID:dbox','\0',NULL,NULL,582,127),(295,'2015-09-03 15:46:21','/DC=gov/DC=fnal/O=Fermilab/OU=Robots/CN=fifegrid/CN=batch/CN=Eric D. Church/CN=UID:echurch','\0',NULL,NULL,582,151),(298,'2015-09-03 15:46:22','/DC=gov/DC=fnal/O=Fermilab/OU=People/CN=Gavin S. Davies/CN=UID:gsdavies','\0',NULL,NULL,582,154),(301,'2015-09-03 15:46:24','/DC=gov/DC=fnal/O=Fermilab/OU=Robots/CN=fifegrid/CN=batch/CN=Roxanne Guenette/CN=UID:guenette','\0',NULL,NULL,582,157),(304,'2015-09-03 15:46:25','/DC=gov/DC=fnal/O=Fermilab/OU=Robots/CN=fifegrid/CN=batch/CN=Xin Qian/CN=UID:xqian','\0',NULL,NULL,582,160),(307,'2015-09-03 15:46:27','/DC=gov/DC=fnal/O=Fermilab/OU=People/CN=Anne E. Norrick/CN=UID:norrick','\0',NULL,NULL,582,163),(310,'2015-09-03 15:46:29','/DC=gov/DC=fnal/O=Fermilab/OU=Robots/CN=fifegrid/CN=batch/CN=Andrzej Szelc/CN=UID:andrzejs','\0',NULL,NULL,582,166),(313,'2015-09-03 15:46:30','/DC=gov/DC=fnal/O=Fermilab/OU=Robots/CN=gpsn01.fnal.gov/CN=cron/CN=Jonathan T. Insler/CN=UID:jti3','\0',NULL,NULL,582,169),(316,'2015-09-03 15:46:32','/DC=gov/DC=fnal/O=Fermilab/OU=People/CN=Tarek Akiri/CN=UID:akiri','\0',NULL,NULL,582,172),(319,'2015-09-03 15:46:33','/DC=gov/DC=fnal/O=Fermilab/OU=Robots/CN=fifegrid/CN=batch/CN=Victor M. Gehman/CN=UID:vmgehman','\0',NULL,NULL,582,175),(322,'2015-09-03 15:46:35','/DC=gov/DC=fnal/O=Fermilab/OU=Robots/CN=fifegrid/CN=batch/CN=Elena Guardincerri/CN=UID:guardi','\0',NULL,NULL,582,178),(325,'2015-09-03 15:46:37','/DC=gov/DC=fnal/O=Fermilab/OU=Robots/CN=fifegrid/CN=batch/CN=Daniel D. Cherdack/CN=UID:cherdack','\0',NULL,NULL,582,181),(328,'2015-09-03 15:46:39','/DC=gov/DC=fnal/O=Fermilab/OU=People/CN=Igor Tropin/CN=UID:tropin','\0',NULL,NULL,582,184),(331,'2015-09-03 15:46:41','/DC=gov/DC=fnal/O=Fermilab/OU=Robots/CN=fifegrid/CN=batch/CN=Michael H. Kirby/CN=UID:kirby','\0',NULL,NULL,582,187),(337,'2015-09-03 15:46:46','/DC=gov/DC=fnal/O=Fermilab/OU=Robots/CN=gpsn01.fnal.gov/CN=cron/CN=Laura Fields/CN=UID:ljf26','\0',NULL,NULL,582,193),(340,'2015-09-03 15:46:48','/DC=gov/DC=fnal/O=Fermilab/OU=People/CN=Tian Xin/CN=UID:txin','\0',NULL,NULL,582,196),(343,'2015-09-03 15:46:50','/DC=gov/DC=fnal/O=Fermilab/OU=People/CN=Junting Huang/CN=UID:junting','\0',NULL,NULL,582,199),(346,'2015-09-03 15:46:51','/DC=gov/DC=fnal/O=Fermilab/OU=Robots/CN=fifegrid/CN=batch/CN=Zepeng Li/CN=UID:zpli','\0',NULL,NULL,582,202),(349,'2015-09-03 15:46:53','/DC=gov/DC=fnal/O=Fermilab/OU=People/CN=Igor L. Rakhno/CN=UID:rakhno','\0',NULL,NULL,582,205),(352,'2015-09-03 15:46:54','/DC=gov/DC=fnal/O=Fermilab/OU=Robots/CN=fifegrid/CN=batch/CN=Ioana M. Anghel/CN=UID:omanghel','\0',NULL,NULL,582,208),(355,'2015-09-03 15:46:57','/DC=gov/DC=fnal/O=Fermilab/OU=People/CN=Michael H. Wang/CN=UID:mwang','\0',NULL,NULL,582,211),(358,'2015-09-03 15:46:58','/DC=gov/DC=fnal/O=Fermilab/OU=Robots/CN=gpsn01.fnal.gov/CN=cron/CN=Henry Glass/CN=UID:glass','\0',NULL,NULL,582,214),(361,'2015-09-03 15:46:59','/DC=gov/DC=fnal/O=Fermilab/OU=Robots/CN=gpsn01.fnal.gov/CN=cron/CN=Richard W. Gran/CN=UID:rgran','\0',NULL,NULL,582,217),(364,'2015-09-03 15:47:01','/DC=gov/DC=fnal/O=Fermilab/OU=Robots/CN=gpsn01.fnal.gov/CN=cron/CN=Matthew J. Wetstein/CN=UID:wetstein','\0',NULL,NULL,582,220),(367,'2015-09-03 15:47:03','/DC=gov/DC=fnal/O=Fermilab/OU=Robots/CN=fifegrid/CN=batch/CN=Lisa A. Whitehead/CN=UID:whitehd','\0',NULL,NULL,582,223),(370,'2015-09-03 15:47:04','/DC=gov/DC=fnal/O=Fermilab/OU=Robots/CN=fifegrid/CN=batch/CN=Matthew Bass/CN=UID:mibass','\0',NULL,NULL,582,226),(373,'2015-09-03 15:47:06','/DC=gov/DC=fnal/O=Fermilab/OU=Robots/CN=fifegrid/CN=batch/CN=Edward Kearns/CN=UID:kearns','\0',NULL,NULL,582,229),(376,'2015-09-03 15:47:08','/DC=gov/DC=fnal/O=Fermilab/OU=People/CN=Jae J. Kim/CN=UID:kimjj','\0',NULL,NULL,582,232),(379,'2015-09-03 15:47:09','/DC=org/DC=cilogon/C=US/O=Fermi National Accelerator Laboratory/CN=Vittorio Paolone A18056','\0',NULL,NULL,332,235),(382,'2015-09-03 15:47:11','/DC=gov/DC=fnal/O=Fermilab/OU=People/CN=Seong tae Park/CN=UID:seongtae','\0',NULL,NULL,582,238),(385,'2015-09-03 15:47:12','/DC=gov/DC=fnal/O=Fermilab/OU=Robots/CN=fifegrid/CN=batch/CN=Tyler D. Alion/CN=UID:talion','\0',NULL,NULL,582,241),(388,'2015-09-03 15:47:14','/DC=gov/DC=fnal/O=Fermilab/OU=Robots/CN=gpsn01.fnal.gov/CN=cron/CN=Libo Jiang/CN=UID:jiangl','\0',NULL,NULL,582,244),(391,'2015-09-03 15:47:15','/C=UK/O=eScience/OU=Sheffield/L=CICS/CN=jonathan perkin','\0',NULL,NULL,542,247),(394,'2015-09-03 15:47:17','/DC=gov/DC=fnal/O=Fermilab/OU=Robots/CN=fifegrid/CN=batch/CN=Naga deepthi Kuchibhatla/CN=UID:deepthi9','\0',NULL,NULL,582,250),(397,'2015-09-03 15:47:18','/DC=gov/DC=fnal/O=Fermilab/OU=People/CN=Erika Catano mur/CN=UID:ecatanom','\0',NULL,NULL,582,253),(400,'2015-09-03 15:47:20','/DC=gov/DC=fnal/O=Fermilab/OU=Robots/CN=fifegrid/CN=batch/CN=Matthew G. Hogan/CN=UID:h0g4nm4n','\0',NULL,NULL,582,256),(403,'2015-09-03 15:47:22','/DC=gov/DC=fnal/O=Fermilab/OU=Robots/CN=fifegrid/CN=batch/CN=Thomas Knief/CN=UID:tkn76ief','\0',NULL,NULL,582,259),(406,'2015-09-03 15:47:23','/DC=gov/DC=fnal/O=Fermilab/OU=Robots/CN=gpsn01.fnal.gov/CN=cron/CN=Andrea Shacklock/CN=UID:ashacklo','\0',NULL,NULL,582,262),(409,'2015-09-03 15:47:25','/DC=gov/DC=fnal/O=Fermilab/OU=Robots/CN=fifegrid/CN=batch/CN=Timothy B. Watson/CN=UID:tbw6971','\0',NULL,NULL,582,265),(412,'2015-09-03 15:47:27','/DC=gov/DC=fnal/O=Fermilab/OU=Robots/CN=gpsn01.fnal.gov/CN=cron/CN=Ryan M. Wasserman/CN=UID:rwasser','\0',NULL,NULL,582,268),(415,'2015-09-03 15:47:28','/DC=gov/DC=fnal/O=Fermilab/OU=Robots/CN=fifegrid/CN=batch/CN=Amit Bashyal/CN=UID:bashyal8','\0',NULL,NULL,582,271),(418,'2015-09-03 15:47:30','/DC=gov/DC=fnal/O=Fermilab/OU=Robots/CN=fifegrid/CN=batch/CN=Xinchun Tian/CN=UID:tianxc','\0',NULL,NULL,582,274),(421,'2015-09-03 15:47:32','/DC=gov/DC=fnal/O=Fermilab/OU=People/CN=Hyun keun Ahn/CN=UID:hahn1123','\0',NULL,NULL,582,277),(424,'2015-09-03 15:47:33','/DC=gov/DC=fnal/O=Fermilab/OU=Robots/CN=gpsn01.fnal.gov/CN=cron/CN=Brian Terry/CN=UID:brian1','\0',NULL,NULL,582,280),(427,'2015-09-03 15:47:35','/C=UK/O=eScience/OU=Sussex/L=ITServices/CN=jeffrey hartnell','\0',NULL,NULL,542,283),(430,'2015-09-03 15:47:37','/DC=gov/DC=fnal/O=Fermilab/OU=Robots/CN=fifegrid/CN=batch/CN=Jeffrey J. Hartnell/CN=UID:hartnell','\0',NULL,NULL,582,286),(433,'2015-09-03 15:47:38','/DC=gov/DC=fnal/O=Fermilab/OU=Robots/CN=fifegrid/CN=batch/CN=Jaroslaw A. Nowak/CN=UID:janow','\0',NULL,NULL,582,289),(439,'2015-09-03 15:47:41','/DC=gov/DC=fnal/O=Fermilab/OU=People/CN=Amol Vaidya/CN=UID:avaidya','\0',NULL,NULL,582,295),(442,'2015-09-03 15:47:43','/DC=gov/DC=fnal/O=Fermilab/OU=Robots/CN=gpsn01.fnal.gov/CN=cron/CN=Paul Lebrun/CN=UID:lebrun','\0',NULL,NULL,582,298),(445,'2015-09-03 15:47:44','/DC=gov/DC=fnal/O=Fermilab/OU=Robots/CN=gpsn01.fnal.gov/CN=cron/CN=Hu Liu/CN=UID:itigeru0','\0',NULL,NULL,582,301),(448,'2015-09-03 15:47:46','/DC=gov/DC=fnal/O=Fermilab/OU=People/CN=Babu Bhandari/CN=UID:babu2038','\0',NULL,NULL,582,304),(451,'2015-09-03 15:47:48','/DC=gov/DC=fnal/O=Fermilab/OU=Robots/CN=fifegrid/CN=batch/CN=Bernard Nuar/CN=UID:bbn4303','\0',NULL,NULL,582,307),(454,'2015-09-03 15:47:49','/DC=gov/DC=fnal/O=Fermilab/OU=Robots/CN=gpsn01.fnal.gov/CN=cron/CN=Michael Diesburg/CN=UID:diesburg','\0',NULL,NULL,582,310),(457,'2015-09-03 15:47:51','/DC=gov/DC=fnal/O=Fermilab/OU=Robots/CN=gpsn01.fnal.gov/CN=cron/CN=Sepideh Shahsavarani/CN=UID:sxs4736','\0',NULL,NULL,582,313),(460,'2015-09-03 15:47:53','/DC=gov/DC=fnal/O=Fermilab/OU=People/CN=Qizhong Li/CN=UID:qzli','\0',NULL,NULL,582,316),(463,'2015-09-03 15:47:55','/DC=gov/DC=fnal/O=Fermilab/OU=Robots/CN=fifegrid/CN=batch/CN=Elizabeth Worcester/CN=UID:seturner','\0',NULL,NULL,582,319),(466,'2015-09-03 15:47:56','/DC=gov/DC=fnal/O=Fermilab/OU=Robots/CN=fifegrid/CN=batch/CN=Yujing Sun/CN=UID:ysun','\0',NULL,NULL,582,322),(469,'2015-09-03 15:47:58','/DC=gov/DC=fnal/O=Fermilab/OU=Robots/CN=fifegrid/CN=batch/CN=Marc W. Mengel/CN=UID:mengel','\0',NULL,NULL,582,325),(472,'2015-09-03 15:48:00','/DC=gov/DC=fnal/O=Fermilab/OU=Robots/CN=fifegrid/CN=batch/CN=Maria jose Bustamante rosell/CN=UID:maj0bur0','\0',NULL,NULL,582,328),(475,'2015-09-03 15:48:02','/DC=gov/DC=fnal/O=Fermilab/OU=People/CN=Maxim Potekhin/CN=UID:potekhin','\0',NULL,NULL,582,331),(478,'2015-09-03 15:48:03','/DC=gov/DC=fnal/O=Fermilab/OU=People/CN=Arthur E. Kreymer/CN=UID:kreymer','\0',NULL,NULL,582,334),(481,'2015-09-03 15:48:05','/DC=gov/DC=fnal/O=Fermilab/OU=Robots/CN=fifegrid/CN=batch/CN=Martin Richardson/CN=UID:fpa06mr1','\0',NULL,NULL,582,337),(484,'2015-09-03 15:48:07','/DC=gov/DC=fnal/O=Fermilab/OU=Robots/CN=fifegrid/CN=batch/CN=Joshua Bolton/CN=UID:jdb8929','\0',NULL,NULL,582,340),(490,'2015-09-03 15:48:12','/DC=com/DC=DigiCert-Grid/O=Open Science Grid/OU=Services/CN=gfrontend/fifebatch1.fnal.gov','\0',NULL,NULL,192,346),(493,'2015-09-03 15:48:14','/DC=gov/DC=fnal/O=Fermilab/OU=Robots/CN=fifegrid/CN=batch/CN=Jeremy E. Hewes/CN=UID:jhewes15','\0',NULL,NULL,582,349),(496,'2015-09-03 15:48:16','/DC=gov/DC=fnal/O=Fermilab/OU=Robots/CN=fifegrid/CN=batch/CN=Matthew P. Worcester/CN=UID:mworcest','\0',NULL,NULL,582,352),(499,'2015-09-03 15:48:17','/C=UK/O=eScience/OU=Liverpool/L=CSD/CN=georgios christodoulou','\0',NULL,NULL,542,355),(502,'2015-09-03 15:48:18','/DC=gov/DC=fnal/O=Fermilab/OU=Robots/CN=fifegrid/CN=batch/CN=Jay B. Lundy/CN=UID:jbl5120','\0',NULL,NULL,582,358),(505,'2015-09-03 15:48:20','/DC=gov/DC=fnal/O=Fermilab/OU=Robots/CN=fifegrid/CN=batch/CN=Mark Convery/CN=UID:mconvery','\0',NULL,NULL,582,361),(508,'2015-09-03 15:48:23','/DC=com/DC=DigiCert-Grid/O=Open Science Grid/OU=People/CN=Kenneth Herner 1385','\0',NULL,NULL,192,364),(511,'2015-09-03 15:48:25','/DC=gov/DC=fnal/O=Fermilab/OU=People/CN=Alexandre B. Pereira sousa/CN=UID:asousa','\0',NULL,NULL,582,367),(514,'2015-09-03 15:48:27','/DC=com/DC=DigiCert-Grid/O=Open Science Grid/OU=People/CN=Tanya Levshina 304','\0',NULL,NULL,192,370),(517,'2015-09-03 15:48:29','/DC=gov/DC=fnal/O=Fermilab/OU=People/CN=Yi Jia/CN=UID:echo315','\0',NULL,NULL,582,373),(520,'2015-09-03 15:48:30','/DC=gov/DC=fnal/O=Fermilab/OU=Robots/CN=fifegrid/CN=batch/CN=Casandra H. Morris/CN=UID:dani83','\0',NULL,NULL,582,376),(523,'2015-09-03 15:48:32','/DC=gov/DC=fnal/O=Fermilab/OU=People/CN=Sarah L. Mancina/CN=UID:smanc1na','\0',NULL,NULL,582,379),(526,'2015-09-03 15:48:34','/DC=com/DC=DigiCert-Grid/O=Open Science Grid/OU=People/CN=Ofer Rind 1423','\0',NULL,NULL,192,382),(529,'2015-09-03 15:48:36','/DC=com/DC=DigiCert-Grid/O=Open Science Grid/OU=People/CN=Hironori Ito 621','\0',NULL,NULL,192,385),(532,'2015-09-03 15:48:38','/DC=com/DC=DigiCert-Grid/O=Open Science Grid/OU=People/CN=Jaroslava Schovancova LBNE','\0',NULL,NULL,192,388),(535,'2015-09-03 15:48:39','/DC=com/DC=DigiCert-Grid/O=Open Science Grid/OU=People/CN=Brett Viren 2598','\0',NULL,NULL,192,391),(538,'2015-09-03 15:48:40','/DC=gov/DC=fnal/O=Fermilab/OU=Robots/CN=fifegrid/CN=batch/CN=Jonathan Davies/CN=UID:jpdavies','\0',NULL,NULL,582,394),(541,'2015-09-03 15:48:42','/DC=gov/DC=fnal/O=Fermilab/OU=People/CN=Gleb Sinev/CN=UID:gvsinev','\0',NULL,NULL,582,397),(544,'2015-09-03 15:48:44','/DC=gov/DC=fnal/O=Fermilab/OU=Robots/CN=fifegrid/CN=batch/CN=Chao Zhang/CN=UID:chaoz','\0',NULL,NULL,582,400),(547,'2015-09-03 15:48:46','/DC=gov/DC=fnal/O=Fermilab/OU=Robots/CN=fifegrid/CN=batch/CN=Quynh Nguyen/CN=UID:quynh','\0',NULL,NULL,582,403),(550,'2015-09-03 15:48:47','/DC=gov/DC=fnal/O=Fermilab/OU=Robots/CN=fifegrid/CN=batch/CN=Musser J. Musser/CN=UID:rm817','\0',NULL,NULL,582,406),(553,'2015-09-03 15:48:49','/DC=gov/DC=fnal/O=Fermilab/OU=People/CN=Zelimir Djurcic/CN=UID:zdjurcic','\0',NULL,NULL,582,409),(556,'2015-09-03 15:48:51','/DC=gov/DC=fnal/O=Fermilab/OU=Robots/CN=fifegrid/CN=batch/CN=Kevin Wood/CN=UID:kwood','\0',NULL,NULL,582,412),(559,'2015-09-03 15:48:53','/DC=gov/DC=fnal/O=Fermilab/OU=People/CN=Thales V. Vieira/CN=UID:thalesv','\0',NULL,NULL,582,415),(562,'2015-09-03 15:48:55','testCERT','\0',NULL,NULL,892,418),(565,'2015-09-03 15:48:57','/DC=gov/DC=fnal/O=Fermilab/OU=Robots/CN=fifegrid/CN=batch/CN=Tristan D. Blackburn/CN=UID:tristan','\0',NULL,NULL,582,421),(568,'2015-09-03 15:48:59','/DC=com/DC=DigiCert-Grid/O=Open Science Grid/OU=People/CN=Brian Kirby 2737','\0',NULL,NULL,192,424),(571,'2015-09-03 15:49:00','/DC=gov/DC=fnal/O=Fermilab/OU=People/CN=Carly Taylor/CN=UID:cntaylor','\0',NULL,NULL,582,427),(574,'2015-09-03 15:49:02','/DC=gov/DC=fnal/O=Fermilab/OU=People/CN=Muhammad Elnimr/CN=UID:melnimr','\0',NULL,NULL,582,430),(577,'2015-09-03 15:49:04','/DC=com/DC=DigiCert-Grid/O=Open Science Grid/OU=People/CN=David Adams 1571','\0',NULL,NULL,192,433),(580,'2015-09-03 15:49:05','/DC=org/DC=cilogon/C=US/O=ProtectNetwork/CN=Francesco Tortorici A15481','\0',NULL,NULL,332,436),(583,'2015-09-03 15:49:07','/DC=gov/DC=fnal/O=Fermilab/OU=Robots/CN=gpsn01.fnal.gov/CN=cron/CN=Tingjun Yang/CN=UID:tjyang','\0',NULL,NULL,582,439),(586,'2015-09-03 15:49:09','/DC=gov/DC=fnal/O=Fermilab/OU=Robots/CN=fifegrid/CN=batch/CN=Thomas K. Warburton/CN=UID:php13tkw','\0',NULL,NULL,582,442),(589,'2015-09-03 15:49:12','/DC=gov/DC=fnal/O=Fermilab/OU=People/CN=Herbert Greenlee/CN=UID:greenlee','\0',NULL,NULL,582,445),(592,'2015-09-03 15:49:13','/DC=gov/DC=fnal/O=Fermilab/OU=People/CN=Matthew C. Tamsett/CN=UID:tamsett','\0',NULL,NULL,582,448),(595,'2015-09-03 15:49:15','/DC=gov/DC=fnal/O=Fermilab/OU=People/CN=Michael J. Wallbank/CN=UID:wallbank','\0',NULL,NULL,582,451),(598,'2015-09-03 15:49:17','/DC=gov/DC=fnal/O=Fermilab/OU=People/CN=Animesh Chatterjee/CN=UID:achatter','\0',NULL,NULL,582,454),(601,'2015-09-03 15:49:19','/DC=gov/DC=fnal/O=Fermilab/OU=Robots/CN=fifegrid/CN=batch/CN=Ohana B. Rodrigues/CN=UID:ohanabr','\0',NULL,NULL,582,457),(604,'2015-09-03 15:49:21','/DC=gov/DC=fnal/O=Fermilab/OU=People/CN=Michael Mooney/CN=UID:mrmooney','\0',NULL,NULL,582,460),(607,'2015-09-03 15:49:23','/DC=gov/DC=fnal/O=Fermilab/OU=Robots/CN=fifegrid/CN=batch/CN=Nikolai Mokhov/CN=UID:mokhov','\0',NULL,NULL,582,463),(610,'2015-09-03 15:49:24','/DC=gov/DC=fnal/O=Fermilab/OU=Robots/CN=fifegrid/CN=batch/CN=Guang Zhao/CN=UID:zhaog','\0',NULL,NULL,582,466),(613,'2015-09-03 15:49:26','/DC=gov/DC=fnal/O=Fermilab/OU=Robots/CN=fifegrid/CN=batch/CN=John J. Back/CN=UID:jback','\0',NULL,NULL,582,469),(616,'2015-09-03 15:49:28','/DC=gov/DC=fnal/O=Fermilab/OU=People/CN=Erik K. Blaufuss/CN=UID:blaufuss','\0',NULL,NULL,582,472),(619,'2015-09-03 15:49:31','/DC=gov/DC=fnal/O=Fermilab/OU=Robots/CN=gpsn01.fnal.gov/CN=cron/CN=Jyoti Joshi/CN=UID:jyoti','\0',NULL,NULL,582,475),(622,'2015-09-03 15:49:32','/DC=gov/DC=fnal/O=Fermilab/OU=People/CN=Dave Dykstra/CN=UID:dwd','\0',NULL,NULL,582,478),(625,'2015-09-03 15:49:33','/DC=gov/DC=fnal/O=Fermilab/OU=People/CN=Ranjan Dharmapalan/CN=UID:ranjan','\0',NULL,NULL,582,481),(628,'2015-09-03 15:49:35','/DC=gov/DC=fnal/O=Fermilab/OU=People/CN=Samantha A. Fortuna/CN=UID:sfortuna','\0',NULL,NULL,582,484),(631,'2015-09-03 15:49:37','/DC=gov/DC=fnal/O=Fermilab/OU=People/CN=Jyotsna Singh/CN=UID:jsingh2','\0',NULL,NULL,582,487),(634,'2015-09-03 15:49:39','/DC=gov/DC=fnal/O=Fermilab/OU=Robots/CN=fifegrid/CN=batch/CN=Kapil Aryal/CN=UID:karyal','\0',NULL,NULL,582,490),(637,'2015-09-03 15:49:41','/DC=gov/DC=fnal/O=Fermilab/OU=People/CN=Monica N. Avila/CN=UID:mavila','\0',NULL,NULL,582,493),(640,'2015-09-03 15:49:43','/DC=gov/DC=fnal/O=Fermilab/OU=People/CN=Kim truc T. Nguyen/CN=UID:knguyen','\0',NULL,NULL,582,496),(643,'2015-09-03 15:49:45','/DC=gov/DC=fnal/O=Fermilab/OU=Robots/CN=fifegrid/CN=batch/CN=Eric H. Amador/CN=UID:eamador','\0',NULL,NULL,582,499),(646,'2015-09-03 15:49:47','/DC=gov/DC=fnal/O=Fermilab/OU=People/CN=Jacob C. Larkin/CN=UID:jlarkin','\0',NULL,NULL,582,502),(649,'2015-09-03 15:49:48','/DC=gov/DC=fnal/O=Fermilab/OU=People/CN=Jon E. Urheim/CN=UID:urheim','\0',NULL,NULL,582,505),(652,'2015-09-03 15:49:50','/DC=gov/DC=fnal/O=Fermilab/OU=People/CN=Travis Dore/CN=UID:tdore','\0',NULL,NULL,582,508),(655,'2015-09-03 15:49:52','/DC=gov/DC=fnal/O=Fermilab/OU=People/CN=Edward C. Dunton/CN=UID:duntonc','\0',NULL,NULL,582,511),(658,'2015-09-03 15:49:54','/DC=gov/DC=fnal/O=Fermilab/OU=People/CN=Matthew Robinson/CN=UID:mrobinso','\0',NULL,NULL,582,514),(661,'2015-09-03 15:49:56','/DC=gov/DC=fnal/O=Fermilab/OU=People/CN=Alexander C. Booth/CN=UID:abooth','\0',NULL,NULL,582,517),(664,'2015-09-03 15:49:58','/DC=gov/DC=fnal/O=Fermilab/OU=Robots/CN=fifegrid/CN=batch/CN=Dorota Stefan/CN=UID:dstefan','\0',NULL,NULL,582,520),(667,'2015-09-03 15:50:00','/DC=gov/DC=fnal/O=Fermilab/OU=People/CN=Robert Sulej/CN=UID:rsulej','\0',NULL,NULL,582,523),(669,'2015-09-03 23:24:25','/DC=gov/DC=fnal/O=Fermilab/OU=Robots/CN=fifegrid/CN=batch/CN=Robert Sulej/CN=UID:rsulej','\0',NULL,NULL,582,523),(670,'2015-09-03 23:28:58','/DC=gov/DC=fnal/O=Fermilab/OU=Robots/CN=fifegrid/CN=batch/CN=Georgios Christodoulou/CN=UID:gouldian','\0',NULL,NULL,582,355),(673,'2015-09-03 23:30:24','/DC=gov/DC=fnal/O=Fermilab/OU=People/CN=Georgios Christodoulou/CN=UID:gouldian','\0',NULL,NULL,582,355),(676,'2015-09-03 23:32:34','/DC=gov/DC=fnal/O=Fermilab/OU=Robots/CN=fifegrid/CN=batch/CN=Brian J. Kirby/CN=UID:bkirby','\0',NULL,NULL,582,424),(679,'2015-09-03 23:33:14','/DC=gov/DC=fnal/O=Fermilab/OU=People/CN=Brian J. Kirby/CN=UID:bkirby','\0',NULL,NULL,582,424),(682,'2015-09-03 23:34:34','/DC=gov/DC=fnal/O=Fermilab/OU=Robots/CN=fifegrid/CN=batch/CN=Jonathan D. Perkin/CN=UID:perkin','\0',NULL,NULL,582,247),(685,'2015-09-03 23:35:11','/DC=gov/DC=fnal/O=Fermilab/OU=People/CN=Jonathan D. Perkin/CN=UID:perkin','\0',NULL,NULL,582,247),(688,'2015-09-04 11:22:26','/DC=gov/DC=fnal/O=Fermilab/OU=People/CN=Daniel A. Dwyer/CN=UID:dadwyer','\0',NULL,NULL,582,526),(691,'2015-09-04 11:22:27','/DC=gov/DC=fnal/O=Fermilab/OU=Robots/CN=fifegrid/CN=batch/CN=Daniel A. Dwyer/CN=UID:dadwyer','\0',NULL,NULL,582,526),(694,'2015-09-04 11:23:17','/DC=gov/DC=fnal/O=Fermilab/OU=People/CN=Paola R. Sala/CN=UID:psala','\0',NULL,NULL,582,529),(697,'2015-09-04 11:23:18','/DC=gov/DC=fnal/O=Fermilab/OU=Robots/CN=fifegrid/CN=batch/CN=Paola R. Sala/CN=UID:psala','\0',NULL,NULL,582,529),(700,'2015-09-04 12:34:25','/DC=gov/DC=fnal/O=Fermilab/OU=People/CN=Garrett R. Brown/CN=UID:gbrown','\0',NULL,NULL,582,532),(703,'2015-09-04 12:34:25','/DC=gov/DC=fnal/O=Fermilab/OU=Robots/CN=fifegrid/CN=batch/CN=Garrett R. Brown/CN=UID:gbrown','\0',NULL,NULL,582,532),(705,'2015-09-04 15:51:14','/DC=com/DC=DigiCert-Grid/O=Open Science Grid/OU=Services/CN=frontend/fifebatch.fnal.gov','\0',NULL,NULL,192,2),(706,'2015-09-09 13:12:48','/DC=gov/DC=fnal/O=Fermilab/OU=Robots/CN=fifegrid/CN=batch/CN=Arthur E. Kreymer/CN=UID:kreymer','\0',NULL,NULL,582,334),(708,'2015-09-10 14:34:35','/DC=gov/DC=fnal/O=Fermilab/OU=People/CN=Adam J. Costarino/CN=UID:acostari','\0',NULL,NULL,582,534),(711,'2015-09-10 14:35:18','/DC=gov/DC=fnal/O=Fermilab/OU=Robots/CN=fifegrid/CN=batch/CN=Adam J. Costarino/CN=UID:acostari','\0',NULL,NULL,582,534),(714,'2015-09-10 14:37:27','/DC=gov/DC=fnal/O=Fermilab/OU=People/CN=Benjamin J. Riedel/CN=UID:briedel','\0',NULL,NULL,582,537),(717,'2015-09-10 14:38:04','/DC=gov/DC=fnal/O=Fermilab/OU=Robots/CN=fifegrid/CN=batch/CN=Benjamin J. Riedel/CN=UID:briedel','\0',NULL,NULL,582,537),(720,'2015-09-11 12:32:20','/DC=gov/DC=fnal/O=Fermilab/OU=People/CN=Dominic B. Brailsford/CN=UID:dbrailsf','\0',NULL,NULL,582,540),(723,'2015-09-11 12:32:56','/DC=gov/DC=fnal/O=Fermilab/OU=Robots/CN=fifegrid/CN=batch/CN=Dominic B. Brailsford/CN=UID:dbrailsf','\0',NULL,NULL,582,540),(726,'2015-09-14 10:43:33','/DC=gov/DC=fnal/O=Fermilab/OU=People/CN=Dmitry O. Litvintsev/CN=UID:litvinse','\0',NULL,NULL,582,543),(727,'2015-09-14 10:59:23','/DC=com/DC=DigiCert-Grid/O=Open Science Grid/OU=Services/CN=rsv/dunegpvm01.fnal.gov','\0',NULL,NULL,192,32),(730,'2015-09-14 12:43:25','/DC=gov/DC=fnal/O=Fermilab/OU=People/CN=Tingjun Yang/CN=UID:tjyang','\0',NULL,NULL,582,439),(733,'2015-09-14 12:43:53','/DC=gov/DC=fnal/O=Fermilab/OU=Robots/CN=fifegrid/CN=batch/CN=Tingjun Yang/CN=UID:tjyang','\0',NULL,NULL,582,439),(736,'2015-09-15 11:52:20','/DC=gov/DC=fnal/O=Fermilab/OU=People/CN=Susan J. Kemboi/CN=UID:skemboi','\0',NULL,NULL,582,544),(739,'2015-09-15 11:52:21','/DC=gov/DC=fnal/O=Fermilab/OU=Robots/CN=fifegrid/CN=batch/CN=Susan J. Kemboi/CN=UID:skemboi','\0',NULL,NULL,582,544),(742,'2015-09-17 15:02:34','/DC=gov/DC=fnal/O=Fermilab/OU=People/CN=Nitali Dash/CN=UID:ndash','\0',NULL,NULL,582,547),(745,'2015-09-17 15:02:35','/DC=gov/DC=fnal/O=Fermilab/OU=Robots/CN=fifegrid/CN=batch/CN=Nitali Dash/CN=UID:ndash','\0',NULL,NULL,582,547),(748,'2015-09-17 15:41:40','/DC=gov/DC=fnal/O=Fermilab/OU=People/CN=Michael S. Gold/CN=UID:gold','\0',NULL,NULL,582,550),(751,'2015-09-17 15:41:41','/DC=gov/DC=fnal/O=Fermilab/OU=Robots/CN=fifegrid/CN=batch/CN=Michael S. Gold/CN=UID:gold','\0',NULL,NULL,582,550),(754,'2015-09-17 16:56:30','/DC=gov/DC=fnal/O=Fermilab/OU=People/CN=Thomas K. Warburton/CN=UID:php13tkw','\0',NULL,NULL,582,442),(756,'2015-09-18 09:49:55','/DC=gov/DC=fnal/O=Fermilab/OU=People/CN=Laura Fields/CN=UID:ljf26','\0',NULL,NULL,582,193),(759,'2015-09-18 09:50:32','/DC=gov/DC=fnal/O=Fermilab/OU=Robots/CN=fifegrid/CN=batch/CN=Laura Fields/CN=UID:ljf26','\0',NULL,NULL,582,193),(762,'2015-09-22 15:34:44','/DC=com/DC=DigiCert-Grid/O=Open Science Grid/OU=People/CN=Dmitry Litvintsev 1123','\0',NULL,NULL,192,543),(765,'2015-09-22 17:24:17','/DC=gov/DC=fnal/O=Fermilab/OU=Robots/CN=fifegrid/CN=batch/CN=Mayly C. Sanchez/CN=UID:msanchez','\0',NULL,NULL,582,106),(768,'2015-09-22 17:24:17','/DC=gov/DC=fnal/O=Fermilab/OU=Robots/CN=gpsn01.fnal.gov/CN=cron/CN=Mayly C. Sanchez/CN=UID:msanchez','\0',NULL,NULL,582,106),(771,'2015-09-22 17:24:21','/DC=gov/DC=fnal/O=Fermilab/OU=People/CN=Rob Kutschke/CN=UID:kutschke','\0',NULL,NULL,582,109),(774,'2015-09-22 17:24:21','/DC=gov/DC=fnal/O=Fermilab/OU=Robots/CN=fifegrid/CN=batch/CN=Rob Kutschke/CN=UID:kutschke','\0',NULL,NULL,582,109),(777,'2015-09-22 17:24:24','/DC=gov/DC=fnal/O=Fermilab/OU=Robots/CN=gpsn01.fnal.gov/CN=cron/CN=Jiajie Ling/CN=UID:jjling','\0',NULL,NULL,582,112),(780,'2015-09-22 17:24:25','/DC=gov/DC=fnal/O=Fermilab/OU=Robots/CN=fifegrid/CN=batch/CN=Jiajie Ling/CN=UID:jjling','\0',NULL,NULL,582,112),(783,'2015-09-22 17:24:26','/DC=gov/DC=fnal/O=Fermilab/OU=Robots/CN=minos25.fnal.gov/CN=cron/CN=Jiajie Ling/CN=UID:jjling','\0',NULL,NULL,582,112),(786,'2015-09-22 17:24:29','/DC=gov/DC=fnal/O=Fermilab/OU=People/CN=Geralyn Zeller/CN=UID:gzeller','\0',NULL,NULL,582,115),(789,'2015-09-22 17:24:29','/DC=gov/DC=fnal/O=Fermilab/OU=Robots/CN=gpsn01.fnal.gov/CN=cron/CN=Geralyn Zeller/CN=UID:gzeller','\0',NULL,NULL,582,115),(792,'2015-09-22 17:24:33','/DC=gov/DC=fnal/O=Fermilab/OU=People/CN=Brett M. Viren/CN=UID:bv','\0',NULL,NULL,582,118),(795,'2015-09-22 17:24:33','/DC=gov/DC=fnal/O=Fermilab/OU=Robots/CN=fifegrid/CN=batch/CN=Brett M. Viren/CN=UID:bv','\0',NULL,NULL,582,118),(798,'2015-09-22 17:24:36','/DC=gov/DC=fnal/O=Fermilab/OU=Robots/CN=gpsn01.fnal.gov/CN=cron/CN=Brian J. Rebel/CN=UID:brebel','\0',NULL,NULL,582,121),(801,'2015-09-22 17:24:37','/DC=gov/DC=fnal/O=Fermilab/OU=People/CN=Brian J. Rebel/CN=UID:brebel','\0',NULL,NULL,582,121),(804,'2015-09-22 17:24:38','/DC=gov/DC=fnal/O=Fermilab/OU=Robots/CN=if05.fnal.gov/CN=cron/CN=Brian J. Rebel/CN=UID:brebel','\0',NULL,NULL,582,121),(810,'2015-09-22 17:24:48','/DC=gov/DC=fnal/O=Fermilab/OU=People/CN=Dennis D. Box/CN=UID:dbox','\0',NULL,NULL,582,127),(813,'2015-09-22 17:24:49','/DC=com/DC=DigiCert-Grid/O=Open Science Grid/OU=People/CN=Dennis Box 497','\0',NULL,NULL,192,127),(816,'2015-09-22 17:24:50','/DC=gov/DC=fnal/O=Fermilab/OU=Robots/CN=gpsn01.fnal.gov/CN=cron/CN=Dennis D. Box/CN=UID:dbox','\0',NULL,NULL,582,127),(819,'2015-09-22 17:25:10','/DC=gov/DC=fnal/O=Fermilab/OU=People/CN=Eric D. Church/CN=UID:echurch','\0',NULL,NULL,582,151),(822,'2015-09-22 17:25:13','/DC=gov/DC=fnal/O=Fermilab/OU=Robots/CN=gpsn01.fnal.gov/CN=cron/CN=Gavin S. Davies/CN=UID:gsdavies','\0',NULL,NULL,582,154),(825,'2015-09-22 17:25:14','/DC=gov/DC=fnal/O=Fermilab/OU=Robots/CN=fifegrid/CN=batch/CN=Gavin S. Davies/CN=UID:gsdavies','\0',NULL,NULL,582,154),(828,'2015-09-22 17:25:17','/DC=gov/DC=fnal/O=Fermilab/OU=People/CN=Roxanne Guenette/CN=UID:guenette','\0',NULL,NULL,582,157),(831,'2015-09-22 17:25:19','/DC=gov/DC=fnal/O=Fermilab/OU=People/CN=Xin Qian/CN=UID:xqian','\0',NULL,NULL,582,160),(834,'2015-09-22 17:25:23','/DC=gov/DC=fnal/O=Fermilab/OU=Robots/CN=gpsn01.fnal.gov/CN=cron/CN=Anne E. Norrick/CN=UID:norrick','\0',NULL,NULL,582,163),(837,'2015-09-22 17:25:23','/DC=gov/DC=fnal/O=Fermilab/OU=Robots/CN=fifegrid/CN=batch/CN=Anne E. Norrick/CN=UID:norrick','\0',NULL,NULL,582,163),(840,'2015-09-22 17:25:26','/DC=gov/DC=fnal/O=Fermilab/OU=Robots/CN=gpsn01.fnal.gov/CN=cron/CN=Andrzej Szelc/CN=UID:andrzejs','\0',NULL,NULL,582,166),(843,'2015-09-22 17:25:27','/DC=gov/DC=fnal/O=Fermilab/OU=People/CN=Andrzej Szelc/CN=UID:andrzejs','\0',NULL,NULL,582,166),(846,'2015-09-22 17:25:30','/DC=gov/DC=fnal/O=Fermilab/OU=People/CN=Jonathan T. Insler/CN=UID:jti3','\0',NULL,NULL,582,169),(849,'2015-09-22 17:25:31','/DC=gov/DC=fnal/O=Fermilab/OU=Robots/CN=fifegrid/CN=batch/CN=Jonathan T. Insler/CN=UID:jti3','\0',NULL,NULL,582,169),(852,'2015-09-22 17:25:34','/DC=gov/DC=fnal/O=Fermilab/OU=Robots/CN=gpsn01.fnal.gov/CN=cron/CN=Tarek Akiri/CN=UID:akiri','\0',NULL,NULL,582,172),(855,'2015-09-22 17:25:37','/DC=gov/DC=fnal/O=Fermilab/OU=People/CN=Victor M. Gehman/CN=UID:vmgehman','\0',NULL,NULL,582,175),(858,'2015-09-22 17:25:40','/DC=gov/DC=fnal/O=Fermilab/OU=People/CN=Elena Guardincerri/CN=UID:guardi','\0',NULL,NULL,582,178),(870,'2015-09-22 17:25:47','/DC=gov/DC=fnal/O=Fermilab/OU=People/CN=Daniel D. Cherdack/CN=UID:cherdack','\0',NULL,NULL,582,181),(873,'2015-09-22 17:25:50','/DC=gov/DC=fnal/O=Fermilab/OU=Robots/CN=fifegrid/CN=batch/CN=Igor Tropin/CN=UID:tropin','\0',NULL,NULL,582,184),(876,'2015-09-22 17:25:54','/DC=gov/DC=fnal/O=Fermilab/OU=People/CN=Michael H. Kirby/CN=UID:kirby','\0',NULL,NULL,582,187),(879,'2015-09-22 17:25:54','/DC=gov/DC=fnal/O=Fermilab/OU=Robots/CN=gpsn01.fnal.gov/CN=cron/CN=Michael H. Kirby/CN=UID:kirby','\0',NULL,NULL,582,187),(888,'2015-09-22 17:26:01','/DC=gov/DC=fnal/O=Fermilab/OU=Robots/CN=lbnegpvm03.fnal.gov/CN=cron/CN=Laura Fields/CN=UID:ljf26','\0',NULL,NULL,582,193),(891,'2015-09-22 17:26:06','/DC=gov/DC=fnal/O=Fermilab/OU=Robots/CN=gpsn01.fnal.gov/CN=cron/CN=Tian Xin/CN=UID:txin','\0',NULL,NULL,582,196),(894,'2015-09-22 17:26:06','/DC=gov/DC=fnal/O=Fermilab/OU=Robots/CN=fifegrid/CN=batch/CN=Tian Xin/CN=UID:txin','\0',NULL,NULL,582,196),(897,'2015-09-22 17:26:10','/DC=gov/DC=fnal/O=Fermilab/OU=Robots/CN=fifegrid/CN=batch/CN=Junting Huang/CN=UID:junting','\0',NULL,NULL,582,199),(900,'2015-09-22 17:26:13','/DC=gov/DC=fnal/O=Fermilab/OU=People/CN=Zepeng Li/CN=UID:zpli','\0',NULL,NULL,582,202),(903,'2015-09-22 17:26:16','/DC=gov/DC=fnal/O=Fermilab/OU=Robots/CN=fifegrid/CN=cron/CN=Igor L. Rakhno/CN=UID:rakhno','\0',NULL,NULL,582,205),(906,'2015-09-22 17:26:16','/DC=gov/DC=fnal/O=Fermilab/OU=Robots/CN=gpsn01.fnal.gov/CN=cron/CN=Igor L. Rakhno/CN=UID:rakhno','\0',NULL,NULL,582,205),(909,'2015-09-22 17:26:20','/DC=gov/DC=fnal/O=Fermilab/OU=People/CN=Ioana M. Anghel/CN=UID:omanghel','\0',NULL,NULL,582,208),(912,'2015-09-22 17:26:24','/DC=com/DC=DigiCert-Grid/O=Open Science Grid/OU=People/CN=Joe Boyd 579','\0',NULL,NULL,192,2),(915,'2015-09-22 17:26:30','/DC=gov/DC=fnal/O=Fermilab/OU=People/CN=Henry Glass/CN=UID:glass','\0',NULL,NULL,582,214),(918,'2015-09-22 17:26:30','/DC=gov/DC=fnal/O=Fermilab/OU=Robots/CN=fifegrid/CN=batch/CN=Henry Glass/CN=UID:glass','\0',NULL,NULL,582,214),(921,'2015-09-22 17:26:34','/DC=gov/DC=fnal/O=Fermilab/OU=Robots/CN=fifegrid/CN=batch/CN=Richard W. Gran/CN=UID:rgran','\0',NULL,NULL,582,217),(924,'2015-09-22 17:26:34','/DC=gov/DC=fnal/O=Fermilab/OU=People/CN=Richard W. Gran/CN=UID:rgran','\0',NULL,NULL,582,217),(927,'2015-09-22 17:26:38','/DC=gov/DC=fnal/O=Fermilab/OU=People/CN=Matthew J. Wetstein/CN=UID:wetstein','\0',NULL,NULL,582,220),(930,'2015-09-22 17:26:38','/DC=gov/DC=fnal/O=Fermilab/OU=Robots/CN=fifegrid/CN=batch/CN=Matthew J. Wetstein/CN=UID:wetstein','\0',NULL,NULL,582,220),(933,'2015-09-22 17:26:42','/DC=gov/DC=fnal/O=Fermilab/OU=People/CN=Lisa A. Whitehead/CN=UID:whitehd','\0',NULL,NULL,582,223),(936,'2015-09-22 17:26:45','/DC=gov/DC=fnal/O=Fermilab/OU=People/CN=Matthew Bass/CN=UID:mibass','\0',NULL,NULL,582,226),(939,'2015-09-22 17:26:48','/DC=gov/DC=fnal/O=Fermilab/OU=Robots/CN=gpsn01.fnal.gov/CN=cron/CN=Edward Kearns/CN=UID:kearns','\0',NULL,NULL,582,229),(942,'2015-09-22 17:26:49','/DC=gov/DC=fnal/O=Fermilab/OU=People/CN=Edward Kearns/CN=UID:kearns','\0',NULL,NULL,582,229),(945,'2015-09-22 17:26:52','/DC=gov/DC=fnal/O=Fermilab/OU=Robots/CN=fifegrid/CN=batch/CN=Jae J. Kim/CN=UID:kimjj','\0',NULL,NULL,582,232),(948,'2015-09-22 17:26:55','/DC=gov/DC=fnal/O=Fermilab/OU=Robots/CN=fifegrid/CN=batch/CN=Vittorio Paolone/CN=UID:paolone','\0',NULL,NULL,582,235),(951,'2015-09-22 17:26:55','/DC=gov/DC=fnal/O=Fermilab/OU=People/CN=Vittorio Paolone/CN=UID:paolone','\0',NULL,NULL,582,235),(954,'2015-09-22 17:26:58','/DC=gov/DC=fnal/O=Fermilab/OU=Robots/CN=gpsn01.fnal.gov/CN=cron/CN=Seong tae Park/CN=UID:seongtae','\0',NULL,NULL,582,238),(957,'2015-09-22 17:26:59','/DC=gov/DC=fnal/O=Fermilab/OU=Robots/CN=fifegrid/CN=batch/CN=Seong tae Park/CN=UID:seongtae','\0',NULL,NULL,582,238),(960,'2015-09-22 17:27:02','/DC=gov/DC=fnal/O=Fermilab/OU=People/CN=Tyler D. Alion/CN=UID:talion','\0',NULL,NULL,582,241),(963,'2015-09-22 17:27:03','/DC=gov/DC=fnal/O=Fermilab/OU=Robots/CN=gpsn01.fnal.gov/CN=cron/CN=Tyler D. Alion/CN=UID:talion','\0',NULL,NULL,582,241),(966,'2015-09-22 17:27:06','/DC=gov/DC=fnal/O=Fermilab/OU=Robots/CN=fifegrid/CN=batch/CN=Libo Jiang/CN=UID:jiangl','\0',NULL,NULL,582,244),(969,'2015-09-22 17:27:07','/DC=gov/DC=fnal/O=Fermilab/OU=People/CN=Libo Jiang/CN=UID:jiangl','\0',NULL,NULL,582,244),(972,'2015-09-22 17:27:12','/DC=gov/DC=fnal/O=Fermilab/OU=People/CN=Naga deepthi Kuchibhatla/CN=UID:deepthi9','\0',NULL,NULL,582,250),(975,'2015-09-22 17:27:15','/DC=gov/DC=fnal/O=Fermilab/OU=Robots/CN=fifegrid/CN=batch/CN=Erika Catano mur/CN=UID:ecatanom','\0',NULL,NULL,582,253),(978,'2015-09-22 17:27:18','/DC=gov/DC=fnal/O=Fermilab/OU=People/CN=Matthew G. Hogan/CN=UID:h0g4nm4n','\0',NULL,NULL,582,256),(981,'2015-09-22 17:27:21','/DC=gov/DC=fnal/O=Fermilab/OU=Robots/CN=gpsn01.fnal.gov/CN=cron/CN=Thomas Knief/CN=UID:tkn76ief','\0',NULL,NULL,582,259),(984,'2015-09-22 17:27:22','/DC=gov/DC=fnal/O=Fermilab/OU=People/CN=Thomas Knief/CN=UID:tkn76ief','\0',NULL,NULL,582,259),(987,'2015-09-22 17:27:25','/DC=gov/DC=fnal/O=Fermilab/OU=People/CN=Andrea Shacklock/CN=UID:ashacklo','\0',NULL,NULL,582,262),(990,'2015-09-22 17:27:26','/DC=gov/DC=fnal/O=Fermilab/OU=Robots/CN=fifegrid/CN=batch/CN=Andrea Shacklock/CN=UID:ashacklo','\0',NULL,NULL,582,262),(993,'2015-09-22 17:27:29','/DC=gov/DC=fnal/O=Fermilab/OU=People/CN=Timothy B. Watson/CN=UID:tbw6971','\0',NULL,NULL,582,265),(996,'2015-09-22 17:27:32','/DC=gov/DC=fnal/O=Fermilab/OU=People/CN=Ryan M. Wasserman/CN=UID:rwasser','\0',NULL,NULL,582,268),(999,'2015-09-22 17:27:32','/DC=gov/DC=fnal/O=Fermilab/OU=Robots/CN=fifegrid/CN=batch/CN=Ryan M. Wasserman/CN=UID:rwasser','\0',NULL,NULL,582,268),(1002,'2015-09-22 17:27:36','/DC=gov/DC=fnal/O=Fermilab/OU=People/CN=Amit Bashyal/CN=UID:bashyal8','\0',NULL,NULL,582,271),(1005,'2015-09-22 17:27:39','/DC=gov/DC=fnal/O=Fermilab/OU=People/CN=Xinchun Tian/CN=UID:tianxc','\0',NULL,NULL,582,274),(1008,'2015-09-22 17:27:42','/DC=gov/DC=fnal/O=Fermilab/OU=Robots/CN=gpsn01.fnal.gov/CN=cron/CN=Hyun keun Ahn/CN=UID:hahn1123','\0',NULL,NULL,582,277),(1011,'2015-09-22 17:27:43','/DC=gov/DC=fnal/O=Fermilab/OU=Robots/CN=fifegrid/CN=batch/CN=Hyun keun Ahn/CN=UID:hahn1123','\0',NULL,NULL,582,277),(1014,'2015-09-22 17:27:46','/DC=gov/DC=fnal/O=Fermilab/OU=Robots/CN=fifegrid/CN=batch/CN=Brian Terry/CN=UID:brian1','\0',NULL,NULL,582,280),(1017,'2015-09-22 17:27:46','/DC=gov/DC=fnal/O=Fermilab/OU=People/CN=Brian Terry/CN=UID:brian1','\0',NULL,NULL,582,280),(1020,'2015-09-22 17:27:52','/DC=gov/DC=fnal/O=Fermilab/OU=Robots/CN=gpsn01.fnal.gov/CN=cron/CN=Jeffrey J. Hartnell/CN=UID:hartnell','\0',NULL,NULL,582,286),(1023,'2015-09-22 17:27:53','/DC=gov/DC=fnal/O=Fermilab/OU=People/CN=Jeffrey J. Hartnell/CN=UID:hartnell','\0',NULL,NULL,582,286),(1026,'2015-09-22 17:27:56','/DC=gov/DC=fnal/O=Fermilab/OU=Robots/CN=gpsn01.fnal.gov/CN=cron/CN=Jaroslaw A. Nowak/CN=UID:janow','\0',NULL,NULL,582,289),(1029,'2015-09-22 17:27:56','/DC=gov/DC=fnal/O=Fermilab/OU=People/CN=Jaroslaw A. Nowak/CN=UID:janow','\0',NULL,NULL,582,289),(1032,'2015-09-22 17:28:02','/DC=gov/DC=fnal/O=Fermilab/OU=Robots/CN=fifegrid/CN=batch/CN=Amol Vaidya/CN=UID:avaidya','\0',NULL,NULL,582,295),(1035,'2015-09-22 17:28:05','/DC=gov/DC=fnal/O=Fermilab/OU=People/CN=Paul Lebrun/CN=UID:lebrun','\0',NULL,NULL,582,298),(1038,'2015-09-22 17:28:06','/DC=gov/DC=fnal/O=Fermilab/OU=Robots/CN=fifegrid/CN=batch/CN=Paul Lebrun/CN=UID:lebrun','\0',NULL,NULL,582,298),(1041,'2015-09-22 17:28:09','/DC=gov/DC=fnal/O=Fermilab/OU=Robots/CN=fifegrid/CN=batch/CN=Hu Liu/CN=UID:itigeru0','\0',NULL,NULL,582,301),(1044,'2015-09-22 17:28:10','/DC=gov/DC=fnal/O=Fermilab/OU=People/CN=Hu Liu/CN=UID:itigeru0','\0',NULL,NULL,582,301),(1047,'2015-09-22 17:28:13','/DC=gov/DC=fnal/O=Fermilab/OU=Robots/CN=fifegrid/CN=batch/CN=Babu Bhandari/CN=UID:babu2038','\0',NULL,NULL,582,304),(1050,'2015-09-22 17:28:16','/DC=gov/DC=fnal/O=Fermilab/OU=People/CN=Bernard Nuar/CN=UID:bbn4303','\0',NULL,NULL,582,307),(1053,'2015-09-22 17:28:17','/DC=gov/DC=fnal/O=Fermilab/OU=Robots/CN=gpsn01.fnal.gov/CN=cron/CN=Bernard Nuar/CN=UID:bbn4303','\0',NULL,NULL,582,307),(1056,'2015-09-22 17:28:20','/DC=com/DC=DigiCert-Grid/O=Open Science Grid/OU=Services/CN=fts/lbnesamgpvm01.fnal.gov','\0',NULL,NULL,192,310),(1059,'2015-09-22 17:28:21','/DC=gov/DC=fnal/O=Fermilab/OU=Robots/CN=fifegrid/CN=batch/CN=Michael Diesburg/CN=UID:diesburg','\0',NULL,NULL,582,310),(1062,'2015-09-22 17:28:21','/DC=com/DC=DigiCert-Grid/O=Open Science Grid/OU=People/CN=Michael Diesburg 47','\0',NULL,NULL,192,310),(1065,'2015-09-22 17:28:22','/DC=gov/DC=fnal/O=Fermilab/OU=People/CN=Michael Diesburg/CN=UID:diesburg','\0',NULL,NULL,582,310),(1068,'2015-09-22 17:28:25','/DC=gov/DC=fnal/O=Fermilab/OU=People/CN=Sepideh Shahsavarani/CN=UID:sxs4736','\0',NULL,NULL,582,313),(1071,'2015-09-22 17:28:26','/DC=gov/DC=fnal/O=Fermilab/OU=Robots/CN=fifegrid/CN=batch/CN=Sepideh Shahsavarani/CN=UID:sxs4736','\0',NULL,NULL,582,313),(1074,'2015-09-22 17:28:29','/DC=gov/DC=fnal/O=Fermilab/OU=Robots/CN=fifegrid/CN=cron/CN=Qizhong Li/CN=UID:qzli','\0',NULL,NULL,582,316),(1077,'2015-09-22 17:28:32','/DC=gov/DC=fnal/O=Fermilab/OU=People/CN=Elizabeth Worcester/CN=UID:seturner','\0',NULL,NULL,582,319),(1080,'2015-09-22 17:28:35','/DC=gov/DC=fnal/O=Fermilab/OU=Robots/CN=gpsn01.fnal.gov/CN=cron/CN=Yujing Sun/CN=UID:ysun','\0',NULL,NULL,582,322),(1083,'2015-09-22 17:28:36','/DC=gov/DC=fnal/O=Fermilab/OU=People/CN=Yujing Sun/CN=UID:ysun','\0',NULL,NULL,582,322),(1086,'2015-09-22 17:28:39','/DC=gov/DC=fnal/O=Fermilab/OU=People/CN=Marc W. Mengel/CN=UID:mengel','\0',NULL,NULL,582,325),(1089,'2015-09-22 17:28:39','/DC=gov/DC=fnal/O=Fermilab/OU=Robots/CN=gpsn01.fnal.gov/CN=cron/CN=Marc W. Mengel/CN=UID:mengel','\0',NULL,NULL,582,325),(1092,'2015-09-22 17:28:42','/DC=gov/DC=fnal/O=Fermilab/OU=People/CN=Maria jose Bustamante rosell/CN=UID:maj0bur0','\0',NULL,NULL,582,328),(1095,'2015-09-22 17:28:46','/DC=gov/DC=fnal/O=Fermilab/OU=Robots/CN=fifegrid/CN=cron/CN=Maxim Potekhin/CN=UID:potekhin','\0',NULL,NULL,582,331),(1098,'2015-09-22 17:28:46','/DC=com/DC=DigiCert-Grid/O=Open Science Grid/OU=People/CN=Maxim Potekhin 256','\0',NULL,NULL,192,331),(1101,'2015-09-22 17:28:47','/DC=gov/DC=fnal/O=Fermilab/OU=Robots/CN=gpsn01.fnal.gov/CN=cron/CN=Maxim Potekhin/CN=UID:potekhin','\0',NULL,NULL,582,331),(1104,'2015-09-22 17:28:50','/DC=gov/DC=fnal/O=Fermilab/OU=Robots/CN=gpsn01.fnal.gov/CN=cron/CN=Arthur E. Kreymer/CN=UID:kreymer','\0',NULL,NULL,582,334),(1107,'2015-09-22 17:28:54','/DC=gov/DC=fnal/O=Fermilab/OU=People/CN=Martin Richardson/CN=UID:fpa06mr1','\0',NULL,NULL,582,337),(1110,'2015-09-22 17:28:57','/DC=gov/DC=fnal/O=Fermilab/OU=Robots/CN=gpsn01.fnal.gov/CN=cron/CN=Joshua Bolton/CN=UID:jdb8929','\0',NULL,NULL,582,340),(1113,'2015-09-22 17:28:58','/DC=gov/DC=fnal/O=Fermilab/OU=People/CN=Joshua Bolton/CN=UID:jdb8929','\0',NULL,NULL,582,340),(1128,'2015-09-22 17:29:12','/DC=gov/DC=fnal/O=Fermilab/OU=People/CN=Jeremy E. Hewes/CN=UID:jhewes15','\0',NULL,NULL,582,349),(1131,'2015-09-22 17:29:15','/DC=gov/DC=fnal/O=Fermilab/OU=People/CN=Matthew P. Worcester/CN=UID:mworcest','\0',NULL,NULL,582,352),(1134,'2015-09-22 17:29:20','/DC=gov/DC=fnal/O=Fermilab/OU=People/CN=Jay B. Lundy/CN=UID:jbl5120','\0',NULL,NULL,582,358),(1137,'2015-09-22 17:29:23','/DC=gov/DC=fnal/O=Fermilab/OU=People/CN=Mark Convery/CN=UID:mconvery','\0',NULL,NULL,582,361),(1140,'2015-09-22 17:29:29','/DC=gov/DC=fnal/O=Fermilab/OU=Robots/CN=fifegrid/CN=batch/CN=Kenneth R. Herner/CN=UID:kherner','\0',NULL,NULL,582,364),(1143,'2015-09-22 17:29:30','/DC=gov/DC=fnal/O=Fermilab/OU=People/CN=Kenneth R. Herner/CN=UID:kherner','\0',NULL,NULL,582,364),(1146,'2015-09-22 17:29:30','/DC=gov/DC=fnal/O=Fermilab/OU=Robots/CN=gpsn01.fnal.gov/CN=cron/CN=Kenneth R. Herner/CN=UID:kherner','\0',NULL,NULL,582,364),(1149,'2015-09-22 17:29:34','/DC=gov/DC=fnal/O=Fermilab/OU=Robots/CN=fifegrid/CN=batch/CN=Alexandre B. Pereira sousa/CN=UID:asousa','\0',NULL,NULL,582,367),(1152,'2015-09-22 17:29:34','/DC=com/DC=DigiCert-Grid/O=Open Science Grid/OU=People/CN=Alexandre Bruno Pereira e Sousa 1005','\0',NULL,NULL,192,367),(1155,'2015-09-22 17:29:37','/DC=gov/DC=fnal/O=Fermilab/OU=Robots/CN=fifegrid/CN=batch/CN=Tanya Levshina/CN=UID:tlevshin','\0',NULL,NULL,582,370),(1158,'2015-09-22 17:29:38','/DC=gov/DC=fnal/O=Fermilab/OU=Robots/CN=gpsn01.fnal.gov/CN=cron/CN=Tanya Levshina/CN=UID:tlevshin','\0',NULL,NULL,582,370),(1161,'2015-09-22 17:29:39','/DC=gov/DC=fnal/O=Fermilab/OU=People/CN=Tanya Levshina/CN=UID:tlevshin','\0',NULL,NULL,582,370),(1164,'2015-09-22 17:29:42','/DC=gov/DC=fnal/O=Fermilab/OU=Robots/CN=fifegrid/CN=batch/CN=Yi Jia/CN=UID:echo315','\0',NULL,NULL,582,373),(1167,'2015-09-22 17:29:45','/DC=gov/DC=fnal/O=Fermilab/OU=People/CN=Casandra H. Morris/CN=UID:dani83','\0',NULL,NULL,582,376),(1170,'2015-09-22 17:29:48','/DC=gov/DC=fnal/O=Fermilab/OU=Robots/CN=fifegrid/CN=batch/CN=Sarah L. Mancina/CN=UID:smanc1na','\0',NULL,NULL,582,379),(1173,'2015-09-22 17:30:01','/DC=gov/DC=fnal/O=Fermilab/OU=People/CN=Jonathan Davies/CN=UID:jpdavies','\0',NULL,NULL,582,394),(1176,'2015-09-22 17:30:04','/DC=gov/DC=fnal/O=Fermilab/OU=Robots/CN=fifegrid/CN=batch/CN=Gleb Sinev/CN=UID:gvsinev','\0',NULL,NULL,582,397),(1179,'2015-09-22 17:30:08','/DC=gov/DC=fnal/O=Fermilab/OU=People/CN=Chao Zhang/CN=UID:chaoz','\0',NULL,NULL,582,400),(1182,'2015-09-22 17:30:11','/DC=gov/DC=fnal/O=Fermilab/OU=People/CN=Quynh Nguyen/CN=UID:quynh','\0',NULL,NULL,582,403),(1185,'2015-09-22 17:30:14','/DC=gov/DC=fnal/O=Fermilab/OU=People/CN=Musser J. Musser/CN=UID:rm817','\0',NULL,NULL,582,406),(1188,'2015-09-22 17:30:17','/DC=gov/DC=fnal/O=Fermilab/OU=Robots/CN=fifegrid/CN=batch/CN=Zelimir Djurcic/CN=UID:zdjurcic','\0',NULL,NULL,582,409),(1191,'2015-09-22 17:30:20','/DC=gov/DC=fnal/O=Fermilab/OU=People/CN=Kevin Wood/CN=UID:kwood','\0',NULL,NULL,582,412),(1194,'2015-09-22 17:30:23','/DC=gov/DC=fnal/O=Fermilab/OU=Robots/CN=fifegrid/CN=batch/CN=Thales V. Vieira/CN=UID:thalesv','\0',NULL,NULL,582,415),(1197,'2015-09-22 17:30:27','/DC=gov/DC=fnal/O=Fermilab/OU=People/CN=Gerard Bernabeu Altayo/CN=UID:gerard1','\0',NULL,NULL,582,418),(1200,'2015-09-22 17:30:30','/DC=gov/DC=fnal/O=Fermilab/OU=People/CN=Tristan D. Blackburn/CN=UID:tristan','\0',NULL,NULL,582,421),(1203,'2015-09-22 17:30:35','/DC=gov/DC=fnal/O=Fermilab/OU=Robots/CN=fifegrid/CN=batch/CN=Carly Taylor/CN=UID:cntaylor','\0',NULL,NULL,582,427),(1206,'2015-09-22 17:30:38','/DC=gov/DC=fnal/O=Fermilab/OU=Robots/CN=fifegrid/CN=batch/CN=Muhammad Elnimr/CN=UID:melnimr','\0',NULL,NULL,582,430),(1209,'2015-09-22 17:30:42','/DC=gov/DC=fnal/O=Fermilab/OU=Robots/CN=fifegrid/CN=batch/CN=David L. Adams/CN=UID:dladams','\0',NULL,NULL,582,433),(1212,'2015-09-22 17:30:42','/DC=gov/DC=fnal/O=Fermilab/OU=People/CN=David L. Adams/CN=UID:dladams','\0',NULL,NULL,582,433),(1215,'2015-09-22 17:30:46','/DC=gov/DC=fnal/O=Fermilab/OU=People/CN=Francesco Tortorici/CN=UID:ftortori','\0',NULL,NULL,582,436),(1218,'2015-09-22 17:30:46','/DC=gov/DC=fnal/O=Fermilab/OU=Robots/CN=fifegrid/CN=batch/CN=Francesco Tortorici/CN=UID:ftortori','\0',NULL,NULL,582,436),(1221,'2015-09-22 17:30:53','/DC=gov/DC=fnal/O=Fermilab/OU=Robots/CN=gpsn01.fnal.gov/CN=cron/CN=Thomas K. Warburton/CN=UID:php13tkw','\0',NULL,NULL,582,442),(1224,'2015-09-22 17:30:57','/DC=gov/DC=fnal/O=Fermilab/OU=Robots/CN=gpsn01.fnal.gov/CN=cron/CN=Herbert Greenlee/CN=UID:greenlee','\0',NULL,NULL,582,445),(1227,'2015-09-22 17:30:58','/DC=gov/DC=fnal/O=Fermilab/OU=Robots/CN=fifegrid/CN=batch/CN=Herbert Greenlee/CN=UID:greenlee','\0',NULL,NULL,582,445),(1230,'2015-09-22 17:31:01','/DC=gov/DC=fnal/O=Fermilab/OU=Robots/CN=gpsn01.fnal.gov/CN=cron/CN=Matthew C. Tamsett/CN=UID:tamsett','\0',NULL,NULL,582,448),(1233,'2015-09-22 17:31:02','/DC=gov/DC=fnal/O=Fermilab/OU=Robots/CN=fifegrid/CN=batch/CN=Matthew C. Tamsett/CN=UID:tamsett','\0',NULL,NULL,582,448),(1236,'2015-09-22 17:31:05','/DC=gov/DC=fnal/O=Fermilab/OU=Robots/CN=fifegrid/CN=batch/CN=Michael J. Wallbank/CN=UID:wallbank','\0',NULL,NULL,582,451),(1239,'2015-09-22 17:31:08','/DC=gov/DC=fnal/O=Fermilab/OU=Robots/CN=fifegrid/CN=batch/CN=Animesh Chatterjee/CN=UID:achatter','\0',NULL,NULL,582,454),(1242,'2015-09-22 17:31:11','/DC=gov/DC=fnal/O=Fermilab/OU=People/CN=Ohana B. Rodrigues/CN=UID:ohanabr','\0',NULL,NULL,582,457),(1245,'2015-09-22 17:31:14','/DC=gov/DC=fnal/O=Fermilab/OU=Robots/CN=fifegrid/CN=batch/CN=Michael Mooney/CN=UID:mrmooney','\0',NULL,NULL,582,460),(1248,'2015-09-22 17:31:18','/DC=gov/DC=fnal/O=Fermilab/OU=Robots/CN=gpsn01.fnal.gov/CN=cron/CN=Nikolai Mokhov/CN=UID:mokhov','\0',NULL,NULL,582,463),(1251,'2015-09-22 17:31:18','/DC=com/DC=DigiCert-Grid/O=Open Science Grid/OU=People/CN=Nikolai Mokhov 2155','\0',NULL,NULL,192,463),(1254,'2015-09-22 17:31:19','/DC=gov/DC=fnal/O=Fermilab/OU=People/CN=Nikolai Mokhov/CN=UID:mokhov','\0',NULL,NULL,582,463),(1257,'2015-09-22 17:31:22','/DC=gov/DC=fnal/O=Fermilab/OU=People/CN=Guang Zhao/CN=UID:zhaog','\0',NULL,NULL,582,466),(1260,'2015-09-22 17:31:25','/DC=com/DC=DigiCert-Grid/O=Open Science Grid/OU=People/CN=John Back 3022','\0',NULL,NULL,192,469),(1263,'2015-09-22 17:31:26','/DC=gov/DC=fnal/O=Fermilab/OU=People/CN=John J. Back/CN=UID:jback','\0',NULL,NULL,582,469),(1266,'2015-09-22 17:31:29','/DC=com/DC=DigiCert-Grid/O=Open Science Grid/OU=People/CN=Erik Blaufuss 1787','\0',NULL,NULL,192,472),(1269,'2015-09-22 17:31:30','/DC=gov/DC=fnal/O=Fermilab/OU=Robots/CN=fifegrid/CN=batch/CN=Erik K. Blaufuss/CN=UID:blaufuss','\0',NULL,NULL,582,472),(1272,'2015-09-22 17:31:36','/DC=gov/DC=fnal/O=Fermilab/OU=Robots/CN=fifegrid/CN=batch/CN=Jyoti Joshi/CN=UID:jyoti','\0',NULL,NULL,582,475),(1275,'2015-09-22 17:31:37','/DC=gov/DC=fnal/O=Fermilab/OU=People/CN=Jyoti Joshi/CN=UID:jyoti','\0',NULL,NULL,582,475),(1278,'2015-09-22 17:31:40','/DC=com/DC=DigiCert-Grid/O=Open Science Grid/OU=People/CN=Dave Dykstra 508','\0',NULL,NULL,192,478),(1281,'2015-09-22 17:31:43','/DC=gov/DC=fnal/O=Fermilab/OU=Robots/CN=fifegrid/CN=batch/CN=Ranjan Dharmapalan/CN=UID:ranjan','\0',NULL,NULL,582,481),(1284,'2015-09-22 17:31:46','/DC=gov/DC=fnal/O=Fermilab/OU=Robots/CN=fifegrid/CN=batch/CN=Samantha A. Fortuna/CN=UID:sfortuna','\0',NULL,NULL,582,484),(1287,'2015-09-22 17:31:50','/DC=gov/DC=fnal/O=Fermilab/OU=Robots/CN=fifegrid/CN=batch/CN=Jyotsna Singh/CN=UID:jsingh2','\0',NULL,NULL,582,487),(1290,'2015-09-22 17:31:53','/DC=gov/DC=fnal/O=Fermilab/OU=People/CN=Kapil Aryal/CN=UID:karyal','\0',NULL,NULL,582,490),(1293,'2015-09-22 17:31:56','/DC=gov/DC=fnal/O=Fermilab/OU=Robots/CN=fifegrid/CN=batch/CN=Monica N. Avila/CN=UID:mavila','\0',NULL,NULL,582,493),(1296,'2015-09-22 17:31:59','/DC=gov/DC=fnal/O=Fermilab/OU=Robots/CN=fifegrid/CN=batch/CN=Kim truc T. Nguyen/CN=UID:knguyen','\0',NULL,NULL,582,496),(1299,'2015-09-22 17:32:02','/DC=gov/DC=fnal/O=Fermilab/OU=People/CN=Eric H. Amador/CN=UID:eamador','\0',NULL,NULL,582,499),(1302,'2015-09-22 17:32:05','/DC=gov/DC=fnal/O=Fermilab/OU=Robots/CN=fifegrid/CN=batch/CN=Jacob C. Larkin/CN=UID:jlarkin','\0',NULL,NULL,582,502),(1305,'2015-09-22 17:32:08','/DC=gov/DC=fnal/O=Fermilab/OU=Robots/CN=fifegrid/CN=batch/CN=Jon E. Urheim/CN=UID:urheim','\0',NULL,NULL,582,505),(1308,'2015-09-22 17:32:12','/DC=gov/DC=fnal/O=Fermilab/OU=Robots/CN=fifegrid/CN=batch/CN=Travis Dore/CN=UID:tdore','\0',NULL,NULL,582,508),(1311,'2015-09-22 17:32:15','/DC=gov/DC=fnal/O=Fermilab/OU=Robots/CN=fifegrid/CN=batch/CN=Edward C. Dunton/CN=UID:duntonc','\0',NULL,NULL,582,511),(1314,'2015-09-22 17:32:18','/DC=gov/DC=fnal/O=Fermilab/OU=Robots/CN=fifegrid/CN=batch/CN=Matthew Robinson/CN=UID:mrobinso','\0',NULL,NULL,582,514),(1317,'2015-09-22 17:32:21','/DC=gov/DC=fnal/O=Fermilab/OU=Robots/CN=fifegrid/CN=batch/CN=Alexander C. Booth/CN=UID:abooth','\0',NULL,NULL,582,517),(1320,'2015-09-22 17:32:24','/DC=gov/DC=fnal/O=Fermilab/OU=People/CN=Dorota Stefan/CN=UID:dstefan','\0',NULL,NULL,582,520),(1321,'2015-09-23 11:53:41','/DC=gov/DC=fnal/O=Fermilab/OU=People/CN=Elizabeth Mallory/CN=UID:emallory','\0',NULL,NULL,582,553),(1324,'2015-09-23 11:53:42','/DC=gov/DC=fnal/O=Fermilab/OU=Robots/CN=fifegrid/CN=batch/CN=Elizabeth Mallory/CN=UID:emallory','\0',NULL,NULL,582,553),(1327,'2015-09-24 16:39:52','/DC=gov/DC=fnal/O=Fermilab/OU=People/CN=Ines Gil-botella/CN=UID:botella','\0',NULL,NULL,582,556),(1330,'2015-09-24 16:39:53','/DC=gov/DC=fnal/O=Fermilab/OU=Robots/CN=fifegrid/CN=batch/CN=Ines Gil-botella/CN=UID:botella','\0',NULL,NULL,582,556),(1333,'2015-09-25 14:28:23','/DC=gov/DC=fnal/O=Fermilab/OU=People/CN=Shiqi Yu/CN=UID:syu','\0',NULL,NULL,582,559),(1336,'2015-09-25 14:28:24','/DC=gov/DC=fnal/O=Fermilab/OU=Robots/CN=fifegrid/CN=batch/CN=Shiqi Yu/CN=UID:syu','\0',NULL,NULL,582,559),(1339,'2015-09-28 17:09:54','/DC=gov/DC=fnal/O=Fermilab/OU=People/CN=Jianming Bian/CN=UID:bianjm','\0',NULL,NULL,582,562),(1342,'2015-09-28 17:10:27','/DC=gov/DC=fnal/O=Fermilab/OU=Robots/CN=fifegrid/CN=batch/CN=Jianming Bian/CN=UID:bianjm','\0',NULL,NULL,582,562),(1351,'2015-10-02 12:26:17','/DC=gov/DC=fnal/O=Fermilab/OU=People/CN=Justo Martin-albo simon/CN=UID:jmalbos','\0',NULL,NULL,582,565),(1354,'2015-10-02 12:26:18','/DC=gov/DC=fnal/O=Fermilab/OU=Robots/CN=fifegrid/CN=batch/CN=Justo Martin-albo simon/CN=UID:jmalbos','\0',NULL,NULL,582,565),(1357,'2015-10-07 08:44:46','/DC=gov/DC=fnal/O=Fermilab/OU=People/CN=Ryan J. Nichol/CN=UID:rjn','\0',NULL,NULL,582,568),(1360,'2015-10-07 08:44:47','/DC=gov/DC=fnal/O=Fermilab/OU=Robots/CN=fifegrid/CN=batch/CN=Ryan J. Nichol/CN=UID:rjn','\0',NULL,NULL,582,568),(1363,'2015-10-09 09:51:20','/DC=gov/DC=fnal/O=Fermilab/OU=People/CN=Vito Di benedetto/CN=UID:vito','\0',NULL,NULL,582,571),(1366,'2015-10-09 09:51:21','/DC=gov/DC=fnal/O=Fermilab/OU=Robots/CN=fifegrid/CN=batch/CN=Vito Di benedetto/CN=UID:vito','\0',NULL,NULL,582,571),(1371,'2015-10-12 15:14:04','/DC=gov/DC=fnal/O=Fermilab/OU=People/CN=Norman  Buchanan/CN=UID:buchanan','\0',NULL,NULL,582,576),(1374,'2015-10-12 15:14:34','/DC=gov/DC=fnal/O=Fermilab/OU=Robots/CN=fifegrid/CN=batch/CN=Norman Buchanan/CN=UID:buchanan','\0',NULL,NULL,582,576),(1375,'2015-10-12 15:52:29','/DC=gov/DC=fnal/O=Fermilab/OU=People/CN=Norman Buchanan/CN=UID:buchanan','\0',NULL,NULL,582,577),(1377,'2015-10-12 17:39:30','/DC=gov/DC=fnal/O=Fermilab/OU=People/CN=Anwinder Kaur/CN=UID:akaur','\0',NULL,NULL,582,579),(1380,'2015-10-12 17:40:05','/DC=gov/DC=fnal/O=Fermilab/OU=Robots/CN=fifegrid/CN=batch/CN=Anwinder Kaur/CN=UID:akaur','\0',NULL,NULL,582,579),(1383,'2015-10-15 12:29:24','/DC=gov/DC=fnal/O=Fermilab/OU=People/CN=Celio Adrega de moura/CN=UID:camj','\0',NULL,NULL,582,582),(1386,'2015-10-15 12:30:10','/DC=gov/DC=fnal/O=Fermilab/OU=Robots/CN=fifegrid/CN=batch/CN=Celio Adrega de moura/CN=UID:camj','\0',NULL,NULL,582,582),(1387,'2015-10-15 14:45:32','/DC=gov/DC=fnal/O=Fermilab/OU=People/CN=Thomas Patzak/CN=UID:patzak','\0',NULL,NULL,582,583),(1390,'2015-10-15 14:45:33','/DC=gov/DC=fnal/O=Fermilab/OU=Robots/CN=fifegrid/CN=batch/CN=Thomas Patzak/CN=UID:patzak','\0',NULL,NULL,582,583),(1392,'2015-10-19 21:56:16','/DC=gov/DC=fnal/O=Fermilab/OU=People/CN=Amanda J. Weinstein/CN=UID:amandajw','\0',NULL,NULL,582,585),(1395,'2015-10-19 21:57:16','/DC=gov/DC=fnal/O=Fermilab/OU=Robots/CN=fifegrid/CN=batch/CN=Amanda J. Weinstein/CN=UID:amandajw','\0',NULL,NULL,582,585),(1398,'2015-10-22 13:28:29','/DC=gov/DC=fnal/O=Fermilab/OU=People/CN=Soumya R. Das/CN=UID:sdas','\0',NULL,NULL,582,588),(1401,'2015-10-22 13:29:07','/DC=gov/DC=fnal/O=Fermilab/OU=Robots/CN=fifegrid/CN=batch/CN=Soumya R. Das/CN=UID:sdas','\0',NULL,NULL,582,588),(1402,'2015-10-23 09:51:50','/DC=gov/DC=fnal/O=Fermilab/OU=People/CN=Andres F. Alba hernandez/CN=UID:ahandres','\0',NULL,NULL,582,589),(1405,'2015-10-23 09:51:51','/DC=gov/DC=fnal/O=Fermilab/OU=Robots/CN=fifegrid/CN=batch/CN=Andres F. Alba hernandez/CN=UID:ahandres','\0',NULL,NULL,582,589),(1414,'2015-10-23 10:28:28','/DC=gov/DC=fnal/O=Fermilab/OU=People/CN=Qiulan Huang/CN=UID:qhuang','\0',NULL,NULL,582,595),(1417,'2015-10-23 10:28:29','/DC=gov/DC=fnal/O=Fermilab/OU=Robots/CN=fifegrid/CN=batch/CN=Qiulan Huang/CN=UID:qhuang','\0',NULL,NULL,582,595),(1420,'2015-10-23 10:29:56','/DC=gov/DC=fnal/O=Fermilab/OU=People/CN=Anna Mazzacane/CN=UID:mazzacan','\0',NULL,NULL,582,598),(1423,'2015-10-23 10:29:57','/DC=gov/DC=fnal/O=Fermilab/OU=Robots/CN=fifegrid/CN=batch/CN=Anna Mazzacane/CN=UID:mazzacan','\0',NULL,NULL,582,598),(1426,'2015-10-23 12:24:09','/DC=gov/DC=fnal/O=Fermilab/OU=People/CN=Sebastien Murphy/CN=UID:smurphy2','\0',NULL,NULL,582,601),(1429,'2015-10-23 12:24:10','/DC=gov/DC=fnal/O=Fermilab/OU=Robots/CN=fifegrid/CN=batch/CN=Sebastien Murphy/CN=UID:smurphy2','\0',NULL,NULL,582,601),(1432,'2015-10-28 09:22:27','/DC=gov/DC=fnal/O=Fermilab/OU=People/CN=Alison J. Roeth/CN=UID:ajroeth','\0',NULL,NULL,582,604),(1435,'2015-10-28 09:22:28','/DC=gov/DC=fnal/O=Fermilab/OU=Robots/CN=fifegrid/CN=batch/CN=Alison J. Roeth/CN=UID:ajroeth','\0',NULL,NULL,582,604),(1441,'2015-11-13 10:52:06','/DC=gov/DC=fnal/O=Fermilab/OU=People/CN=Ashley I. Young/CN=UID:aiyoung','\0',NULL,NULL,582,607),(1444,'2015-11-13 10:52:46','/DC=gov/DC=fnal/O=Fermilab/OU=Robots/CN=fifegrid/CN=batch/CN=Ashley I. Young/CN=UID:aiyoung','\0',NULL,NULL,582,607),(1447,'2015-11-18 16:25:39','/DC=gov/DC=fnal/O=Fermilab/OU=People/CN=Robert W. Hatcher/CN=UID:rhatcher','\0',NULL,NULL,582,610),(1450,'2015-11-18 16:25:40','/DC=gov/DC=fnal/O=Fermilab/OU=Robots/CN=fifegrid/CN=batch/CN=Robert W. Hatcher/CN=UID:rhatcher','\0',NULL,NULL,582,610),(1453,'2015-12-08 16:20:48','/DC=gov/DC=fnal/O=Fermilab/OU=People/CN=Sean Mcguinness/CN=UID:smcguinn','\0',NULL,NULL,582,613),(1456,'2015-12-08 16:20:49','/DC=gov/DC=fnal/O=Fermilab/OU=Robots/CN=fifegrid/CN=batch/CN=Sean Mcguinness/CN=UID:smcguinn','\0',NULL,NULL,582,613),(1474,'2015-12-09 15:32:28','/DC=com/DC=DigiCert-Grid/O=Open Science Grid/OU=Services/CN=dunepro/dunegpvm01.fnal.gov','\0',NULL,NULL,1069,32),(1480,'2015-12-14 21:05:44','/DC=com/DC=DigiCert-Grid/O=Open Science Grid/OU=Services/CN=poms/pomsgpvm01.fnal.gov','\0',NULL,NULL,192,325),(1483,'2015-12-15 09:11:53','/DC=gov/DC=fnal/O=Fermilab/OU=People/CN=Steven J. Gardiner/CN=UID:gardiner','\0',NULL,NULL,582,622),(1486,'2015-12-15 09:11:54','/DC=gov/DC=fnal/O=Fermilab/OU=Robots/CN=fifegrid/CN=batch/CN=Steven J. Gardiner/CN=UID:gardiner','\0',NULL,NULL,582,622),(1492,'2015-12-17 10:31:15','/DC=gov/DC=fnal/O=Fermilab/OU=People/CN=Ryan E. Linehan/CN=UID:linehan3','\0',NULL,NULL,582,625),(1495,'2015-12-17 10:31:16','/DC=gov/DC=fnal/O=Fermilab/OU=Robots/CN=fifegrid/CN=batch/CN=Ryan E. Linehan/CN=UID:linehan3','\0',NULL,NULL,582,625),(1498,'2015-12-18 10:29:49','/DC=gov/DC=fnal/O=Fermilab/OU=People/CN=Vitaly Kudryavtsev/CN=UID:vkudryav','\0',NULL,NULL,582,628),(1501,'2015-12-18 10:29:49','/DC=gov/DC=fnal/O=Fermilab/OU=Robots/CN=fifegrid/CN=batch/CN=Vitaly Kudryavtsev/CN=UID:vkudryav','\0',NULL,NULL,582,628),(1549,'2015-12-22 14:16:04','/DC=org/DC=opensciencegrid/O=Open Science Grid/OU=Services/CN=fcdfhead10.fnal.gov','\0',NULL,NULL,1077,2),(1552,'2015-12-22 14:16:04','/DC=org/DC=opensciencegrid/O=Open Science Grid/OU=People/CN=Thomas Robert Junk 792','\0',NULL,NULL,1077,32),(1555,'2015-12-22 14:16:04','/DC=org/DC=opensciencegrid/O=Open Science Grid/OU=Services/CN=gfrontend/fifebatch1.fnal.gov','\0',NULL,NULL,1077,346),(1558,'2015-12-22 14:16:04','/DC=org/DC=opensciencegrid/O=Open Science Grid/OU=People/CN=Kenneth Herner 1385','\0',NULL,NULL,1077,364),(1561,'2015-12-22 14:16:04','/DC=org/DC=opensciencegrid/O=Open Science Grid/OU=People/CN=Tanya Levshina 304','\0',NULL,NULL,1077,370),(1564,'2015-12-22 14:16:04','/DC=org/DC=opensciencegrid/O=Open Science Grid/OU=People/CN=Ofer Rind 1423','\0',NULL,NULL,1077,382),(1567,'2015-12-22 14:16:04','/DC=org/DC=opensciencegrid/O=Open Science Grid/OU=People/CN=Hironori Ito 621','\0',NULL,NULL,1077,385),(1570,'2015-12-22 14:16:04','/DC=org/DC=opensciencegrid/O=Open Science Grid/OU=People/CN=Jaroslava Schovancova LBNE','\0',NULL,NULL,1077,388),(1573,'2015-12-22 14:16:04','/DC=org/DC=opensciencegrid/O=Open Science Grid/OU=People/CN=Brett Viren 2598','\0',NULL,NULL,1077,391),(1576,'2015-12-22 14:16:04','/DC=org/DC=opensciencegrid/O=Open Science Grid/OU=People/CN=Brian Kirby 2737','\0',NULL,NULL,1077,424),(1579,'2015-12-22 14:16:04','/DC=org/DC=opensciencegrid/O=Open Science Grid/OU=People/CN=David Adams 1571','\0',NULL,NULL,1077,433),(1582,'2015-12-22 14:16:04','/DC=org/DC=opensciencegrid/O=Open Science Grid/OU=Services/CN=frontend/fifebatch.fnal.gov','\0',NULL,NULL,1077,2),(1585,'2015-12-22 14:16:04','/DC=org/DC=opensciencegrid/O=Open Science Grid/OU=Services/CN=rsv/dunegpvm01.fnal.gov','\0',NULL,NULL,1077,32),(1588,'2015-12-22 14:16:04','/DC=org/DC=opensciencegrid/O=Open Science Grid/OU=People/CN=Dmitry Litvintsev 1123','\0',NULL,NULL,1077,543),(1591,'2015-12-22 14:16:04','/DC=org/DC=opensciencegrid/O=Open Science Grid/OU=People/CN=Dennis Box 497','\0',NULL,NULL,1077,127),(1594,'2015-12-22 14:16:04','/DC=org/DC=opensciencegrid/O=Open Science Grid/OU=People/CN=Joe Boyd 579','\0',NULL,NULL,1077,2),(1597,'2015-12-22 14:16:04','/DC=org/DC=opensciencegrid/O=Open Science Grid/OU=Services/CN=fts/lbnesamgpvm01.fnal.gov','\0',NULL,NULL,1077,310),(1600,'2015-12-22 14:16:04','/DC=org/DC=opensciencegrid/O=Open Science Grid/OU=People/CN=Michael Diesburg 47','\0',NULL,NULL,1077,310),(1603,'2015-12-22 14:16:04','/DC=org/DC=opensciencegrid/O=Open Science Grid/OU=People/CN=Maxim Potekhin 256','\0',NULL,NULL,1077,331),(1606,'2015-12-22 14:16:04','/DC=org/DC=opensciencegrid/O=Open Science Grid/OU=People/CN=Stuart Fuess 499','\0',NULL,NULL,1077,343),(1612,'2015-12-22 14:16:04','/DC=org/DC=opensciencegrid/O=Open Science Grid/OU=People/CN=Alexandre Bruno Pereira e Sousa 1005','\0',NULL,NULL,1077,367),(1615,'2015-12-22 14:16:04','/DC=org/DC=opensciencegrid/O=Open Science Grid/OU=People/CN=Nikolai Mokhov 2155','\0',NULL,NULL,1077,463),(1618,'2015-12-22 14:16:04','/DC=org/DC=opensciencegrid/O=Open Science Grid/OU=People/CN=John Back 3022','\0',NULL,NULL,1077,469),(1621,'2015-12-22 14:16:04','/DC=org/DC=opensciencegrid/O=Open Science Grid/OU=People/CN=Erik Blaufuss 1787','\0',NULL,NULL,1077,472),(1624,'2015-12-22 14:16:04','/DC=org/DC=opensciencegrid/O=Open Science Grid/OU=People/CN=Dave Dykstra 508','\0',NULL,NULL,1077,478),(1627,'2015-12-22 14:16:04','/DC=org/DC=opensciencegrid/O=Open Science Grid/OU=People/CN=Steve Timm 167','\0',NULL,NULL,1077,22),(1630,'2015-12-22 14:16:04','/DC=org/DC=opensciencegrid/O=Open Science Grid/OU=Services/CN=poms/pomsgpvm01.fnal.gov','\0',NULL,NULL,1077,325),(1642,'2015-12-22 14:16:38','/DC=org/DC=opensciencegrid/O=Open Science Grid/OU=Services/CN=dunepro/dunegpvm01.fnal.gov','\0',NULL,NULL,1077,32),(1644,'2016-01-06 14:37:19','/DC=gov/DC=fnal/O=Fermilab/OU=People/CN=John s. S. Marshall/CN=UID:jsm51','\0',NULL,NULL,582,630),(1647,'2016-01-06 14:38:39','/DC=gov/DC=fnal/O=Fermilab/OU=Robots/CN=fifegrid/CN=batch/CN=John s. S. Marshall/CN=UID:jsm51','\0',NULL,NULL,582,630),(1650,'2016-01-07 16:40:27','/DC=gov/DC=fnal/O=Fermilab/OU=People/CN=Jason D. Stock/CN=UID:jstock','\0',NULL,NULL,582,633),(1653,'2016-01-07 16:41:08','/DC=gov/DC=fnal/O=Fermilab/OU=Robots/CN=fifegrid/CN=batch/CN=Jason D. Stock/CN=UID:jstock','\0',NULL,NULL,582,633),(1654,'2016-01-08 11:04:43','/DC=gov/DC=fnal/O=Fermilab/OU=People/CN=Elliott F. Golnar/CN=UID:egolnar','\0',NULL,NULL,582,634),(1657,'2016-01-08 11:04:44','/DC=gov/DC=fnal/O=Fermilab/OU=Robots/CN=fifegrid/CN=batch/CN=Elliott F. Golnar/CN=UID:egolnar','\0',NULL,NULL,582,634),(1659,'2016-01-11 15:56:43','/DC=gov/DC=fnal/O=Fermilab/OU=Robots/CN=fifegrid/CN=batch/CN=Milorad Popovic/CN=UID:popovic','\0',NULL,NULL,582,636),(1662,'2016-01-11 15:57:39','/DC=gov/DC=fnal/O=Fermilab/OU=People/CN=Milorad Popovic/CN=UID:popovic','\0',NULL,NULL,582,636),(1663,'2016-01-15 09:42:38','/DC=gov/DC=fnal/O=Fermilab/OU=People/CN=Shirley Li/CN=UID:shirleyl','\0',NULL,NULL,582,637),(1666,'2016-01-15 09:42:39','/DC=gov/DC=fnal/O=Fermilab/OU=Robots/CN=fifegrid/CN=batch/CN=Shirley Li/CN=UID:shirleyl','\0',NULL,NULL,582,637),(1668,'2016-01-19 16:33:46','/DC=gov/DC=fnal/O=Fermilab/OU=People/CN=Xiao Luo/CN=UID:xiaoluo','\0',NULL,NULL,582,639),(1671,'2016-01-19 16:35:22','/DC=gov/DC=fnal/O=Fermilab/OU=Robots/CN=fifegrid/CN=batch/CN=Xiao Luo/CN=UID:xiaoluo','\0',NULL,NULL,582,639),(1672,'2016-01-25 16:45:16','/DC=gov/DC=fnal/O=Fermilab/OU=People/CN=Leon M. Mualem/CN=UID:mualem','\0',NULL,NULL,582,640),(1675,'2016-01-25 16:45:17','/DC=gov/DC=fnal/O=Fermilab/OU=Robots/CN=fifegrid/CN=batch/CN=Leon M. Mualem/CN=UID:mualem','\0',NULL,NULL,582,640),(1677,'2016-01-29 10:52:26','/DC=gov/DC=fnal/O=Fermilab/OU=People/CN=Matthew D. Thiesse/CN=UID:mthiesse','\0',NULL,NULL,582,642),(1680,'2016-01-29 10:53:37','/DC=gov/DC=fnal/O=Fermilab/OU=Robots/CN=fifegrid/CN=batch/CN=Matthew D. Thiesse/CN=UID:mthiesse','\0',NULL,NULL,582,642),(1681,'2016-01-29 14:13:35','/DC=gov/DC=fnal/O=Fermilab/OU=People/CN=Lee F. Thompson/CN=UID:lthompso','\0',NULL,NULL,582,643),(1684,'2016-01-29 14:13:36','/DC=gov/DC=fnal/O=Fermilab/OU=Robots/CN=fifegrid/CN=batch/CN=Lee F. Thompson/CN=UID:lthompso','\0',NULL,NULL,582,643),(1687,'2016-02-03 11:53:18','/DC=gov/DC=fnal/O=Fermilab/OU=People/CN=Christos Touramanis/CN=UID:ctourama','\0',NULL,NULL,582,646),(1690,'2016-02-03 11:53:19','/DC=gov/DC=fnal/O=Fermilab/OU=Robots/CN=fifegrid/CN=batch/CN=Christos Touramanis/CN=UID:ctourama','\0',NULL,NULL,582,646),(1693,'2016-02-03 15:32:55','/DC=gov/DC=fnal/O=Fermilab/OU=People/CN=Thomas A. Schaffer/CN=UID:tschaf','\0',NULL,NULL,582,649),(1696,'2016-02-03 15:32:56','/DC=gov/DC=fnal/O=Fermilab/OU=Robots/CN=fifegrid/CN=batch/CN=Thomas A. Schaffer/CN=UID:tschaf','\0',NULL,NULL,582,649),(1699,'2016-02-05 12:40:52','/DC=gov/DC=fnal/O=Fermilab/OU=People/CN=Takuya Hasegawa/CN=UID:hasegawa','\0',NULL,NULL,582,652),(1702,'2016-02-05 12:40:53','/DC=gov/DC=fnal/O=Fermilab/OU=Robots/CN=fifegrid/CN=batch/CN=Takuya Hasegawa/CN=UID:hasegawa','\0',NULL,NULL,582,652),(1705,'2016-02-08 11:27:00','/DC=gov/DC=fnal/O=Fermilab/OU=People/CN=Nathan Pumulo/CN=UID:npumulo','\0',NULL,NULL,582,655),(1708,'2016-02-08 11:27:01','/DC=gov/DC=fnal/O=Fermilab/OU=Robots/CN=fifegrid/CN=batch/CN=Nathan Pumulo/CN=UID:npumulo','\0',NULL,NULL,582,655),(1711,'2016-02-10 13:44:32','/DC=gov/DC=fnal/O=Fermilab/OU=People/CN=Serhan Tufanli/CN=UID:stufanli','\0',NULL,NULL,582,658),(1714,'2016-02-10 13:44:33','/DC=gov/DC=fnal/O=Fermilab/OU=Robots/CN=fifegrid/CN=batch/CN=Serhan Tufanli/CN=UID:stufanli','\0',NULL,NULL,582,658),(1716,'2016-02-13 12:37:38','/DC=gov/DC=fnal/O=Fermilab/OU=People/CN=Peter S. Madigan/CN=UID:pmadigan','\0',NULL,NULL,582,660),(1719,'2016-02-13 12:38:38','/DC=gov/DC=fnal/O=Fermilab/OU=Robots/CN=fifegrid/CN=batch/CN=Peter S. Madigan/CN=UID:pmadigan','\0',NULL,NULL,582,660),(1722,'2016-02-16 12:08:00','/DC=gov/DC=fnal/O=Fermilab/OU=People/CN=Gianluca Petrillo/CN=UID:petrillo','\0',NULL,NULL,582,663),(1725,'2016-02-16 12:08:34','/DC=gov/DC=fnal/O=Fermilab/OU=Robots/CN=fifegrid/CN=batch/CN=Gianluca Petrillo/CN=UID:petrillo','\0',NULL,NULL,582,663),(1728,'2016-02-22 21:57:55','/DC=gov/DC=fnal/O=Fermilab/OU=People/CN=Andrew S. Blake/CN=UID:blake','\0',NULL,NULL,582,666),(1731,'2016-02-22 21:58:44','/DC=gov/DC=fnal/O=Fermilab/OU=Robots/CN=fifegrid/CN=batch/CN=Andrew S. Blake/CN=UID:blake','\0',NULL,NULL,582,666),(1732,'2016-03-01 10:38:25','/DC=gov/DC=fnal/O=Fermilab/OU=People/CN=Joshua B. Spitz/CN=UID:spitz7','\0',NULL,NULL,582,667),(1735,'2016-03-01 10:38:26','/DC=gov/DC=fnal/O=Fermilab/OU=Robots/CN=fifegrid/CN=batch/CN=Joshua B. Spitz/CN=UID:spitz7','\0',NULL,NULL,582,667),(1737,'2016-03-07 16:41:49','/DC=gov/DC=fnal/O=Fermilab/OU=People/CN=Wesley R. Ketchum/CN=UID:wketchum','\0',NULL,NULL,582,669),(1740,'2016-03-07 16:43:26','/DC=gov/DC=fnal/O=Fermilab/OU=Robots/CN=fifegrid/CN=batch/CN=Wesley R. Ketchum/CN=UID:wketchum','\0',NULL,NULL,582,669),(1742,'2016-03-11 09:32:27','/DC=gov/DC=fnal/O=Fermilab/OU=People/CN=Leisa M. Mcgee/CN=UID:lmcgee','\0',NULL,NULL,582,671),(1745,'2016-03-11 09:32:28','/DC=gov/DC=fnal/O=Fermilab/OU=Robots/CN=fifegrid/CN=batch/CN=Leisa M. Mcgee/CN=UID:lmcgee','\0',NULL,NULL,582,671),(1748,'2016-03-11 09:34:16','/DC=gov/DC=fnal/O=Fermilab/OU=People/CN=Stephen R. Dennis/CN=UID:sdennis','\0',NULL,NULL,582,674),(1751,'2016-03-11 09:34:17','/DC=gov/DC=fnal/O=Fermilab/OU=Robots/CN=fifegrid/CN=batch/CN=Stephen R. Dennis/CN=UID:sdennis','\0',NULL,NULL,582,674),(1754,'2016-03-14 12:46:00','/DC=gov/DC=fnal/O=Fermilab/OU=People/CN=Tyler N. Boone/CN=UID:tboone','\0',NULL,NULL,582,677),(1757,'2016-03-14 12:46:01','/DC=gov/DC=fnal/O=Fermilab/OU=Robots/CN=fifegrid/CN=batch/CN=Tyler N. Boone/CN=UID:tboone','\0',NULL,NULL,582,677),(1758,'2016-03-15 10:33:05','/DC=gov/DC=fnal/O=Fermilab/OU=People/CN=Martin Haigh/CN=UID:mdhaigh','\0',NULL,NULL,582,678),(1761,'2016-03-15 10:33:43','/DC=gov/DC=fnal/O=Fermilab/OU=Robots/CN=fifegrid/CN=batch/CN=Martin Haigh/CN=UID:mdhaigh','\0',NULL,NULL,582,678),(1763,'2016-03-15 13:53:46','/DC=gov/DC=fnal/O=Fermilab/OU=People/CN=Amir N. Khan/CN=UID:akhan','\0',NULL,NULL,582,680),(1766,'2016-03-15 13:53:47','/DC=gov/DC=fnal/O=Fermilab/OU=Robots/CN=fifegrid/CN=batch/CN=Amir N. Khan/CN=UID:akhan','\0',NULL,NULL,582,680),(1771,'2016-03-21 13:32:18','/DC=gov/DC=fnal/O=Fermilab/OU=People/CN=Lorena Escudero sanchez/CN=UID:escudero','\0',NULL,NULL,582,685),(1774,'2016-03-21 13:33:09','/DC=gov/DC=fnal/O=Fermilab/OU=Robots/CN=fifegrid/CN=batch/CN=Lorena Escudero sanchez/CN=UID:escudero','\0',NULL,NULL,582,685),(1777,'2016-03-23 15:43:25','/DC=gov/DC=fnal/O=Fermilab/OU=People/CN=Yue Wang/CN=UID:yuewang','\0',NULL,NULL,582,688),(1780,'2016-03-23 15:43:26','/DC=gov/DC=fnal/O=Fermilab/OU=Robots/CN=fifegrid/CN=batch/CN=Yue Wang/CN=UID:yuewang','\0',NULL,NULL,582,688),(1783,'2016-03-24 14:51:59','/C=UK/O=eScience/OU=Sheffield/L=CICS/CN=matthew robinson','\0',NULL,NULL,542,691),(1786,'2016-03-24 15:42:47','/DC=gov/DC=fnal/O=Fermilab/OU=People/CN=Poonam Mehta/CN=UID:pmehta','\0',NULL,NULL,582,694),(1789,'2016-03-24 15:42:47','/DC=gov/DC=fnal/O=Fermilab/OU=Robots/CN=fifegrid/CN=batch/CN=Poonam Mehta/CN=UID:pmehta','\0',NULL,NULL,582,694),(1795,'2016-03-28 10:30:14','/DC=gov/DC=fnal/O=Fermilab/OU=People/CN=Evan D. Niner/CN=UID:edniner','\0',NULL,NULL,582,697),(1798,'2016-03-28 10:30:14','/DC=gov/DC=fnal/O=Fermilab/OU=Robots/CN=fifegrid/CN=batch/CN=Evan D. Niner/CN=UID:edniner','\0',NULL,NULL,582,697),(1802,'2016-03-31 08:38:40','/DC=gov/DC=fnal/O=Fermilab/OU=People/CN=Richard Van berg/CN=UID:rvanberg','\0',NULL,NULL,582,701),(1804,'2016-03-31 08:38:41','/DC=gov/DC=fnal/O=Fermilab/OU=Robots/CN=fifegrid/CN=batch/CN=Richard Van berg/CN=UID:rvanberg','\0',NULL,NULL,582,701),(1805,'2016-03-31 09:20:15','/DC=gov/DC=fnal/O=Fermilab/OU=People/CN=Rachel L. Myers/CN=UID:rmyers','\0',NULL,NULL,582,704),(1807,'2016-03-31 09:20:16','/DC=gov/DC=fnal/O=Fermilab/OU=Robots/CN=fifegrid/CN=batch/CN=Rachel L. Myers/CN=UID:rmyers','\0',NULL,NULL,582,704),(1808,'2016-04-01 11:19:49','/DC=gov/DC=fnal/O=Fermilab/OU=People/CN=Maria Chamizo llatas/CN=UID:mchamizo','\0',NULL,NULL,582,707),(1810,'2016-04-01 11:19:50','/DC=gov/DC=fnal/O=Fermilab/OU=Robots/CN=fifegrid/CN=batch/CN=Maria Chamizo llatas/CN=UID:mchamizo','\0',NULL,NULL,582,707),(1811,'2016-04-01 11:25:18','/DC=gov/DC=fnal/O=Fermilab/OU=People/CN=Stefano Vergani/CN=UID:svergani','\0',NULL,NULL,582,710),(1813,'2016-04-01 11:25:19','/DC=gov/DC=fnal/O=Fermilab/OU=Robots/CN=fifegrid/CN=batch/CN=Stefano Vergani/CN=UID:svergani','\0',NULL,NULL,582,710),(1814,'2016-04-06 10:07:31','/DC=gov/DC=fnal/O=Fermilab/OU=People/CN=Michele Fattoruso/CN=UID:mfattoru','\0',NULL,NULL,582,713),(1816,'2016-04-06 10:07:32','/DC=gov/DC=fnal/O=Fermilab/OU=Robots/CN=fifegrid/CN=batch/CN=Michele Fattoruso/CN=UID:mfattoru','\0',NULL,NULL,582,713),(1819,'2016-04-06 11:29:45','/DC=org/DC=cilogon/C=US/O=Fermi National Accelerator Laboratory/OU=People/CN=Alexander Booth/CN=UID:abooth','\0',NULL,NULL,332,517),(1822,'2016-04-06 11:29:45','/DC=org/DC=cilogon/C=US/O=Fermi National Accelerator Laboratory/OU=People/CN=Animesh Chatterjee/CN=UID:achatter','\0',NULL,NULL,332,454),(1825,'2016-04-06 11:29:45','/DC=org/DC=cilogon/C=US/O=Fermi National Accelerator Laboratory/OU=People/CN=Adam Costarino/CN=UID:acostari','\0',NULL,NULL,332,534),(1828,'2016-04-06 11:29:46','/DC=org/DC=cilogon/C=US/O=Fermi National Accelerator Laboratory/OU=People/CN=Alysia Marino/CN=UID:admarino','\0',NULL,NULL,332,52),(1831,'2016-04-06 11:29:47','/DC=org/DC=cilogon/C=US/O=Fermi National Accelerator Laboratory/OU=People/CN=Andres Alba hernandez/CN=UID:ahandres','\0',NULL,NULL,332,589),(1834,'2016-04-06 11:29:47','/DC=org/DC=cilogon/C=US/O=Fermi National Accelerator Laboratory/OU=People/CN=Anne Heavey/CN=UID:aheavey','\0',NULL,NULL,332,100),(1837,'2016-04-06 11:29:47','/DC=org/DC=cilogon/C=US/O=Fermi National Accelerator Laboratory/OU=People/CN=Alex Himmel/CN=UID:ahimmel','\0',NULL,NULL,332,87),(1840,'2016-04-06 11:29:48','/DC=org/DC=cilogon/C=US/O=Fermi National Accelerator Laboratory/OU=People/CN=Ashley Young/CN=UID:aiyoung','\0',NULL,NULL,332,607),(1843,'2016-04-06 11:29:48','/DC=org/DC=cilogon/C=US/O=Fermi National Accelerator Laboratory/OU=People/CN=Alison Roeth/CN=UID:ajroeth','\0',NULL,NULL,332,604),(1846,'2016-04-06 11:29:48','/DC=org/DC=cilogon/C=US/O=Fermi National Accelerator Laboratory/OU=People/CN=Anwinder Kaur/CN=UID:akaur','\0',NULL,NULL,332,579),(1849,'2016-04-06 11:29:50','/DC=org/DC=cilogon/C=US/O=Fermi National Accelerator Laboratory/OU=People/CN=Amanda Weinstein/CN=UID:amandajw','\0',NULL,NULL,332,585),(1852,'2016-04-06 11:29:51','/DC=org/DC=cilogon/C=US/O=Fermi National Accelerator Laboratory/OU=People/CN=Andrzej Szelc/CN=UID:andrzejs','\0',NULL,NULL,332,166),(1855,'2016-04-06 11:29:54','/DC=org/DC=cilogon/C=US/O=Fermi National Accelerator Laboratory/OU=People/CN=Alexandre Pereira sousa/CN=UID:asousa','\0',NULL,NULL,332,367),(1861,'2016-04-06 11:29:56','/DC=org/DC=cilogon/C=US/O=Fermi National Accelerator Laboratory/OU=People/CN=Amit Bashyal/CN=UID:bashyal8','\0',NULL,NULL,332,271),(1864,'2016-04-06 11:29:57','/DC=org/DC=cilogon/C=US/O=Fermi National Accelerator Laboratory/OU=People/CN=Branton Demoss/CN=UID:bdemoss','\0',NULL,NULL,332,84),(1867,'2016-04-06 11:29:58','/DC=org/DC=cilogon/C=US/O=Fermi National Accelerator Laboratory/OU=People/CN=Eileen Berman/CN=UID:berman','\0',NULL,NULL,332,103),(1870,'2016-04-06 11:29:59','/DC=org/DC=cilogon/C=US/O=Fermi National Accelerator Laboratory/OU=People/CN=Jianming Bian/CN=UID:bianjm','\0',NULL,NULL,332,562),(1873,'2016-04-06 11:30:00','/DC=org/DC=cilogon/C=US/O=Fermi National Accelerator Laboratory/OU=People/CN=Brian Kirby/CN=UID:bkirby','\0',NULL,NULL,332,424),(1876,'2016-04-06 11:30:00','/DC=org/DC=cilogon/C=US/O=Fermi National Accelerator Laboratory/OU=People/CN=Andrew Blake/CN=UID:blake','\0',NULL,NULL,332,666),(1879,'2016-04-06 11:30:00','/DC=org/DC=cilogon/C=US/O=Fermi National Accelerator Laboratory/OU=People/CN=Erik Blaufuss/CN=UID:blaufuss','\0',NULL,NULL,332,472),(1882,'2016-04-06 11:30:01','/DC=org/DC=cilogon/C=US/O=Fermi National Accelerator Laboratory/OU=People/CN=Ines Gil-botella/CN=UID:botella','\0',NULL,NULL,332,556),(1885,'2016-04-06 11:30:01','/DC=org/DC=cilogon/C=US/O=Fermi National Accelerator Laboratory/OU=People/CN=Joe Boyd/CN=UID:boyd','\0',NULL,NULL,332,2),(1888,'2016-04-06 11:30:02','/DC=org/DC=cilogon/C=US/O=Fermi National Accelerator Laboratory/OU=People/CN=Brian Rebel/CN=UID:brebel','\0',NULL,NULL,332,121),(1891,'2016-04-06 11:30:02','/DC=org/DC=cilogon/C=US/O=Fermi National Accelerator Laboratory/OU=People/CN=Benjamin Riedel/CN=UID:briedel','\0',NULL,NULL,332,537),(1903,'2016-04-06 11:30:03','/DC=org/DC=cilogon/C=US/O=Fermi National Accelerator Laboratory/OU=People/CN=Brett Viren/CN=UID:bv','\0',NULL,NULL,332,118),(1906,'2016-04-06 11:30:04','/DC=org/DC=cilogon/C=US/O=Fermi National Accelerator Laboratory/OU=People/CN=Celio Adrega de moura/CN=UID:camj','\0',NULL,NULL,332,582),(1909,'2016-04-06 11:30:07','/DC=org/DC=cilogon/C=US/O=Fermi National Accelerator Laboratory/OU=People/CN=Chao Zhang/CN=UID:chaoz','\0',NULL,NULL,332,400),(1912,'2016-04-06 11:30:07','/DC=org/DC=cilogon/C=US/O=Fermi National Accelerator Laboratory/OU=People/CN=Daniel Cherdack/CN=UID:cherdack','\0',NULL,NULL,332,181),(1915,'2016-04-06 11:30:12','/DC=org/DC=cilogon/C=US/O=Fermi National Accelerator Laboratory/OU=People/CN=Christos Touramanis/CN=UID:ctourama','\0',NULL,NULL,332,646),(1918,'2016-04-06 11:30:13','/DC=org/DC=cilogon/C=US/O=Fermi National Accelerator Laboratory/OU=People/CN=Daniel Dwyer/CN=UID:dadwyer','\0',NULL,NULL,332,526),(1921,'2016-04-06 11:30:13','/DC=org/DC=cilogon/C=US/O=Fermi National Accelerator Laboratory/OU=People/CN=Casandra Morris/CN=UID:dani83','\0',NULL,NULL,332,376),(1924,'2016-04-06 11:30:14','/DC=org/DC=cilogon/C=US/O=Fermi National Accelerator Laboratory/OU=People/CN=Dennis Box/CN=UID:dbox','\0',NULL,NULL,332,127),(1927,'2016-04-06 11:30:14','/DC=org/DC=cilogon/C=US/O=Fermi National Accelerator Laboratory/OU=People/CN=Dominic Brailsford/CN=UID:dbrailsf','\0',NULL,NULL,332,540),(1930,'2016-04-06 11:30:16','/DC=org/DC=cilogon/C=US/O=Fermi National Accelerator Laboratory/OU=People/CN=Michael Diesburg/CN=UID:diesburg','\0',NULL,NULL,332,310),(1933,'2016-04-06 11:30:17','/DC=org/DC=cilogon/C=US/O=Fermi National Accelerator Laboratory/OU=People/CN=David Adams/CN=UID:dladams','\0',NULL,NULL,332,433),(1936,'2016-04-06 11:30:20','/DC=org/DC=cilogon/C=US/O=Fermi National Accelerator Laboratory/OU=People/CN=Dorota Stefan/CN=UID:dstefan','\0',NULL,NULL,332,520),(1939,'2016-04-06 11:30:20','/DC=org/DC=cilogon/C=US/O=Fermi National Accelerator Laboratory/OU=People/CN=Edward Dunton/CN=UID:duntonc','\0',NULL,NULL,332,511),(1942,'2016-04-06 11:30:21','/DC=org/DC=cilogon/C=US/O=Fermi National Accelerator Laboratory/OU=People/CN=Dave Dykstra/CN=UID:dwd','\0',NULL,NULL,332,478),(1945,'2016-04-06 11:30:21','/DC=org/DC=cilogon/C=US/O=Fermi National Accelerator Laboratory/OU=People/CN=Eric Amador/CN=UID:eamador','\0',NULL,NULL,332,499),(1951,'2016-04-06 11:30:21','/DC=org/DC=cilogon/C=US/O=Fermi National Accelerator Laboratory/OU=People/CN=Erika Catano mur/CN=UID:ecatanom','\0',NULL,NULL,332,253),(1954,'2016-04-06 11:30:21','/DC=org/DC=cilogon/C=US/O=Fermi National Accelerator Laboratory/OU=People/CN=Eric Church/CN=UID:echurch','\0',NULL,NULL,332,151),(1957,'2016-04-06 11:30:22','/DC=org/DC=cilogon/C=US/O=Fermi National Accelerator Laboratory/OU=People/CN=Evan Niner/CN=UID:edniner','\0',NULL,NULL,332,697),(1960,'2016-04-06 11:30:23','/DC=org/DC=cilogon/C=US/O=Fermi National Accelerator Laboratory/OU=People/CN=Ernesto Kemp/CN=UID:ekemp','\0',NULL,NULL,332,62),(1963,'2016-04-06 11:30:23','/DC=org/DC=cilogon/C=US/O=Fermi National Accelerator Laboratory/OU=People/CN=Elizabeth Mallory/CN=UID:emallory','\0',NULL,NULL,332,553),(1966,'2016-04-06 11:30:24','/DC=org/DC=cilogon/C=US/O=Fermi National Accelerator Laboratory/OU=People/CN=Elisabetta Pennacchio/CN=UID:epennacc','\0',NULL,NULL,332,88),(1969,'2016-04-06 11:30:25','/DC=org/DC=cilogon/C=US/O=Fermi National Accelerator Laboratory/OU=People/CN=Lorena Escudero sanchez/CN=UID:escudero','\0',NULL,NULL,332,685),(1972,'2016-04-06 11:30:28','/DC=org/DC=cilogon/C=US/O=Fermi National Accelerator Laboratory/OU=People/CN=Martin Richardson/CN=UID:fpa06mr1','\0',NULL,NULL,332,337),(1975,'2016-04-06 11:30:29','/DC=org/DC=cilogon/C=US/O=Fermi National Accelerator Laboratory/OU=People/CN=Francesco Tortorici/CN=UID:ftortori','\0',NULL,NULL,332,436),(1978,'2016-04-06 11:30:29','/DC=org/DC=cilogon/C=US/O=Fermi National Accelerator Laboratory/OU=People/CN=Stuart Fuess/CN=UID:fuess','\0',NULL,NULL,332,343),(1981,'2016-04-06 11:30:29','/DC=org/DC=cilogon/C=US/O=Fermi National Accelerator Laboratory/OU=People/CN=Glenn Horton-Smith/CN=UID:gahs','\0',NULL,NULL,332,42),(1984,'2016-04-06 11:30:29','/DC=org/DC=cilogon/C=US/O=Fermi National Accelerator Laboratory/OU=People/CN=Steven Gardiner/CN=UID:gardiner','\0',NULL,NULL,332,622),(1987,'2016-04-06 11:30:30','/DC=org/DC=cilogon/C=US/O=Fermi National Accelerator Laboratory/OU=People/CN=Garrett Brown/CN=UID:gbrown','\0',NULL,NULL,332,532),(1990,'2016-04-06 11:30:30','/DC=org/DC=cilogon/C=US/O=Fermi National Accelerator Laboratory/OU=People/CN=Gerard Bernabeu Altayo/CN=UID:gerard1','\0',NULL,NULL,332,418),(1993,'2016-04-06 11:30:32','/DC=org/DC=cilogon/C=US/O=Fermi National Accelerator Laboratory/OU=People/CN=Henry Glass/CN=UID:glass','\0',NULL,NULL,332,214),(1996,'2016-04-06 11:30:33','/DC=org/DC=cilogon/C=US/O=Fermi National Accelerator Laboratory/OU=People/CN=Michael Gold/CN=UID:gold','\0',NULL,NULL,332,550),(1999,'2016-04-06 11:30:33','/DC=org/DC=cilogon/C=US/O=Fermi National Accelerator Laboratory/OU=People/CN=Georgios Christodoulou/CN=UID:gouldian','\0',NULL,NULL,332,355),(2002,'2016-04-06 11:30:34','/DC=org/DC=cilogon/C=US/O=Fermi National Accelerator Laboratory/OU=People/CN=Herbert Greenlee/CN=UID:greenlee','\0',NULL,NULL,332,445),(2005,'2016-04-06 11:30:34','/DC=org/DC=cilogon/C=US/O=Fermi National Accelerator Laboratory/OU=People/CN=Gavin Davies/CN=UID:gsdavies','\0',NULL,NULL,332,154),(2008,'2016-04-06 11:30:35','/DC=org/DC=cilogon/C=US/O=Fermi National Accelerator Laboratory/OU=People/CN=Elena Guardincerri/CN=UID:guardi','\0',NULL,NULL,332,178),(2011,'2016-04-06 11:30:35','/DC=org/DC=cilogon/C=US/O=Fermi National Accelerator Laboratory/OU=People/CN=Roxanne Guenette/CN=UID:guenette','\0',NULL,NULL,332,157),(2014,'2016-04-06 11:30:35','/DC=org/DC=cilogon/C=US/O=Fermi National Accelerator Laboratory/OU=People/CN=Gleb Sinev/CN=UID:gvsinev','\0',NULL,NULL,332,397),(2017,'2016-04-06 11:30:35','/DC=org/DC=cilogon/C=US/O=Fermi National Accelerator Laboratory/OU=People/CN=Geralyn Zeller/CN=UID:gzeller','\0',NULL,NULL,332,115),(2020,'2016-04-06 11:30:35','/DC=org/DC=cilogon/C=US/O=Fermi National Accelerator Laboratory/OU=People/CN=Matthew Hogan/CN=UID:h0g4nm4n','\0',NULL,NULL,332,256),(2023,'2016-04-06 11:30:36','/DC=org/DC=cilogon/C=US/O=Fermi National Accelerator Laboratory/OU=People/CN=Jeffrey Hartnell/CN=UID:hartnell','\0',NULL,NULL,332,286),(2026,'2016-04-06 11:30:36','/DC=org/DC=cilogon/C=US/O=Fermi National Accelerator Laboratory/OU=People/CN=Takuya Hasegawa/CN=UID:hasegawa','\0',NULL,NULL,332,652),(2029,'2016-04-06 11:30:40','/DC=org/DC=cilogon/C=US/O=Fermi National Accelerator Laboratory/OU=People/CN=Ian Broderick/CN=UID:ibroderi','\0',NULL,NULL,332,94),(2032,'2016-04-06 11:30:42','/DC=org/DC=cilogon/C=US/O=Fermi National Accelerator Laboratory/OU=People/CN=Jaroslaw Nowak/CN=UID:janow','\0',NULL,NULL,332,289),(2035,'2016-04-06 11:30:43','/DC=org/DC=cilogon/C=US/O=Fermi National Accelerator Laboratory/OU=People/CN=John Back/CN=UID:jback','\0',NULL,NULL,332,469),(2038,'2016-04-06 11:30:46','/DC=org/DC=cilogon/C=US/O=Fermi National Accelerator Laboratory/OU=People/CN=Jeremy Hewes/CN=UID:jhewes15','\0',NULL,NULL,332,349),(2041,'2016-04-06 11:30:47','/DC=org/DC=cilogon/C=US/O=Fermi National Accelerator Laboratory/OU=People/CN=Libo Jiang/CN=UID:jiangl','\0',NULL,NULL,332,244),(2044,'2016-04-06 11:30:48','/DC=org/DC=cilogon/C=US/O=Fermi National Accelerator Laboratory/OU=People/CN=Jacob Larkin/CN=UID:jlarkin','\0',NULL,NULL,332,502),(2047,'2016-04-06 11:30:49','/DC=org/DC=cilogon/C=US/O=Fermi National Accelerator Laboratory/OU=People/CN=Justo Martin-albo simon/CN=UID:jmalbos','\0',NULL,NULL,332,565),(2050,'2016-04-06 11:30:51','/DC=org/DC=cilogon/C=US/O=Fermi National Accelerator Laboratory/OU=People/CN=Jonathan Davies/CN=UID:jpdavies','\0',NULL,NULL,332,394),(2053,'2016-04-06 11:30:52','/DC=org/DC=cilogon/C=US/O=Fermi National Accelerator Laboratory/OU=People/CN=Jyotsna Singh/CN=UID:jsingh2','\0',NULL,NULL,332,487),(2056,'2016-04-06 11:30:52','/DC=org/DC=cilogon/C=US/O=Fermi National Accelerator Laboratory/OU=People/CN=John s. Marshall/CN=UID:jsm51','\0',NULL,NULL,332,630),(2059,'2016-04-06 11:30:52','/DC=org/DC=cilogon/C=US/O=Fermi National Accelerator Laboratory/OU=People/CN=Jason Stock/CN=UID:jstock','\0',NULL,NULL,332,633),(2062,'2016-04-06 11:30:52','/DC=org/DC=cilogon/C=US/O=Fermi National Accelerator Laboratory/OU=People/CN=Jonathan Insler/CN=UID:jti3','\0',NULL,NULL,332,169),(2065,'2016-04-06 11:30:53','/DC=org/DC=cilogon/C=US/O=Fermi National Accelerator Laboratory/OU=People/CN=Jyoti Joshi/CN=UID:jyoti','\0',NULL,NULL,332,475),(2068,'2016-04-06 11:30:56','/DC=org/DC=cilogon/C=US/O=Fermi National Accelerator Laboratory/OU=People/CN=Edward Kearns/CN=UID:kearns','\0',NULL,NULL,332,229),(2071,'2016-04-06 11:30:57','/DC=org/DC=cilogon/C=US/O=Fermi National Accelerator Laboratory/OU=People/CN=Kenneth Herner/CN=UID:kherner','\0',NULL,NULL,332,364),(2074,'2016-04-06 11:30:57','/DC=org/DC=cilogon/C=US/O=Fermi National Accelerator Laboratory/OU=People/CN=Michael Kirby/CN=UID:kirby','\0',NULL,NULL,332,187),(2077,'2016-04-06 11:30:59','/DC=org/DC=cilogon/C=US/O=Fermi National Accelerator Laboratory/OU=People/CN=Kim truc Nguyen/CN=UID:knguyen','\0',NULL,NULL,332,496),(2080,'2016-04-06 11:31:00','/DC=org/DC=cilogon/C=US/O=Fermi National Accelerator Laboratory/OU=People/CN=Arthur Kreymer/CN=UID:kreymer','\0',NULL,NULL,332,334),(2083,'2016-04-06 11:31:02','/DC=org/DC=cilogon/C=US/O=Fermi National Accelerator Laboratory/OU=People/CN=Rob Kutschke/CN=UID:kutschke','\0',NULL,NULL,332,109),(2086,'2016-04-06 11:31:03','/DC=org/DC=cilogon/C=US/O=Fermi National Accelerator Laboratory/OU=People/CN=Kevin Wood/CN=UID:kwood','\0',NULL,NULL,332,412),(2089,'2016-04-06 11:31:04','/DC=org/DC=cilogon/C=US/O=Fermi National Accelerator Laboratory/OU=People/CN=Paul Lebrun/CN=UID:lebrun','\0',NULL,NULL,332,298),(2092,'2016-04-06 11:31:05','/DC=org/DC=cilogon/C=US/O=Fermi National Accelerator Laboratory/OU=People/CN=Ryan Linehan/CN=UID:linehan3','\0',NULL,NULL,332,625),(2095,'2016-04-06 11:31:06','/DC=org/DC=cilogon/C=US/O=Fermi National Accelerator Laboratory/OU=People/CN=Dmitry Litvintsev/CN=UID:litvinse','\0',NULL,NULL,332,543),(2098,'2016-04-06 11:31:06','/DC=org/DC=cilogon/C=US/O=Fermi National Accelerator Laboratory/OU=People/CN=Laura Fields/CN=UID:ljf26','\0',NULL,NULL,332,193),(2101,'2016-04-06 11:31:06','/DC=org/DC=cilogon/C=US/O=Fermi National Accelerator Laboratory/OU=People/CN=Leisa Mcgee/CN=UID:lmcgee','\0',NULL,NULL,332,671),(2104,'2016-04-06 11:31:08','/DC=org/DC=cilogon/C=US/O=Fermi National Accelerator Laboratory/OU=People/CN=Lee Thompson/CN=UID:lthompso','\0',NULL,NULL,332,643),(2107,'2016-04-06 11:31:12','/DC=org/DC=cilogon/C=US/O=Fermi National Accelerator Laboratory/OU=People/CN=Monica Avila/CN=UID:mavila','\0',NULL,NULL,332,493),(2110,'2016-04-06 11:31:12','/DC=org/DC=cilogon/C=US/O=Fermi National Accelerator Laboratory/OU=People/CN=Anna Mazzacane/CN=UID:mazzacan','\0',NULL,NULL,332,598),(2113,'2016-04-06 11:31:14','/DC=org/DC=cilogon/C=US/O=Fermi National Accelerator Laboratory/OU=People/CN=Maria Chamizo llatas/CN=UID:mchamizo','\0',NULL,NULL,332,707),(2116,'2016-04-06 11:31:14','/DC=org/DC=cilogon/C=US/O=Fermi National Accelerator Laboratory/OU=People/CN=Mark Convery/CN=UID:mconvery','\0',NULL,NULL,332,361),(2119,'2016-04-06 11:31:14','/DC=org/DC=cilogon/C=US/O=Fermi National Accelerator Laboratory/OU=People/CN=Martin Haigh/CN=UID:mdhaigh','\0',NULL,NULL,332,678),(2122,'2016-04-06 11:31:15','/DC=org/DC=cilogon/C=US/O=Fermi National Accelerator Laboratory/OU=People/CN=Muhammad Elnimr/CN=UID:melnimr','\0',NULL,NULL,332,430),(2125,'2016-04-06 11:31:15','/DC=org/DC=cilogon/C=US/O=Fermi National Accelerator Laboratory/OU=People/CN=Marc Mengel/CN=UID:mengel','\0',NULL,NULL,332,325),(2128,'2016-04-06 11:31:15','/DC=org/DC=cilogon/C=US/O=Fermi National Accelerator Laboratory/OU=People/CN=Michele Fattoruso/CN=UID:mfattoru','\0',NULL,NULL,332,713),(2131,'2016-04-06 11:31:16','/DC=org/DC=cilogon/C=US/O=Fermi National Accelerator Laboratory/OU=People/CN=Matthew Bass/CN=UID:mibass','\0',NULL,NULL,332,226),(2134,'2016-04-06 11:31:19','/DC=org/DC=cilogon/C=US/O=Fermi National Accelerator Laboratory/OU=People/CN=Nikolai Mokhov/CN=UID:mokhov','\0',NULL,NULL,332,463),(2137,'2016-04-06 11:31:21','/DC=org/DC=cilogon/C=US/O=Fermi National Accelerator Laboratory/OU=People/CN=Michael Mooney/CN=UID:mrmooney','\0',NULL,NULL,332,460),(2140,'2016-04-06 11:31:21','/DC=org/DC=cilogon/C=US/O=Fermi National Accelerator Laboratory/OU=People/CN=Matthew Robinson/CN=UID:mrobinso','\0',NULL,NULL,332,514),(2143,'2016-04-06 11:31:21','/DC=org/DC=cilogon/C=US/O=Fermi National Accelerator Laboratory/OU=People/CN=Mayly Sanchez/CN=UID:msanchez','\0',NULL,NULL,332,106),(2146,'2016-04-06 11:31:22','/DC=org/DC=cilogon/C=US/O=Fermi National Accelerator Laboratory/OU=People/CN=Matthew Thiesse/CN=UID:mthiesse','\0',NULL,NULL,332,642),(2149,'2016-04-06 11:31:22','/DC=org/DC=cilogon/C=US/O=Fermi National Accelerator Laboratory/OU=People/CN=Leon Mualem/CN=UID:mualem','\0',NULL,NULL,332,640),(2152,'2016-04-06 11:31:22','/DC=org/DC=cilogon/C=US/O=Fermi National Accelerator Laboratory/OU=People/CN=Michael h l Wang/CN=UID:mwang','\0',NULL,NULL,332,211),(2155,'2016-04-06 11:31:23','/DC=org/DC=cilogon/C=US/O=Fermi National Accelerator Laboratory/OU=People/CN=Matthew Worcester/CN=UID:mworcest','\0',NULL,NULL,332,352),(2158,'2016-04-06 11:31:24','/DC=org/DC=cilogon/C=US/O=Fermi National Accelerator Laboratory/OU=People/CN=Yasuhiro Nakajima/CN=UID:nakajima','\0',NULL,NULL,332,72),(2161,'2016-04-06 11:31:24','/DC=org/DC=cilogon/C=US/O=Fermi National Accelerator Laboratory/OU=People/CN=Nitali Dash/CN=UID:ndash','\0',NULL,NULL,332,547),(2167,'2016-04-06 11:31:26','/DC=org/DC=cilogon/C=US/O=Fermi National Accelerator Laboratory/OU=People/CN=Nicholas Peregonow/CN=UID:njp','\0',NULL,NULL,332,12),(2170,'2016-04-06 11:31:26','/DC=org/DC=cilogon/C=US/O=Fermi National Accelerator Laboratory/OU=People/CN=Anne Norrick/CN=UID:norrick','\0',NULL,NULL,332,163),(2173,'2016-04-06 11:31:27','/DC=org/DC=cilogon/C=US/O=Fermi National Accelerator Laboratory/OU=People/CN=Nathan Pumulo/CN=UID:npumulo','\0',NULL,NULL,332,655),(2176,'2016-04-06 11:31:28','/DC=org/DC=cilogon/C=US/O=Fermi National Accelerator Laboratory/OU=People/CN=Ohana Rodrigues/CN=UID:ohanabr','\0',NULL,NULL,332,457),(2179,'2016-04-06 11:31:30','/DC=org/DC=cilogon/C=US/O=Fermi National Accelerator Laboratory/OU=People/CN=Vittorio Paolone/CN=UID:paolone','\0',NULL,NULL,332,235),(2182,'2016-04-06 11:31:30','/DC=org/DC=cilogon/C=US/O=Fermi National Accelerator Laboratory/OU=People/CN=Thomas Patzak/CN=UID:patzak','\0',NULL,NULL,332,583),(2188,'2016-04-06 11:31:32','/DC=org/DC=cilogon/C=US/O=Fermi National Accelerator Laboratory/OU=People/CN=Jonathan Perkin/CN=UID:perkin','\0',NULL,NULL,332,247),(2191,'2016-04-06 11:31:32','/DC=org/DC=cilogon/C=US/O=Fermi National Accelerator Laboratory/OU=People/CN=Gianluca Petrillo/CN=UID:petrillo','\0',NULL,NULL,332,663),(2194,'2016-04-06 11:31:33','/DC=org/DC=cilogon/C=US/O=Fermi National Accelerator Laboratory/OU=People/CN=Thomas Warburton/CN=UID:php13tkw','\0',NULL,NULL,332,442),(2197,'2016-04-06 11:31:33','/DC=org/DC=cilogon/C=US/O=Fermi National Accelerator Laboratory/OU=People/CN=Peter Madigan/CN=UID:pmadigan','\0',NULL,NULL,332,660),(2200,'2016-04-06 11:31:34','/DC=org/DC=cilogon/C=US/O=Fermi National Accelerator Laboratory/OU=People/CN=Poonam Mehta/CN=UID:pmehta','\0',NULL,NULL,332,694),(2203,'2016-04-06 11:31:34','/DC=org/DC=cilogon/C=US/O=Fermi National Accelerator Laboratory/OU=People/CN=Milorad Popovic/CN=UID:popovic','\0',NULL,NULL,332,636),(2206,'2016-04-06 11:31:35','/DC=org/DC=cilogon/C=US/O=Fermi National Accelerator Laboratory/OU=People/CN=Paola Sala/CN=UID:psala','\0',NULL,NULL,332,529),(2209,'2016-04-06 11:31:35','/DC=org/DC=cilogon/C=US/O=Fermi National Accelerator Laboratory/OU=People/CN=Qiulan Huang/CN=UID:qhuang','\0',NULL,NULL,332,595),(2212,'2016-04-06 11:31:36','/DC=org/DC=cilogon/C=US/O=Fermi National Accelerator Laboratory/OU=People/CN=Qizhong Li/CN=UID:qzli','\0',NULL,NULL,332,316),(2215,'2016-04-06 11:31:36','/DC=org/DC=cilogon/C=US/O=Fermi National Accelerator Laboratory/OU=People/CN=Igor Rakhno/CN=UID:rakhno','\0',NULL,NULL,332,205),(2218,'2016-04-06 11:31:37','/DC=org/DC=cilogon/C=US/O=Fermi National Accelerator Laboratory/OU=People/CN=Ranjan Dharmapalan/CN=UID:ranjan','\0',NULL,NULL,332,481),(2221,'2016-04-06 11:31:39','/DC=org/DC=cilogon/C=US/O=Fermi National Accelerator Laboratory/OU=People/CN=Richard Gran/CN=UID:rgran','\0',NULL,NULL,332,217),(2224,'2016-04-06 11:31:39','/DC=org/DC=cilogon/C=US/O=Fermi National Accelerator Laboratory/OU=People/CN=Robert Hatcher/CN=UID:rhatcher','\0',NULL,NULL,332,610),(2227,'2016-04-06 11:31:40','/DC=org/DC=cilogon/C=US/O=Fermi National Accelerator Laboratory/OU=People/CN=Ryan Nichol/CN=UID:rjn','\0',NULL,NULL,332,568),(2230,'2016-04-06 11:31:42','/DC=org/DC=cilogon/C=US/O=Fermi National Accelerator Laboratory/OU=People/CN=Rachel Myers/CN=UID:rmyers','\0',NULL,NULL,332,704),(2233,'2016-04-06 11:31:43','/DC=org/DC=cilogon/C=US/O=Fermi National Accelerator Laboratory/OU=People/CN=Robert Sulej/CN=UID:rsulej','\0',NULL,NULL,332,523),(2236,'2016-04-06 11:31:44','/DC=org/DC=cilogon/C=US/O=Fermi National Accelerator Laboratory/OU=People/CN=Richard Van berg/CN=UID:rvanberg','\0',NULL,NULL,332,701),(2239,'2016-04-06 11:31:48','/DC=org/DC=cilogon/C=US/O=Fermi National Accelerator Laboratory/OU=People/CN=Soumya Das/CN=UID:sdas','\0',NULL,NULL,332,588),(2242,'2016-04-06 11:31:48','/DC=org/DC=cilogon/C=US/O=Fermi National Accelerator Laboratory/OU=People/CN=Stephen Dennis/CN=UID:sdennis','\0',NULL,NULL,332,674),(2245,'2016-04-06 11:31:48','/DC=org/DC=cilogon/C=US/O=Fermi National Accelerator Laboratory/OU=People/CN=Seong tae Park/CN=UID:seongtae','\0',NULL,NULL,332,238),(2248,'2016-04-06 11:31:49','/DC=org/DC=cilogon/C=US/O=Fermi National Accelerator Laboratory/OU=People/CN=Elizabeth Worcester/CN=UID:seturner','\0',NULL,NULL,332,319),(2251,'2016-04-06 11:31:49','/DC=org/DC=cilogon/C=US/O=Fermi National Accelerator Laboratory/OU=People/CN=Samantha Fortuna/CN=UID:sfortuna','\0',NULL,NULL,332,484),(2254,'2016-04-06 11:31:50','/DC=org/DC=cilogon/C=US/O=Fermi National Accelerator Laboratory/OU=People/CN=Shirley Li/CN=UID:shirleyl','\0',NULL,NULL,332,637),(2257,'2016-04-06 11:31:51','/DC=org/DC=cilogon/C=US/O=Fermi National Accelerator Laboratory/OU=People/CN=Susan Kemboi/CN=UID:skemboi','\0',NULL,NULL,332,544),(2260,'2016-04-06 11:31:51','/DC=org/DC=cilogon/C=US/O=Fermi National Accelerator Laboratory/OU=People/CN=Samuel Kohn/CN=UID:skohn','\0',NULL,NULL,332,82),(2263,'2016-04-06 11:31:52','/DC=org/DC=cilogon/C=US/O=Fermi National Accelerator Laboratory/OU=People/CN=Sean Mcguinness/CN=UID:smcguinn','\0',NULL,NULL,332,613),(2266,'2016-04-06 11:31:53','/DC=org/DC=cilogon/C=US/O=Fermi National Accelerator Laboratory/OU=People/CN=Sebastien Murphy/CN=UID:smurphy2','\0',NULL,NULL,332,601),(2269,'2016-04-06 11:31:54','/DC=org/DC=cilogon/C=US/O=Fermi National Accelerator Laboratory/OU=People/CN=Joshua Spitz/CN=UID:spitz7','\0',NULL,NULL,332,667),(2272,'2016-04-06 11:31:56','/DC=org/DC=cilogon/C=US/O=Fermi National Accelerator Laboratory/OU=People/CN=Serhan Tufanli/CN=UID:stufanli','\0',NULL,NULL,332,658),(2275,'2016-04-06 11:31:56','/DC=org/DC=cilogon/C=US/O=Fermi National Accelerator Laboratory/OU=People/CN=Stefano Vergani/CN=UID:svergani','\0',NULL,NULL,332,710),(2278,'2016-04-06 11:31:57','/DC=org/DC=cilogon/C=US/O=Fermi National Accelerator Laboratory/OU=People/CN=Sepideh Shahsavarani/CN=UID:sxs4736','\0',NULL,NULL,332,313),(2281,'2016-04-06 11:31:57','/DC=org/DC=cilogon/C=US/O=Fermi National Accelerator Laboratory/OU=People/CN=Shiqi Yu/CN=UID:syu','\0',NULL,NULL,332,559),(2284,'2016-04-06 11:31:58','/DC=org/DC=cilogon/C=US/O=Fermi National Accelerator Laboratory/OU=People/CN=Tyler Alion/CN=UID:talion','\0',NULL,NULL,332,241),(2287,'2016-04-06 11:31:58','/DC=org/DC=cilogon/C=US/O=Fermi National Accelerator Laboratory/OU=People/CN=Matthew Tamsett/CN=UID:tamsett','\0',NULL,NULL,332,448),(2290,'2016-04-06 11:31:58','/DC=org/DC=cilogon/C=US/O=Fermi National Accelerator Laboratory/OU=People/CN=Tyler Boone/CN=UID:tboone','\0',NULL,NULL,332,677),(2293,'2016-04-06 11:31:59','/DC=org/DC=cilogon/C=US/O=Fermi National Accelerator Laboratory/OU=People/CN=Travis Dore/CN=UID:tdore','\0',NULL,NULL,332,508),(2296,'2016-04-06 11:31:59','/DC=org/DC=cilogon/C=US/O=Fermi National Accelerator Laboratory/OU=People/CN=Thales Vanzo vieira/CN=UID:thalesv','\0',NULL,NULL,332,415),(2299,'2016-04-06 11:32:00','/DC=org/DC=cilogon/C=US/O=Fermi National Accelerator Laboratory/OU=People/CN=Xinchun Tian/CN=UID:tianxc','\0',NULL,NULL,332,274),(2305,'2016-04-06 11:32:00','/DC=org/DC=cilogon/C=US/O=Fermi National Accelerator Laboratory/OU=People/CN=Tingjun Yang/CN=UID:tjyang','\0',NULL,NULL,332,439),(2308,'2016-04-06 11:32:01','/DC=org/DC=cilogon/C=US/O=Fermi National Accelerator Laboratory/OU=People/CN=Tanya Levshina/CN=UID:tlevshin','\0',NULL,NULL,332,370),(2311,'2016-04-06 11:32:02','/DC=org/DC=cilogon/C=US/O=Fermi National Accelerator Laboratory/OU=People/CN=Tristan Blackburn/CN=UID:tristan','\0',NULL,NULL,332,421),(2314,'2016-04-06 11:32:02','/DC=org/DC=cilogon/C=US/O=Fermi National Accelerator Laboratory/OU=People/CN=Thomas Junk/CN=UID:trj','\0',NULL,NULL,332,32),(2317,'2016-04-06 11:32:03','/DC=org/DC=cilogon/C=US/O=Fermi National Accelerator Laboratory/OU=People/CN=Igor Tropin/CN=UID:tropin','\0',NULL,NULL,332,184),(2320,'2016-04-06 11:32:03','/DC=org/DC=cilogon/C=US/O=Fermi National Accelerator Laboratory/OU=People/CN=Thomas Schaffer/CN=UID:tschaf','\0',NULL,NULL,332,649),(2323,'2016-04-06 11:32:04','/DC=org/DC=cilogon/C=US/O=Fermi National Accelerator Laboratory/OU=People/CN=Thomas Wester/CN=UID:twester','\0',NULL,NULL,332,41),(2326,'2016-04-06 11:32:04','/DC=org/DC=cilogon/C=US/O=Fermi National Accelerator Laboratory/OU=People/CN=Tian Xin/CN=UID:txin','\0',NULL,NULL,332,196),(2329,'2016-04-06 11:32:04','/DC=org/DC=cilogon/C=US/O=Fermi National Accelerator Laboratory/OU=People/CN=Jon Urheim/CN=UID:urheim','\0',NULL,NULL,332,505),(2332,'2016-04-06 11:32:06','/DC=org/DC=cilogon/C=US/O=Fermi National Accelerator Laboratory/OU=People/CN=Vyacheslav Galymov/CN=UID:vgalymov','\0',NULL,NULL,332,97),(2338,'2016-04-06 11:32:06','/DC=org/DC=cilogon/C=US/O=Fermi National Accelerator Laboratory/OU=People/CN=Vitaly Kudryavtsev/CN=UID:vkudryav','\0',NULL,NULL,332,628),(2341,'2016-04-06 11:32:06','/DC=org/DC=cilogon/C=US/O=Fermi National Accelerator Laboratory/OU=People/CN=Victor Gehman/CN=UID:vmgehman','\0',NULL,NULL,332,175),(2344,'2016-04-06 11:32:07','/DC=org/DC=cilogon/C=US/O=Fermi National Accelerator Laboratory/OU=People/CN=Michael Wallbank/CN=UID:wallbank','\0',NULL,NULL,332,451),(2347,'2016-04-06 11:32:08','/DC=org/DC=cilogon/C=US/O=Fermi National Accelerator Laboratory/OU=People/CN=Matthew Wetstein/CN=UID:wetstein','\0',NULL,NULL,332,220),(2350,'2016-04-06 11:32:08','/DC=org/DC=cilogon/C=US/O=Fermi National Accelerator Laboratory/OU=People/CN=Lisa Whitehead/CN=UID:whitehd','\0',NULL,NULL,332,223),(2353,'2016-04-06 11:32:09','/DC=org/DC=cilogon/C=US/O=Fermi National Accelerator Laboratory/OU=People/CN=Wesley Ketchum/CN=UID:wketchum','\0',NULL,NULL,332,669),(2356,'2016-04-06 11:32:10','/DC=org/DC=cilogon/C=US/O=Fermi National Accelerator Laboratory/OU=People/CN=Xiao Luo/CN=UID:xiaoluo','\0',NULL,NULL,332,639),(2359,'2016-04-06 11:32:10','/DC=org/DC=cilogon/C=US/O=Fermi National Accelerator Laboratory/OU=People/CN=Xin Qian/CN=UID:xqian','\0',NULL,NULL,332,160),(2362,'2016-04-06 11:32:12','/DC=org/DC=cilogon/C=US/O=Fermi National Accelerator Laboratory/OU=People/CN=Yujing Sun/CN=UID:ysun','\0',NULL,NULL,332,322),(2365,'2016-04-06 11:32:12','/DC=org/DC=cilogon/C=US/O=Fermi National Accelerator Laboratory/OU=People/CN=Yue Wang/CN=UID:yuewang','\0',NULL,NULL,332,688),(2368,'2016-04-06 11:32:13','/DC=org/DC=cilogon/C=US/O=Fermi National Accelerator Laboratory/OU=People/CN=Zelimir Djurcic/CN=UID:zdjurcic','\0',NULL,NULL,332,409),(2377,'2016-04-06 15:29:31','/DC=org/DC=cilogon/C=US/O=Fermi National Accelerator Laboratory/OU=People/CN=Steven Timm/CN=UID:timm','\0',NULL,NULL,332,22),(2378,'2016-04-14 10:41:08','/DC=gov/DC=fnal/O=Fermilab/OU=People/CN=Stefania Bordoni/CN=UID:sbordoni','\0',NULL,NULL,582,716),(2383,'2016-04-14 10:41:08','/DC=gov/DC=fnal/O=Fermilab/OU=Robots/CN=fifegrid/CN=batch/CN=Stefania Bordoni/CN=UID:sbordoni','\0',NULL,NULL,582,716),(2384,'2016-04-19 09:22:06','/DC=gov/DC=fnal/O=Fermilab/OU=People/CN=Michael T. Eads/CN=UID:eads','\0',NULL,NULL,582,719),(2389,'2016-04-19 09:22:07','/DC=gov/DC=fnal/O=Fermilab/OU=Robots/CN=fifegrid/CN=batch/CN=Michael T. Eads/CN=UID:eads','\0',NULL,NULL,582,719),(2395,'2016-04-25 16:52:35','/DC=org/DC=cilogon/C=US/O=Fermi National Accelerator Laboratory/CN=Thomas Junk A36921','\0',NULL,NULL,332,32),(2396,'2016-04-27 13:54:29','/DC=gov/DC=fnal/O=Fermilab/OU=People/CN=Evan M. Stewart/CN=UID:emstew','\0',NULL,NULL,582,722),(2398,'2016-04-27 13:54:30','/DC=gov/DC=fnal/O=Fermilab/OU=Robots/CN=fifegrid/CN=batch/CN=Evan M. Stewart/CN=UID:emstew','\0',NULL,NULL,582,722),(2399,'2016-04-28 11:11:24','/DC=gov/DC=fnal/O=Fermilab/OU=People/CN=Thomas G. Brooks/CN=UID:tbrooks','\0',NULL,NULL,582,725),(2401,'2016-04-28 11:11:25','/DC=gov/DC=fnal/O=Fermilab/OU=Robots/CN=fifegrid/CN=batch/CN=Thomas G. Brooks/CN=UID:tbrooks','\0',NULL,NULL,582,725),(2402,'2016-04-28 11:13:46','/DC=gov/DC=fnal/O=Fermilab/OU=People/CN=Luke Simons/CN=UID:lsimons','\0',NULL,NULL,582,728),(2404,'2016-04-28 11:13:47','/DC=gov/DC=fnal/O=Fermilab/OU=Robots/CN=fifegrid/CN=batch/CN=Luke Simons/CN=UID:lsimons','\0',NULL,NULL,582,728),(2405,'2016-04-28 15:07:20','/DC=gov/DC=fnal/O=Fermilab/OU=People/CN=Philippe G. Canal/CN=UID:pcanal','\0',NULL,NULL,582,731),(2407,'2016-04-28 15:07:21','/DC=gov/DC=fnal/O=Fermilab/OU=Robots/CN=fifegrid/CN=batch/CN=Philippe G. Canal/CN=UID:pcanal','\0',NULL,NULL,582,731),(2408,'2016-04-29 11:22:07','/DC=gov/DC=fnal/O=Fermilab/OU=People/CN=Tyler E. Johnson/CN=UID:tylerj','\0',NULL,NULL,582,734),(2413,'2016-04-29 11:22:08','/DC=gov/DC=fnal/O=Fermilab/OU=Robots/CN=fifegrid/CN=batch/CN=Tyler E. Johnson/CN=UID:tylerj','\0',NULL,NULL,582,734),(2416,'2016-05-02 09:26:28','/DC=gov/DC=fnal/O=Fermilab/OU=People/CN=Michel Sorel/CN=UID:sorel','\0',NULL,NULL,582,736),(2419,'2016-05-02 09:30:34','/DC=gov/DC=fnal/O=Fermilab/OU=Robots/CN=fifegrid/CN=batch/CN=Michel Sorel/CN=UID:sorel','\0',NULL,NULL,582,736),(2422,'2016-05-02 09:36:44','/DC=org/DC=cilogon/C=US/O=Fermi National Accelerator Laboratory/OU=People/CN=Michel Sorel/CN=UID:sorel','\0',NULL,NULL,332,736),(2423,'2016-05-04 11:49:16','/DC=gov/DC=fnal/O=Fermilab/OU=People/CN=Paul De jong/CN=UID:pdejong','\0',NULL,NULL,582,737),(2425,'2016-05-04 11:49:17','/DC=gov/DC=fnal/O=Fermilab/OU=Robots/CN=fifegrid/CN=batch/CN=Paul De jong/CN=UID:pdejong','\0',NULL,NULL,582,737),(2426,'2016-05-04 11:49:51','/DC=gov/DC=fnal/O=Fermilab/OU=People/CN=Timothy J. Loew/CN=UID:tjloew','\0',NULL,NULL,582,740),(2428,'2016-05-04 11:49:51','/DC=gov/DC=fnal/O=Fermilab/OU=Robots/CN=fifegrid/CN=batch/CN=Timothy J. Loew/CN=UID:tjloew','\0',NULL,NULL,582,740),(2437,'2016-05-11 12:34:13','/DC=org/DC=cilogon/C=US/O=Fermi National Accelerator Laboratory/OU=People/CN=Gabriel Santucci/CN=UID:gsantucc','\0',NULL,NULL,332,742),(2440,'2016-05-12 09:43:02','/DC=gov/DC=fnal/O=Fermilab/OU=People/CN=Gabriel C. Santucci/CN=UID:gsantucc','\0',NULL,NULL,582,742),(2446,'2016-05-12 09:44:35','/DC=gov/DC=fnal/O=Fermilab/OU=Robots/CN=fifegrid/CN=batch/CN=Gabriel C. Santucci/CN=UID:gsantucc','\0',NULL,NULL,582,742),(2447,'2016-05-17 12:06:58','/DC=gov/DC=fnal/O=Fermilab/OU=People/CN=Jeremy P. Lopez/CN=UID:jplopez','\0',NULL,NULL,582,743),(2452,'2016-05-17 12:06:59','/DC=gov/DC=fnal/O=Fermilab/OU=Robots/CN=fifegrid/CN=batch/CN=Jeremy P. Lopez/CN=UID:jplopez','\0',NULL,NULL,582,743),(2455,'2016-05-18 08:45:10','/DC=gov/DC=fnal/O=Fermilab/OU=People/CN=Marvin E. Johnson/CN=UID:mjohnson','\0',NULL,NULL,582,748),(2458,'2016-05-18 08:45:51','/DC=gov/DC=fnal/O=Fermilab/OU=Robots/CN=fifegrid/CN=batch/CN=Marvin E. Johnson/CN=UID:mjohnson','\0',NULL,NULL,582,748),(2461,'2016-05-18 08:49:06','/DC=org/DC=cilogon/C=US/O=Fermi National Accelerator Laboratory/OU=People/CN=Marvin Johnson/CN=UID:mjohnson','\0',NULL,NULL,332,748),(2462,'2016-05-18 10:43:01','/DC=gov/DC=fnal/O=Fermilab/OU=People/CN=Biao Wang/CN=UID:biaow','\0',NULL,NULL,582,749),(2464,'2016-05-18 10:43:01','/DC=gov/DC=fnal/O=Fermilab/OU=Robots/CN=fifegrid/CN=batch/CN=Biao Wang/CN=UID:biaow','\0',NULL,NULL,582,749),(2521,'2016-05-18 21:10:14','/DC=org/DC=cilogon/C=US/O=Fermi National Accelerator Laboratory/OU=People/CN=Biao Wang/CN=UID:biaow','\0',NULL,NULL,332,749),(2545,'2016-05-18 21:10:18','/DC=org/DC=cilogon/C=US/O=Fermi National Accelerator Laboratory/OU=People/CN=Norman Buchanan/CN=UID:buchanan','\0',NULL,NULL,332,576),(2596,'2016-05-18 21:10:37','/DC=org/DC=cilogon/C=US/O=Fermi National Accelerator Laboratory/OU=People/CN=Michael Eads/CN=UID:eads','\0',NULL,NULL,332,719),(2617,'2016-05-18 21:10:39','/DC=org/DC=cilogon/C=US/O=Fermi National Accelerator Laboratory/OU=People/CN=Evan Stewart/CN=UID:emstew','\0',NULL,NULL,332,722),(2710,'2016-05-18 21:11:06','/DC=org/DC=cilogon/C=US/O=Fermi National Accelerator Laboratory/OU=People/CN=Jeremy Lopez/CN=UID:jplopez','\0',NULL,NULL,332,743),(2764,'2016-05-18 21:11:23','/DC=org/DC=cilogon/C=US/O=Fermi National Accelerator Laboratory/OU=People/CN=Luke Simons/CN=UID:lsimons','\0',NULL,NULL,332,728),(2854,'2016-05-18 21:11:48','/DC=org/DC=cilogon/C=US/O=Fermi National Accelerator Laboratory/OU=People/CN=Philippe Canal/CN=UID:pcanal','\0',NULL,NULL,332,731),(2857,'2016-05-18 21:11:48','/DC=org/DC=cilogon/C=US/O=Fermi National Accelerator Laboratory/OU=People/CN=Paul De Jong/CN=UID:pdejong','\0',NULL,NULL,332,737),(2911,'2016-05-18 21:12:04','/DC=org/DC=cilogon/C=US/O=Fermi National Accelerator Laboratory/OU=People/CN=Stefania Bordoni/CN=UID:sbordoni','\0',NULL,NULL,332,716),(2968,'2016-05-18 21:12:16','/DC=org/DC=cilogon/C=US/O=Fermi National Accelerator Laboratory/OU=People/CN=Thomas Brooks/CN=UID:tbrooks','\0',NULL,NULL,332,725),(2980,'2016-05-18 21:12:19','/DC=org/DC=cilogon/C=US/O=Fermi National Accelerator Laboratory/OU=People/CN=Timothy Loew/CN=UID:tjloew','\0',NULL,NULL,332,740),(3007,'2016-05-18 21:12:23','/DC=org/DC=cilogon/C=US/O=Fermi National Accelerator Laboratory/OU=People/CN=Tyler Johnson/CN=UID:tylerj','\0',NULL,NULL,332,734),(3008,'2016-05-20 14:03:52','/DC=gov/DC=fnal/O=Fermilab/OU=People/CN=Orlando L. Peres/CN=UID:operes','\0',NULL,NULL,582,752),(3052,'2016-05-20 14:03:52','/DC=gov/DC=fnal/O=Fermilab/OU=Robots/CN=fifegrid/CN=batch/CN=Orlando L. Peres/CN=UID:operes','\0',NULL,NULL,582,752),(3053,'2016-05-20 14:06:29','/DC=gov/DC=fnal/O=Fermilab/OU=People/CN=Hector Mendez/CN=UID:mendez','\0',NULL,NULL,582,755),(3055,'2016-05-20 14:06:30','/DC=gov/DC=fnal/O=Fermilab/OU=Robots/CN=fifegrid/CN=batch/CN=Hector Mendez/CN=UID:mendez','\0',NULL,NULL,582,755),(3056,'2016-05-24 12:19:56','/DC=gov/DC=fnal/O=Fermilab/OU=People/CN=Nicholas I. Grant/CN=UID:nigrant','\0',NULL,NULL,582,758),(3058,'2016-05-24 12:19:56','/DC=gov/DC=fnal/O=Fermilab/OU=Robots/CN=fifegrid/CN=batch/CN=Nicholas I. Grant/CN=UID:nigrant','\0',NULL,NULL,582,758),(3064,'2016-05-24 16:09:22','/DC=org/DC=opensciencegrid/O=Open Science Grid/OU=Services/CN=fts/dunesamgpvm01.fnal.gov','\0',NULL,NULL,1077,310),(3065,'2016-05-26 12:07:00','/DC=gov/DC=fnal/O=Fermilab/OU=People/CN=Michael J. Gheith/CN=UID:mgheith','\0',NULL,NULL,582,761),(3067,'2016-05-26 12:07:01','/DC=gov/DC=fnal/O=Fermilab/OU=Robots/CN=fifegrid/CN=batch/CN=Michael J. Gheith/CN=UID:mgheith','\0',NULL,NULL,582,761),(3068,'2016-05-27 10:34:18','/DC=gov/DC=fnal/O=Fermilab/OU=People/CN=Erdinch Tatar/CN=UID:tataerdi','\0',NULL,NULL,582,764),(3073,'2016-05-27 10:34:18','/DC=gov/DC=fnal/O=Fermilab/OU=Robots/CN=fifegrid/CN=batch/CN=Erdinch Tatar/CN=UID:tataerdi','\0',NULL,NULL,582,764),(3077,'2016-06-01 09:52:56','/DC=gov/DC=fnal/O=Fermilab/OU=People/CN=Shreyas Bhat/CN=UID:sbhat','\0',NULL,NULL,582,767),(3079,'2016-06-01 09:52:57','/DC=gov/DC=fnal/O=Fermilab/OU=Robots/CN=fifegrid/CN=batch/CN=Shreyas Bhat/CN=UID:sbhat','\0',NULL,NULL,582,767),(3085,'2016-06-01 17:32:24','/DC=org/DC=cilogon/C=US/O=Fermi National Accelerator Laboratory/OU=People/CN=Hector Mendez/CN=UID:mendez','\0',NULL,NULL,332,755),(3086,'2016-06-03 09:53:38','/DC=gov/DC=fnal/O=Fermilab/OU=People/CN=Erin E. Conley/CN=UID:econley','\0',NULL,NULL,582,770),(3089,'2016-06-03 13:48:27','/DC=gov/DC=fnal/O=Fermilab/OU=People/CN=Kim Siyeon/CN=UID:siyeon','\0',NULL,NULL,582,773),(3091,'2016-06-03 13:48:28','/DC=gov/DC=fnal/O=Fermilab/OU=Robots/CN=fifegrid/CN=batch/CN=Kim Siyeon/CN=UID:siyeon','\0',NULL,NULL,582,773),(3092,'2016-06-03 15:32:33','/DC=gov/DC=fnal/O=Fermilab/OU=People/CN=Olga Beltramello/CN=UID:obeltram','\0',NULL,NULL,582,776),(3094,'2016-06-03 15:32:34','/DC=gov/DC=fnal/O=Fermilab/OU=Robots/CN=fifegrid/CN=batch/CN=Olga Beltramello/CN=UID:obeltram','\0',NULL,NULL,582,776),(3095,'2016-06-07 11:35:08','/DC=gov/DC=fnal/O=Fermilab/OU=People/CN=Michael A. Dolce/CN=UID:mdolce','\0',NULL,NULL,582,779),(3097,'2016-06-07 11:35:09','/DC=gov/DC=fnal/O=Fermilab/OU=Robots/CN=fifegrid/CN=batch/CN=Michael A. Dolce/CN=UID:mdolce','\0',NULL,NULL,582,779),(3098,'2016-06-07 11:37:15','/DC=gov/DC=fnal/O=Fermilab/OU=People/CN=Christopher Grant/CN=UID:cpgrant','\0',NULL,NULL,582,782),(3100,'2016-06-07 11:37:16','/DC=gov/DC=fnal/O=Fermilab/OU=Robots/CN=fifegrid/CN=batch/CN=Christopher Grant/CN=UID:cpgrant','\0',NULL,NULL,582,782),(3101,'2016-06-07 12:07:06','/DC=gov/DC=fnal/O=Fermilab/OU=People/CN=Amanda L. Depoian/CN=UID:adepoian','\0',NULL,NULL,582,785),(3103,'2016-06-07 12:07:07','/DC=gov/DC=fnal/O=Fermilab/OU=Robots/CN=fifegrid/CN=batch/CN=Amanda L. Depoian/CN=UID:adepoian','\0',NULL,NULL,582,785),(3107,'2016-06-13 13:12:53','/DC=gov/DC=fnal/O=Fermilab/OU=People/CN=Diana Navas/CN=UID:dnavas','\0',NULL,NULL,582,788),(3112,'2016-06-13 13:12:53','/DC=gov/DC=fnal/O=Fermilab/OU=Robots/CN=fifegrid/CN=batch/CN=Diana Navas/CN=UID:dnavas','\0',NULL,NULL,582,788),(3119,'2016-06-13 15:31:02','/DC=org/DC=cilogon/C=US/O=Fermi National Accelerator Laboratory/OU=People/CN=Amanda Depoian/CN=UID:adepoian','\0',NULL,NULL,332,785),(3206,'2016-06-13 15:31:27','/DC=org/DC=cilogon/C=US/O=Fermi National Accelerator Laboratory/OU=People/CN=Christopher Grant/CN=UID:cpgrant','\0',NULL,NULL,332,782),(3230,'2016-06-13 15:31:35','/DC=org/DC=cilogon/C=US/O=Fermi National Accelerator Laboratory/OU=People/CN=Diana Navas/CN=UID:dnavas','\0',NULL,NULL,332,788),(3254,'2016-06-13 15:31:39','/DC=org/DC=cilogon/C=US/O=Fermi National Accelerator Laboratory/OU=People/CN=Erin Conley/CN=UID:econley','\0',NULL,NULL,332,770),(3437,'2016-06-13 15:32:31','/DC=org/DC=cilogon/C=US/O=Fermi National Accelerator Laboratory/OU=People/CN=Michael Dolce/CN=UID:mdolce','\0',NULL,NULL,332,779),(3452,'2016-06-13 15:32:32','/DC=org/DC=cilogon/C=US/O=Fermi National Accelerator Laboratory/OU=People/CN=Michael Gheith/CN=UID:mgheith','\0',NULL,NULL,332,761),(3494,'2016-06-13 15:32:42','/DC=org/DC=cilogon/C=US/O=Fermi National Accelerator Laboratory/OU=People/CN=Nicholas Grant/CN=UID:nigrant','\0',NULL,NULL,332,758),(3506,'2016-06-13 15:32:44','/DC=org/DC=cilogon/C=US/O=Fermi National Accelerator Laboratory/OU=People/CN=Olga Beltramello/CN=UID:obeltram','\0',NULL,NULL,332,776),(3512,'2016-06-13 15:32:45','/DC=org/DC=cilogon/C=US/O=Fermi National Accelerator Laboratory/OU=People/CN=Orlando Peres/CN=UID:operes','\0',NULL,NULL,332,752),(3599,'2016-06-13 15:33:09','/DC=org/DC=cilogon/C=US/O=Fermi National Accelerator Laboratory/OU=People/CN=Kim Siyeon/CN=UID:siyeon','\0',NULL,NULL,332,773),(3638,'2016-06-13 15:33:17','/DC=org/DC=cilogon/C=US/O=Fermi National Accelerator Laboratory/OU=People/CN=Erdinch Tatar/CN=UID:tataerdi','\0',NULL,NULL,332,764),(3640,'2016-06-13 17:29:58','/DC=gov/DC=fnal/O=Fermilab/OU=People/CN=Lisa Giacchetti/CN=UID:lisa','\0',NULL,NULL,582,793),(3643,'2016-06-13 20:12:50','/DC=gov/DC=fnal/O=Fermilab/OU=People/CN=Heidi M. Schellman/CN=UID:schellma','\0',NULL,NULL,582,796),(3646,'2016-06-13 20:13:46','/DC=gov/DC=fnal/O=Fermilab/OU=Robots/CN=fifegrid/CN=batch/CN=Heidi M. Schellman/CN=UID:schellma','\0',NULL,NULL,582,796),(3649,'2016-06-13 20:16:12','/DC=org/DC=cilogon/C=US/O=Fermi National Accelerator Laboratory/OU=People/CN=Heidi Schellman/CN=UID:schellma','\0',NULL,NULL,332,796),(3722,'2016-06-14 09:00:12','/DC=gov/DC=fnal/O=Fermilab/OU=People/CN=Christopher J. Backhouse/CN=UID:bckhouse','\0',NULL,NULL,582,797),(3724,'2016-06-14 09:00:13','/DC=gov/DC=fnal/O=Fermilab/OU=Robots/CN=fifegrid/CN=batch/CN=Christopher J. Backhouse/CN=UID:bckhouse','\0',NULL,NULL,582,797),(3727,'2016-06-15 12:55:38','/DC=gov/DC=fnal/O=Fermilab/OU=People/CN=James R. Sinclair/CN=UID:jimsin','\0',NULL,NULL,582,799),(3730,'2016-06-15 12:56:22','/DC=gov/DC=fnal/O=Fermilab/OU=Robots/CN=fifegrid/CN=batch/CN=James R. Sinclair/CN=UID:jimsin','\0',NULL,NULL,582,799),(3733,'2016-06-15 12:57:16','/DC=org/DC=cilogon/C=US/O=Fermi National Accelerator Laboratory/OU=People/CN=James Sinclair/CN=UID:jimsin','\0',NULL,NULL,332,799),(3734,'2016-06-16 08:58:14','/DC=gov/DC=fnal/O=Fermilab/OU=People/CN=Norman Martinez/CN=UID:normanm','\0',NULL,NULL,582,800),(3736,'2016-06-16 08:58:15','/DC=gov/DC=fnal/O=Fermilab/OU=Robots/CN=fifegrid/CN=batch/CN=Norman Martinez/CN=UID:normanm','\0',NULL,NULL,582,800),(3737,'2016-06-17 15:46:02','/DC=gov/DC=fnal/O=Fermilab/OU=People/CN=Manhong Zhao/CN=UID:mzhao','\0',NULL,NULL,582,803),(3739,'2016-06-17 15:46:03','/DC=gov/DC=fnal/O=Fermilab/OU=Robots/CN=fifegrid/CN=batch/CN=Manhong Zhao/CN=UID:mzhao','\0',NULL,NULL,582,803),(3742,'2016-06-19 15:52:47','/DC=gov/DC=fnal/O=Fermilab/OU=Robots/CN=fifegrid/CN=batch/CN=Lisa Giacchetti/CN=UID:lisa','\0',NULL,NULL,582,793),(3743,'2016-06-21 14:18:46','/DC=gov/DC=fnal/O=Fermilab/OU=People/CN=Amanda Gao/CN=UID:agao','\0',NULL,NULL,582,806),(3748,'2016-06-21 14:18:47','/DC=gov/DC=fnal/O=Fermilab/OU=Robots/CN=fifegrid/CN=batch/CN=Amanda Gao/CN=UID:agao','\0',NULL,NULL,582,806),(3749,'2016-06-21 15:36:41','/DC=gov/DC=fnal/O=Fermilab/OU=People/CN=Justin Vasel/CN=UID:jvasel','\0',NULL,NULL,582,809),(3751,'2016-06-21 15:36:41','/DC=gov/DC=fnal/O=Fermilab/OU=Robots/CN=fifegrid/CN=batch/CN=Justin Vasel/CN=UID:jvasel','\0',NULL,NULL,582,809),(3752,'2016-06-21 16:03:33','/DC=gov/DC=fnal/O=Fermilab/OU=People/CN=Justin L. Hugon/CN=UID:jhugon','\0',NULL,NULL,582,812),(3754,'2016-06-21 16:03:33','/DC=gov/DC=fnal/O=Fermilab/OU=Robots/CN=fifegrid/CN=batch/CN=Justin L. Hugon/CN=UID:jhugon','\0',NULL,NULL,582,812),(3755,'2016-06-22 14:03:08','/DC=gov/DC=fnal/O=Fermilab/OU=People/CN=Merina Albert/CN=UID:merina','\0',NULL,NULL,582,815),(3760,'2016-06-23 18:05:05','/DC=org/DC=cilogon/C=US/O=Fermi National Accelerator Laboratory/OU=People/CN=Norman Martinez/CN=UID:normanm','\0',NULL,NULL,332,800),(3764,'2016-06-28 12:02:55','/DC=gov/DC=fnal/O=Fermilab/OU=People/CN=Michael J. Soughton/CN=UID:soughton','\0',NULL,NULL,582,818),(3767,'2016-06-28 12:02:56','/DC=gov/DC=fnal/O=Fermilab/OU=Robots/CN=fifegrid/CN=batch/CN=Michael J. Soughton/CN=UID:soughton','\0',NULL,NULL,582,818),(3770,'2016-06-28 12:02:57','/DC=org/DC=cilogon/C=US/O=Fermi National Accelerator Laboratory/OU=People/CN=Michael Soughton/CN=UID:soughton','\0',NULL,NULL,332,818),(3773,'2016-06-28 12:03:50','/DC=gov/DC=fnal/O=Fermilab/OU=People/CN=Lisa K. Crow/CN=UID:lcrow','\0',NULL,NULL,582,821),(3776,'2016-06-28 12:03:51','/DC=gov/DC=fnal/O=Fermilab/OU=Robots/CN=fifegrid/CN=batch/CN=Lisa K. Crow/CN=UID:lcrow','\0',NULL,NULL,582,821),(3779,'2016-06-28 12:03:51','/DC=org/DC=cilogon/C=US/O=Fermi National Accelerator Laboratory/OU=People/CN=Lisa Crow/CN=UID:lcrow','\0',NULL,NULL,332,821),(3784,'2016-06-29 14:00:52','/DC=org/DC=cilogon/C=US/O=Fermi National Accelerator Laboratory/OU=People/CN=Amanda Gao/CN=UID:agao','\0',NULL,NULL,332,806),(3833,'2016-06-30 10:44:59','/DC=org/DC=cilogon/C=US/O=Fermi National Accelerator Laboratory/OU=People/CN=Christopher Backhouse/CN=UID:bckhouse','\0',NULL,NULL,332,797),(4055,'2016-06-30 10:45:54','/DC=org/DC=cilogon/C=US/O=Fermi National Accelerator Laboratory/OU=People/CN=Justin Vasel/CN=UID:jvasel','\0',NULL,NULL,332,809),(4088,'2016-06-30 10:46:06','/DC=org/DC=cilogon/C=US/O=Fermi National Accelerator Laboratory/OU=People/CN=Lisa Giacchetti/CN=UID:lisa','\0',NULL,NULL,332,793),(4133,'2016-06-30 10:46:16','/DC=org/DC=cilogon/C=US/O=Fermi National Accelerator Laboratory/OU=People/CN=Merina Albert/CN=UID:merina','\0',NULL,NULL,332,815),(4135,'2016-06-30 14:09:57','/DC=org/DC=cilogon/C=US/O=Fermi National Accelerator Laboratory/OU=Robots/CN=dunegpvm07.fnal.gov/CN=cron/CN=Laura Fields/CN=UID:ljf26','\0',NULL,NULL,332,193),(4138,'2016-07-01 11:25:31','/DC=org/DC=cilogon/C=US/O=Fermi National Accelerator Laboratory/OU=People/CN=Shreyas Bhat/CN=UID:sbhat','\0',NULL,NULL,332,767),(4508,'2016-07-01 13:14:17','/DC=org/DC=cilogon/C=US/O=Fermi National Accelerator Laboratory/OU=People/CN=Michael Wang/CN=UID:mwang','\0',NULL,NULL,332,211),(4586,'2016-07-01 13:14:39','/DC=org/DC=cilogon/C=US/O=Fermi National Accelerator Laboratory/OU=People/CN=Alexander Himmel/CN=UID:ahimmel','\0',NULL,NULL,332,87),(4754,'2016-07-01 13:15:17','/DC=org/DC=cilogon/C=US/O=Fermi National Accelerator Laboratory/OU=People/CN=Celio Moura/CN=UID:camj','\0',NULL,NULL,332,582),(4970,'2016-07-01 13:15:57','/DC=org/DC=cilogon/C=US/O=Fermi National Accelerator Laboratory/OU=People/CN=Nick Grant/CN=UID:nigrant','\0',NULL,NULL,332,758),(5051,'2016-07-01 13:16:11','/DC=org/DC=cilogon/C=US/O=Fermi National Accelerator Laboratory/OU=People/CN=Manhong Zhao/CN=UID:mzhao','\0',NULL,NULL,332,803),(5054,'2016-07-01 13:16:11','/DC=org/DC=cilogon/C=US/O=Fermi National Accelerator Laboratory/OU=People/CN=Justin Hugon/CN=UID:jhugon','\0',NULL,NULL,332,812),(5056,'2016-07-01 15:17:15','/DC=org/DC=cilogon/C=US/O=Fermi National Accelerator Laboratory/OU=Robots/CN=lbnegpvm03.fnal.gov/CN=cron/CN=Laura Fields/CN=UID:ljf26','\0',NULL,NULL,332,193),(5059,'2016-07-01 15:20:35','/DC=org/DC=cilogon/C=US/O=Fermi National Accelerator Laboratory/OU=Robots/CN=fifegrid/CN=cron/CN=/CN=UID:potekhin','\0',NULL,NULL,332,331),(5062,'2016-07-01 15:20:57','/DC=org/DC=cilogon/C=US/O=Fermi National Accelerator Laboratory/OU=Robots/CN=fifegrid/CN=cron/CN=Igor Rakhno/CN=UID:rakhno','\0',NULL,NULL,332,205),(5065,'2016-07-01 15:21:21','/DC=org/DC=cilogon/C=US/O=Fermi National Accelerator Laboratory/OU=Robots/CN=fifegrid/CN=cron/CN=Qizhong Li/CN=UID:qzli','\0',NULL,NULL,332,316),(5068,'2016-07-05 12:12:23','/DC=gov/DC=fnal/O=Fermilab/OU=Robots/CN=fifegrid/CN=batch/CN=Eriin E. Conley/CN=UID:econley','\0',NULL,NULL,582,770),(5074,'2016-07-06 10:31:35','/DC=org/DC=cilogon/C=US/O=Fermi National Accelerator Laboratory/OU=Robots/CN=dunegpvm07.fnal.gov/CN=cron/CN=Steven Timm/CN=UID:timm','\0',NULL,NULL,332,22),(13493,'2016-07-08 11:34:02','/DC=gov/DC=fnal/O=Fermilab/OU=People/CN=Charlotte L. Wallace/CN=UID:cwallace','\0',NULL,NULL,582,824),(13496,'2016-07-08 11:34:03','/DC=gov/DC=fnal/O=Fermilab/OU=Robots/CN=fifegrid/CN=batch/CN=Charlotte L. Wallace/CN=UID:cwallace','\0',NULL,NULL,582,824),(14147,'2016-07-08 12:43:00','/DC=org/DC=cilogon/C=US/O=Fermi National Accelerator Laboratory/OU=People/CN=Charlotte Wallace/CN=UID:cwallace','\0',NULL,NULL,332,824),(14149,'2016-07-12 09:17:52','/C=UK/O=eScience/OU=Imperial/L=Physics/CN=dirac-pilot.grid.hep.ph.ic.ac.uk','\0',NULL,NULL,542,826),(59069,'2016-07-14 08:47:11','/DC=gov/DC=fnal/O=Fermilab/OU=People/CN=Kelwin Matias/CN=UID:kmatias','\0',NULL,NULL,582,827),(59072,'2016-07-14 08:47:12','/DC=gov/DC=fnal/O=Fermilab/OU=Robots/CN=fifegrid/CN=batch/CN=Kelwin Matias/CN=UID:kmatias','\0',NULL,NULL,582,827),(59075,'2016-07-14 08:47:13','/DC=org/DC=cilogon/C=US/O=Fermi National Accelerator Laboratory/OU=People/CN=Kelwin Matias/CN=UID:kmatias','\0',NULL,NULL,332,827),(61040,'2016-07-14 12:32:57','/DC=gov/DC=fnal/O=Fermilab/OU=People/CN=Karolina Juraskova/CN=UID:kjurasko','\0',NULL,NULL,582,830),(61043,'2016-07-14 12:32:58','/DC=gov/DC=fnal/O=Fermilab/OU=Robots/CN=fifegrid/CN=batch/CN=Karolina Juraskova/CN=UID:kjurasko','\0',NULL,NULL,582,830),(61046,'2016-07-14 12:32:59','/DC=org/DC=cilogon/C=US/O=Fermi National Accelerator Laboratory/OU=People/CN=Karolina Juraskova/CN=UID:kjurasko','\0',NULL,NULL,332,830),(61051,'2016-07-18 18:13:48','/DC=org/DC=cilogon/C=US/O=Fermi National Accelerator Laboratory/OU=People/CN=Aaron Higuera pichardo/CN=UID:higuera','\0',NULL,NULL,332,832),(61054,'2016-07-18 18:15:06','/DC=gov/DC=fnal/O=Fermilab/OU=People/CN=Aaron Higuera pichardo/CN=UID:higuera','\0',NULL,NULL,582,832),(61057,'2016-07-18 18:15:54','/DC=gov/DC=fnal/O=Fermilab/OU=Robots/CN=fifegrid/CN=batch/CN=Aaron Higuera pichardo/CN=UID:higuera','\0',NULL,NULL,582,832),(139283,'2016-07-19 11:17:21','/DC=gov/DC=fnal/O=Fermilab/OU=People/CN=Marco Roda/CN=UID:mroda','\0',NULL,NULL,582,833),(139286,'2016-07-19 11:17:22','/DC=gov/DC=fnal/O=Fermilab/OU=Robots/CN=fifegrid/CN=batch/CN=Marco Roda/CN=UID:mroda','\0',NULL,NULL,582,833),(139289,'2016-07-19 11:17:23','/DC=org/DC=cilogon/C=US/O=Fermi National Accelerator Laboratory/OU=People/CN=Marco Roda/CN=UID:mroda','\0',NULL,NULL,332,833),(139292,'2016-07-19 11:31:25','/DC=gov/DC=fnal/O=Fermilab/OU=People/CN=William H. Kyle/CN=UID:whkyle','\0',NULL,NULL,582,836),(139295,'2016-07-19 11:31:26','/DC=gov/DC=fnal/O=Fermilab/OU=Robots/CN=fifegrid/CN=batch/CN=William H. Kyle/CN=UID:whkyle','\0',NULL,NULL,582,836),(139298,'2016-07-19 11:31:26','/DC=org/DC=cilogon/C=US/O=Fermi National Accelerator Laboratory/OU=People/CN=William Kyle/CN=UID:whkyle','\0',NULL,NULL,332,836),(253593,'2016-07-27 18:42:02','/DC=org/DC=cilogon/C=US/O=Fermi National Accelerator Laboratory/OU=People/CN=Thales Vieira/CN=UID:thalesv','\0',NULL,NULL,332,415),(328200,'2016-08-01 09:47:00','/DC=gov/DC=fnal/O=Fermilab/OU=People/CN=Letizia Parato/CN=UID:lparato','\0',NULL,NULL,582,840),(328203,'2016-08-01 09:47:01','/DC=gov/DC=fnal/O=Fermilab/OU=Robots/CN=fifegrid/CN=batch/CN=Letizia Parato/CN=UID:lparato','\0',NULL,NULL,582,840),(328206,'2016-08-01 09:47:02','/DC=org/DC=cilogon/C=US/O=Fermi National Accelerator Laboratory/OU=People/CN=Letizia Parato/CN=UID:lparato','\0',NULL,NULL,332,840),(332241,'2016-08-01 16:34:20','/DC=gov/DC=fnal/O=Fermilab/OU=People/CN=Hin lok henoch Wong/CN=UID:hwong','\0',NULL,NULL,582,846),(332244,'2016-08-01 16:34:21','/DC=gov/DC=fnal/O=Fermilab/OU=Robots/CN=fifegrid/CN=batch/CN=Hin lok henoch Wong/CN=UID:hwong','\0',NULL,NULL,582,846),(332247,'2016-08-01 16:34:21','/DC=org/DC=cilogon/C=US/O=Fermi National Accelerator Laboratory/OU=People/CN=Hin lok henoch Wong/CN=UID:hwong','\0',NULL,NULL,332,846),(393024,'2016-08-05 10:15:34','/DC=org/DC=cilogon/C=US/O=Fermi National Accelerator Laboratory/CN=Dorota Stefan A68346','\0',NULL,NULL,332,520),(460554,'2016-08-09 14:31:07','','\0',NULL,NULL,582,852),(460557,'2016-08-09 14:31:52','/DC=gov/DC=fnal/O=Fermilab/OU=People/CN=Kyle Knoepfel/CN=UID:knoepfel','\0',NULL,NULL,582,855),(460560,'2016-08-09 14:31:53','/DC=gov/DC=fnal/O=Fermilab/OU=Robots/CN=fifegrid/CN=batch/CN=Kyle Knoepfel/CN=UID:knoepfel','\0',NULL,NULL,582,855),(460563,'2016-08-09 14:31:54','/DC=org/DC=cilogon/C=US/O=Fermi National Accelerator Laboratory/OU=People/CN=Kyle Knoepfel/CN=UID:knoepfel','\0',NULL,NULL,332,855),(461244,'2016-08-09 14:43:48','/DC=gov/DC=fnal/O=Fermilab/OU=People/CN=Igor V. Mandrichenko/CN=UID:ivm','\0',NULL,NULL,582,858),(461247,'2016-08-09 14:43:49','/DC=gov/DC=fnal/O=Fermilab/OU=Robots/CN=fifegrid/CN=batch/CN=Igor V. Mandrichenko/CN=UID:ivm','\0',NULL,NULL,582,858),(461250,'2016-08-09 14:43:49','/DC=org/DC=cilogon/C=US/O=Fermi National Accelerator Laboratory/OU=People/CN=Igor Mandrichenko/CN=UID:ivm','\0',NULL,NULL,332,858),(461253,'2016-08-09 14:44:39','/DC=gov/DC=fnal/O=Fermilab/OU=People/CN=Kevin Retzke/CN=UID:kretzke','\0',NULL,NULL,582,861),(461256,'2016-08-09 14:44:40','/DC=gov/DC=fnal/O=Fermilab/OU=Robots/CN=fifegrid/CN=batch/CN=Kevin Retzke/CN=UID:kretzke','\0',NULL,NULL,582,861),(461259,'2016-08-09 14:44:41','/DC=org/DC=cilogon/C=US/O=Fermi National Accelerator Laboratory/OU=People/CN=Kevin Retzke/CN=UID:kretzke','\0',NULL,NULL,332,861),(461262,'2016-08-09 15:07:43','/DC=org/DC=opensciencegrid/O=Open Science Grid/OU=Services/CN=fts/protodunefts.fnal.gov','\0',NULL,NULL,1077,858),(494109,'2016-08-11 15:18:56','/DC=gov/DC=fnal/O=Fermilab/OU=People/CN=Camillo Mariani/CN=UID:mariani','\0',NULL,NULL,582,864),(494112,'2016-08-11 15:18:57','/DC=gov/DC=fnal/O=Fermilab/OU=Robots/CN=fifegrid/CN=batch/CN=Camillo Mariani/CN=UID:mariani','\0',NULL,NULL,582,864),(494115,'2016-08-11 15:18:57','/DC=org/DC=cilogon/C=US/O=Fermi National Accelerator Laboratory/OU=People/CN=Camillo Mariani/CN=UID:mariani','\0',NULL,NULL,332,864),(494118,'2016-08-11 15:27:07','/DC=gov/DC=fnal/O=Fermilab/OU=People/CN=Artur M. Ankowski/CN=UID:aankowsk','\0',NULL,NULL,582,867),(494121,'2016-08-11 15:27:08','/DC=gov/DC=fnal/O=Fermilab/OU=Robots/CN=fifegrid/CN=batch/CN=Artur M. Ankowski/CN=UID:aankowsk','\0',NULL,NULL,582,867),(494124,'2016-08-11 15:27:08','/DC=org/DC=cilogon/C=US/O=Fermi National Accelerator Laboratory/OU=People/CN=Artur Ankowski/CN=UID:aankowsk','\0',NULL,NULL,332,867),(557631,'2016-08-15 11:09:23','/DC=gov/DC=fnal/O=Fermilab/OU=People/CN=Joseph Zennamo/CN=UID:jaz8600','\0',NULL,NULL,582,870),(557634,'2016-08-15 11:09:24','/DC=gov/DC=fnal/O=Fermilab/OU=Robots/CN=fifegrid/CN=batch/CN=Joseph Zennamo/CN=UID:jaz8600','\0',NULL,NULL,582,870),(557637,'2016-08-15 11:09:24','/DC=org/DC=cilogon/C=US/O=Fermi National Accelerator Laboratory/OU=People/CN=Joseph Zennamo/CN=UID:jaz8600','\0',NULL,NULL,332,870),(576357,'2016-08-16 13:53:54','/DC=gov/DC=fnal/O=Fermilab/OU=People/CN=Sakshi Gupta/CN=UID:sgupta','\0',NULL,NULL,582,873),(576360,'2016-08-16 13:53:55','/DC=gov/DC=fnal/O=Fermilab/OU=Robots/CN=fifegrid/CN=batch/CN=Sakshi Gupta/CN=UID:sgupta','\0',NULL,NULL,582,873),(579573,'2016-08-16 18:42:27','/DC=org/DC=cilogon/C=US/O=Fermi National Accelerator Laboratory/OU=People/CN=Sakshi Gupta/CN=UID:sgupta','\0',NULL,NULL,332,873),(598373,'2016-08-18 13:43:52','/DC=gov/DC=fnal/O=Fermilab/OU=People/CN=Giovanna Lehmann/CN=UID:glehmann','\0',NULL,NULL,582,875),(598376,'2016-08-18 13:43:53','/DC=gov/DC=fnal/O=Fermilab/OU=Robots/CN=fifegrid/CN=batch/CN=Giovanna Lehmann/CN=UID:glehmann','\0',NULL,NULL,582,875),(598379,'2016-08-18 13:43:54','/DC=org/DC=cilogon/C=US/O=Fermi National Accelerator Laboratory/OU=People/CN=Giovanna Lehmann/CN=UID:glehmann','\0',NULL,NULL,332,875),(602574,'2016-08-25 13:47:43','/DC=gov/DC=fnal/O=Fermilab/OU=People/CN=Xiaoyi Sun/CN=UID:xiaoyis','\0',NULL,NULL,582,879),(602577,'2016-08-25 13:47:44','/DC=gov/DC=fnal/O=Fermilab/OU=Robots/CN=fifegrid/CN=batch/CN=Xiaoyi Sun/CN=UID:xiaoyis','\0',NULL,NULL,582,879),(602580,'2016-08-25 13:47:45','/DC=org/DC=cilogon/C=US/O=Fermi National Accelerator Laboratory/OU=People/CN=Xiaoyi Sun/CN=UID:xiaoyis','\0',NULL,NULL,332,879),(618027,'2016-08-26 12:35:15','/DC=gov/DC=fnal/O=Fermilab/OU=People/CN=Minerba Betancourt/CN=UID:betan009','\0',NULL,NULL,582,882),(618030,'2016-08-26 12:35:16','/DC=gov/DC=fnal/O=Fermilab/OU=Robots/CN=fifegrid/CN=batch/CN=Minerba Betancourt/CN=UID:betan009','\0',NULL,NULL,582,882),(618033,'2016-08-26 12:35:17','/DC=org/DC=cilogon/C=US/O=Fermi National Accelerator Laboratory/OU=People/CN=Minerba Betancourt/CN=UID:betan009','\0',NULL,NULL,332,882),(683607,'2016-08-30 09:32:36','/DC=gov/DC=fnal/O=Fermilab/OU=People/CN=Frank Filthaut/CN=UID:filthaut','\0',NULL,NULL,582,885),(683610,'2016-08-30 09:32:37','/DC=gov/DC=fnal/O=Fermilab/OU=Robots/CN=fifegrid/CN=batch/CN=Frank Filthaut/CN=UID:filthaut','\0',NULL,NULL,582,885),(683613,'2016-08-30 09:32:39','/DC=org/DC=cilogon/C=US/O=Fermi National Accelerator Laboratory/OU=People/CN=Frank Filthaut/CN=UID:filthaut','\0',NULL,NULL,332,885),(819570,'2016-09-07 09:13:19','/DC=gov/DC=fnal/O=Fermilab/OU=People/CN=Jiyeon Han/CN=UID:jyhan','\0',NULL,NULL,582,891),(819573,'2016-09-07 09:13:20','/DC=gov/DC=fnal/O=Fermilab/OU=Robots/CN=fifegrid/CN=batch/CN=Jiyeon Han/CN=UID:jyhan','\0',NULL,NULL,582,891),(819576,'2016-09-07 09:13:20','/DC=org/DC=cilogon/C=US/O=Fermi National Accelerator Laboratory/OU=People/CN=Jiyeon Han/CN=UID:jyhan','\0',NULL,NULL,332,891),(823845,'2016-09-07 15:17:15','/DC=gov/DC=fnal/O=Fermilab/OU=People/CN=Miriama Rajaoalisoa/CN=UID:mrajaoal','\0',NULL,NULL,582,894),(823848,'2016-09-07 15:17:16','/DC=gov/DC=fnal/O=Fermilab/OU=Robots/CN=fifegrid/CN=batch/CN=Miriama Rajaoalisoa/CN=UID:mrajaoal','\0',NULL,NULL,582,894),(823851,'2016-09-07 15:17:17','/DC=org/DC=cilogon/C=US/O=Fermi National Accelerator Laboratory/OU=People/CN=Miriama Rajaoalisoa/CN=UID:mrajaoal','\0',NULL,NULL,332,894),(838137,'2016-09-08 10:49:43','/DC=gov/DC=fnal/O=Fermilab/OU=People/CN=Herilala S. Razafinime/CN=UID:hrazafin','\0',NULL,NULL,582,897),(838140,'2016-09-08 10:49:44','/DC=gov/DC=fnal/O=Fermilab/OU=Robots/CN=fifegrid/CN=batch/CN=Herilala S. Razafinime/CN=UID:hrazafin','\0',NULL,NULL,582,897),(838143,'2016-09-08 10:49:45','/DC=org/DC=cilogon/C=US/O=Fermi National Accelerator Laboratory/OU=People/CN=Herilala Razafinime/CN=UID:hrazafin','\0',NULL,NULL,332,897),(854636,'2016-09-09 12:01:54','/DC=gov/DC=fnal/O=Fermilab/OU=People/CN=Mario A. Acero ortega/CN=UID:macero','\0',NULL,NULL,582,899),(854639,'2016-09-09 12:01:55','/DC=gov/DC=fnal/O=Fermilab/OU=Robots/CN=fifegrid/CN=batch/CN=Mario A. Acero ortega/CN=UID:macero','\0',NULL,NULL,582,899),(854642,'2016-09-09 12:01:55','/DC=org/DC=cilogon/C=US/O=Fermi National Accelerator Laboratory/OU=People/CN=Mario Acero/CN=UID:macero','\0',NULL,NULL,332,899),(856805,'2016-09-09 15:37:24','/DC=gov/DC=fnal/O=Fermilab/OU=People/CN=Zarko Pavlovic/CN=UID:zarko','\0',NULL,NULL,582,902),(856808,'2016-09-09 15:37:24','/DC=gov/DC=fnal/O=Fermilab/OU=Robots/CN=fifegrid/CN=batch/CN=Zarko Pavlovic/CN=UID:zarko','\0',NULL,NULL,582,902),(856811,'2016-09-09 15:37:25','/DC=org/DC=cilogon/C=US/O=Fermi National Accelerator Laboratory/OU=People/CN=Zarko Pavlovic/CN=UID:zarko','\0',NULL,NULL,332,902),(909593,'2016-09-12 15:54:52','/DC=gov/DC=fnal/O=Fermilab/OU=People/CN=Jorge Navarro/CN=UID:jnavarro','\0',NULL,NULL,582,905),(909596,'2016-09-12 15:54:53','/DC=gov/DC=fnal/O=Fermilab/OU=Robots/CN=fifegrid/CN=batch/CN=Jorge Navarro/CN=UID:jnavarro','\0',NULL,NULL,582,905),(909599,'2016-09-12 15:54:54','/DC=org/DC=cilogon/C=US/O=Fermi National Accelerator Laboratory/OU=People/CN=Jorge Navarro/CN=UID:jnavarro','\0',NULL,NULL,332,905),(943008,'2016-09-14 17:01:54','/DC=org/DC=cilogon/C=US/O=Fermi National Accelerator Laboratory/OU=People/CN=Ivan Caro Terrazas/CN=UID:icaro','\0',NULL,NULL,332,918),(943011,'2016-09-14 17:10:30','/DC=org/DC=cilogon/C=US/O=Fermi National Accelerator Laboratory/OU=People/CN=Jaroslav Zalesak/CN=UID:zalesak','\0',NULL,NULL,332,921),(950487,'2016-09-16 11:35:14','/DC=org/DC=cilogon/C=US/O=Fermi National Accelerator Laboratory/OU=People/CN=Christopher Marshall/CN=UID:marshalc','\0',NULL,NULL,332,924),(950490,'2016-09-16 11:37:56','/DC=org/DC=cilogon/C=US/O=Fermi National Accelerator Laboratory/OU=People/CN=David De muth/CN=UID:demuth','\0',NULL,NULL,332,927),(950529,'2016-09-16 11:38:35','/DC=org/DC=cilogon/C=US/O=Fermi National Accelerator Laboratory/OU=People/CN=Lucas Mendes santos/CN=UID:lmendes','\0',NULL,NULL,332,930),(951225,'2016-09-16 12:12:38','/DC=org/DC=cilogon/C=US/O=Fermi National Accelerator Laboratory/OU=People/CN=Joshua Barrow/CN=UID:jbarrow','\0',NULL,NULL,332,933),(951228,'2016-09-16 12:16:39','/DC=org/DC=cilogon/C=US/O=Fermi National Accelerator Laboratory/OU=People/CN=Reddy pratap Gandrajula/CN=UID:fl14973v','\0',NULL,NULL,332,936),(951231,'2016-09-16 12:17:24','/DC=org/DC=cilogon/C=US/O=Fermi National Accelerator Laboratory/OU=People/CN=Pengfei Ding/CN=UID:dingpf','\0',NULL,NULL,332,939),(951234,'2016-09-16 12:17:53','/DC=org/DC=cilogon/C=US/O=Fermi National Accelerator Laboratory/OU=People/CN=Leonidas Aliaga Soplin/CN=UID:laliaga','\0',NULL,NULL,332,942),(951237,'2016-09-16 12:18:26','/DC=org/DC=cilogon/C=US/O=Fermi National Accelerator Laboratory/OU=People/CN=Aristeidis Tsaris/CN=UID:atsaris','\0',NULL,NULL,332,945),(951240,'2016-09-16 12:29:37','/DC=org/DC=cilogon/C=US/O=Fermi National Accelerator Laboratory/OU=People/CN=Edgar Valencia/CN=UID:evalen','\0',NULL,NULL,332,948),(951243,'2016-09-16 12:36:42','/DC=org/DC=cilogon/C=US/O=Fermi National Accelerator Laboratory/OU=People/CN=Pavel Snopok/CN=UID:snopok','\0',NULL,NULL,332,951),(951245,'2016-09-19 10:14:03','/DC=org/DC=cilogon/C=US/O=Fermi National Accelerator Laboratory/OU=People/CN=Ben Rybolt/CN=UID:brybolt','\0',NULL,NULL,332,953),(951248,'2016-09-19 10:30:45','/DC=org/DC=cilogon/C=US/O=Fermi National Accelerator Laboratory/OU=People/CN=P Norris/CN=UID:pnorris','\0',NULL,NULL,332,956),(951251,'2016-09-20 16:13:56','/DC=org/DC=cilogon/C=US/O=Fermi National Accelerator Laboratory/OU=People/CN=Asher Kaboth/CN=UID:ackaboth','\0',NULL,NULL,332,959),(951254,'2016-09-22 15:26:31','/DC=org/DC=cilogon/C=US/O=Fermi National Accelerator Laboratory/OU=People/CN=Vito Di Benedetto/CN=UID:vito','\0',NULL,NULL,332,571),(951257,'2016-09-22 17:12:47','/DC=org/DC=cilogon/C=US/O=Fermi National Accelerator Laboratory/OU=People/CN=Nicholas Smith/CN=UID:nbsmith','\0',NULL,NULL,332,962),(951260,'2016-09-23 15:59:41','/DC=org/DC=cilogon/C=US/O=Fermi National Accelerator Laboratory/OU=People/CN=Lisa Lin/CN=UID:llin','\0',NULL,NULL,332,965),(951266,'2016-09-26 11:09:06','/DC=org/DC=cilogon/C=US/O=Fermi National Accelerator Laboratory/OU=People/CN=Victor Cervantes/CN=UID:vcervant','\0',NULL,NULL,332,968),(951269,'2016-09-27 16:04:01','/DC=org/DC=cilogon/C=US/O=Fermi National Accelerator Laboratory/OU=People/CN=Kathryn Downey/CN=UID:kdowney','\0',NULL,NULL,332,971),(951275,'2016-09-29 16:01:26','/DC=org/DC=cilogon/C=US/O=Fermi National Accelerator Laboratory/OU=People/CN=Kirk Bays/CN=UID:bays','\0',NULL,NULL,332,974),(951281,'2016-10-05 15:31:26','/DC=org/DC=cilogon/C=US/O=Fermi National Accelerator Laboratory/OU=People/CN=Nicholas Lira/CN=UID:nlira','\0',NULL,NULL,332,980),(951287,'2016-10-11 14:20:53','/DC=org/DC=cilogon/C=US/O=Fermi National Accelerator Laboratory/OU=People/CN=Reddy pratap Gandrajula/CN=UID:reddypg','\0',NULL,NULL,332,986),(951290,'2016-10-11 14:22:03','/DC=org/DC=cilogon/C=US/O=Fermi National Accelerator Laboratory/OU=People/CN=Alessandra Tonazzo/CN=UID:atonazzo','\0',NULL,NULL,332,989),(951293,'2016-10-11 14:25:32','/DC=org/DC=cilogon/C=US/O=Fermi National Accelerator Laboratory/OU=People/CN=Jacob Calcutt/CN=UID:calcuttj','\0',NULL,NULL,332,992),(951296,'2016-10-12 11:40:22','/DC=ch/DC=cern/OU=Organic Units/OU=Users/CN=rosulej/CN=578633/CN=Robert Sulej','\0',NULL,NULL,792,523),(951299,'2016-10-13 10:28:13','/DC=org/DC=cilogon/C=US/O=Fermi National Accelerator Laboratory/OU=People/CN=Leigh Whitehead/CN=UID:lwhite86','\0',NULL,NULL,332,998),(951305,'2016-10-19 15:29:36','/DC=ch/DC=cern/OU=Organic Units/OU=Users/CN=dostefan/CN=666061/CN=Dorota Stefan','\0',NULL,NULL,792,520),(951308,'2016-10-20 08:44:37','/DC=org/DC=cilogon/C=US/O=Fermi National Accelerator Laboratory/OU=People/CN=Kerem Cankocak/CN=UID:cankocak','\0',NULL,NULL,332,1004),(951314,'2016-10-24 11:48:56','/DC=org/DC=cilogon/C=US/O=Fermi National Accelerator Laboratory/OU=People/CN=Milo Vermeulen/CN=UID:milov','\0',NULL,NULL,332,1010),(951317,'2016-10-25 14:01:05','/DC=org/DC=cilogon/C=US/O=Fermi National Accelerator Laboratory/OU=People/CN=Alexander Radovic/CN=UID:radovic','\0',NULL,NULL,332,1016),(951320,'2016-10-26 11:42:01','/DC=org/DC=cilogon/C=US/O=Fermi National Accelerator Laboratory/OU=People/CN=Samantha Tetef/CN=UID:stetef','\0',NULL,NULL,332,1019),(951323,'2016-10-26 13:27:18','/DC=org/DC=cilogon/C=US/O=Fermi National Accelerator Laboratory/OU=People/CN=Aiden Reynolds/CN=UID:areynold','\0',NULL,NULL,332,1022),(951326,'2016-10-28 11:39:51','/DC=org/DC=cilogon/C=US/O=Fermi National Accelerator Laboratory/OU=People/CN=Jingbo Wang/CN=UID:wjingbo','\0',NULL,NULL,332,1028),(951329,'2016-10-28 13:44:31','/DC=org/DC=cilogon/C=US/O=Fermi National Accelerator Laboratory/OU=People/CN=Guang Yang/CN=UID:gyang','\0',NULL,NULL,332,1031),(952007,'2016-11-10 09:08:34','/DC=org/DC=cilogon/C=US/O=Fermi National Accelerator Laboratory/OU=People/CN=Nektarios Benekos/CN=UID:nbenekos','\0',NULL,NULL,332,1037),(952010,'2016-11-10 10:37:05','/DC=org/DC=cilogon/C=US/O=Fermi National Accelerator Laboratory/OU=People/CN=Arbin Timilsina/CN=UID:arbint','\0',NULL,NULL,332,1040),(952013,'2016-11-10 10:37:41','/DC=org/DC=cilogon/C=US/O=Fermi National Accelerator Laboratory/OU=People/CN=Hans Sharma/CN=UID:hsharma','\0',NULL,NULL,332,1043),(952016,'2016-11-14 16:07:37','/DC=org/DC=cilogon/C=US/O=Fermi National Accelerator Laboratory/OU=People/CN=Ana Amelia Machado/CN=UID:amachado','\0',NULL,NULL,332,1046),(952019,'2016-11-16 11:23:03','/DC=org/DC=cilogon/C=US/O=Fermi National Accelerator Laboratory/OU=People/CN=Vikas Gupta/CN=UID:vgupta2','\0',NULL,NULL,332,1049),(952023,'2016-11-17 10:21:42','/DC=org/DC=cilogon/C=US/O=Fermi National Accelerator Laboratory/OU=People/CN=Felipe Garcia Ken Kamiya/CN=UID:fgarciak','\0',NULL,NULL,332,1053),(952029,'2016-11-28 14:30:21','/DC=org/DC=opensciencegrid/O=Open Science Grid/OU=Services/CN=fts/dunesamgpvm02.fnal.gov','\0',NULL,NULL,1077,310),(952035,'2016-11-30 11:21:36','/DC=org/DC=cilogon/C=US/O=Fermi National Accelerator Laboratory/OU=People/CN=Owen Goodwin/CN=UID:ogoodwin','\0',NULL,NULL,332,1056),(952041,'2016-12-05 16:20:11','/DC=org/DC=cilogon/C=US/O=Fermi National Accelerator Laboratory/OU=People/CN=Voica Radescu/CN=UID:vradescu','\0',NULL,NULL,332,1059),(952053,'2016-12-09 08:58:02','/DC=org/DC=cilogon/C=US/O=Fermi National Accelerator Laboratory/OU=People/CN=Alan Watson/CN=UID:atwatson','\0',NULL,NULL,332,1062),(952059,'2016-12-12 15:53:43','/DC=org/DC=cilogon/C=US/O=Fermi National Accelerator Laboratory/OU=People/CN=Shelby Routt/CN=UID:sroutt','\0',NULL,NULL,332,1065),(952065,'2016-12-14 15:23:49','/DC=org/DC=cilogon/C=US/O=Fermi National Accelerator Laboratory/OU=People/CN=Christoph Alt/CN=UID:calt','\0',NULL,NULL,332,1068),(952068,'2016-12-14 15:35:56','/DC=org/DC=cilogon/C=US/O=Fermi National Accelerator Laboratory/OU=People/CN=Edward Atkin/CN=UID:eatkin','\0',NULL,NULL,332,1071),(952074,'2016-12-19 13:19:41','/DC=org/DC=cilogon/C=US/O=Fermi National Accelerator Laboratory/OU=People/CN=Jaydip Singh/CN=UID:jdsingh','\0',NULL,NULL,332,1074),(952080,'2016-12-21 17:20:54','/DC=org/DC=opensciencegrid/O=Open Science Grid/OU=Services/CN=production/dunegpvm01.fnal.gov','\0',NULL,NULL,1077,32),(952083,'2017-01-04 16:03:30','/DC=org/DC=cilogon/C=US/O=Fermi National Accelerator Laboratory/OU=People/CN=Rowan Zaki/CN=UID:rzaki','\0',NULL,NULL,332,1077),(952086,'2017-01-06 16:21:54','/DC=org/DC=cilogon/C=US/O=Fermi National Accelerator Laboratory/OU=People/CN=Jane Nachtman/CN=UID:nachtman','\0',NULL,NULL,332,1080),(952089,'2017-01-06 16:22:33','/DC=org/DC=cilogon/C=US/O=Fermi National Accelerator Laboratory/OU=People/CN=Ivan Lepetic/CN=UID:ilepetic','\0',NULL,NULL,332,1083),(952092,'2017-01-10 13:42:37','/DC=org/DC=cilogon/C=US/O=Fermi National Accelerator Laboratory/OU=People/CN=Michael Baird/CN=UID:mbaird42','\0',NULL,NULL,332,1086),(952095,'2017-01-10 16:44:00','/DC=ch/DC=cern/OU=Organic Units/OU=Users/CN=timm/CN=435932/CN=Steven Timm','\0',NULL,NULL,792,22),(952101,'2017-01-12 14:47:38','/DC=org/DC=cilogon/C=US/O=Fermi National Accelerator Laboratory/OU=People/CN=William Henninger/CN=UID:whenning','\0',NULL,NULL,332,1089),(952104,'2017-01-19 11:21:34','/DC=org/DC=cilogon/C=US/O=Fermi National Accelerator Laboratory/OU=People/CN=Justin Cole/CN=UID:jcole970','\0',NULL,NULL,332,1092),(952107,'2017-01-19 11:23:16','/DC=org/DC=cilogon/C=US/O=Fermi National Accelerator Laboratory/OU=People/CN=James Pillow/CN=UID:jpillow','\0',NULL,NULL,332,1095),(952113,'2017-01-20 13:18:59','/DC=ch/DC=cern/OU=Organic Units/OU=Users/CN=nectar/CN=471877/CN=Nectarios Benekos','\0',NULL,NULL,792,1037),(952119,'2017-01-23 17:04:32','/DC=org/DC=cilogon/C=US/O=Fermi National Accelerator Laboratory/OU=People/CN=Tyler Rehak/CN=UID:trehak','\0',NULL,NULL,332,1098),(952125,'2017-01-24 17:07:36','/DC=org/DC=cilogon/C=US/O=Fermi National Accelerator Laboratory/OU=People/CN=Pawel Guzowski/CN=UID:guzowski','\0',NULL,NULL,332,1101),(952128,'2017-01-24 17:08:57','/DC=org/DC=cilogon/C=US/O=Fermi National Accelerator Laboratory/OU=People/CN=Jeremy Wolcott/CN=UID:jwolcott','\0',NULL,NULL,332,1104),(952131,'2017-01-24 17:09:33','/DC=org/DC=cilogon/C=US/O=Fermi National Accelerator Laboratory/OU=People/CN=Orgho Neogi/CN=UID:oneogi','\0',NULL,NULL,332,1107),(952137,'2017-01-25 15:50:19','/DC=org/DC=cilogon/C=US/O=Fermi National Accelerator Laboratory/OU=People/CN=Andrew Renshaw/CN=UID:arenshaw','\0',NULL,NULL,332,1110),(952140,'2017-01-25 15:54:58','/DC=org/DC=cilogon/C=US/O=Fermi National Accelerator Laboratory/OU=People/CN=Umut Kose/CN=UID:ukose','\0',NULL,NULL,332,1113),(952146,'2017-01-30 17:31:57','/DC=org/DC=cilogon/C=US/O=Fermi National Accelerator Laboratory/OU=People/CN=Antonino Sergi/CN=UID:asergi','\0',NULL,NULL,332,1119),(952149,'2017-01-30 17:32:28','/DC=org/DC=cilogon/C=US/O=Fermi National Accelerator Laboratory/OU=People/CN=Emma Davenport/CN=UID:edavenpo','\0',NULL,NULL,332,1122),(952152,'2017-01-30 17:35:59','/DC=org/DC=cilogon/C=US/O=Fermi National Accelerator Laboratory/OU=People/CN=Jonathan Asaadi/CN=UID:jasaadi','\0',NULL,NULL,332,1125),(952158,'2017-02-02 11:48:02','/DC=org/DC=cilogon/C=US/O=Fermi National Accelerator Laboratory/OU=People/CN=Jonathan Dolde/CN=UID:jdolde','\0',NULL,NULL,332,1131),(952164,'2017-02-02 14:22:15','/DC=org/DC=cilogon/C=US/O=Fermi National Accelerator Laboratory/OU=People/CN=David Rivera/CN=UID:drivera','\0',NULL,NULL,332,1137),(952170,'2017-02-03 11:24:07','/DC=org/DC=cilogon/C=US/O=Fermi National Accelerator Laboratory/OU=People/CN=Chang hwan Jang/CN=UID:chjang','\0',NULL,NULL,332,1140),(952176,'2017-02-06 09:34:29','/DC=org/DC=cilogon/C=US/O=Fermi National Accelerator Laboratory/OU=People/CN=Kai Loo/CN=UID:kloo','\0',NULL,NULL,332,1146),(952182,'2017-02-10 10:48:57','/DC=ch/DC=cern/OU=Organic Units/OU=Users/CN=lewhiteh/CN=695996/CN=Leigh Howard Whitehead','\0',NULL,NULL,792,998),(952188,'2017-02-16 09:01:14','/DC=org/DC=cilogon/C=US/O=Fermi National Accelerator Laboratory/OU=People/CN=Ajib Paudel/CN=UID:apaudel','\0',NULL,NULL,332,1152),(952192,'2017-02-17 15:43:11','/DC=org/DC=cilogon/C=US/O=Fermi National Accelerator Laboratory/OU=People/CN=Cody Milne/CN=UID:cmilne','\0',NULL,NULL,332,1156),(952198,'2017-02-20 10:09:29','/DC=org/DC=cilogon/C=US/O=Fermi National Accelerator Laboratory/OU=People/CN=Stephanie Mazur/CN=UID:smazur','\0',NULL,NULL,332,1159),(952204,'2017-02-21 15:41:58','/DC=org/DC=cilogon/C=US/O=Fermi National Accelerator Laboratory/OU=People/CN=Heng-Ye Liao/CN=UID:hyliao','\0',NULL,NULL,332,1165),(952207,'2017-02-22 14:34:01','/DC=org/DC=cilogon/C=US/O=Fermi National Accelerator Laboratory/OU=People/CN=Nicolas Lurkin/CN=UID:nlurkin','\0',NULL,NULL,332,1168),(952210,'2017-02-23 14:53:29','/DC=org/DC=cilogon/C=US/O=Fermi National Accelerator Laboratory/OU=People/CN=Mary Reno/CN=UID:mhreno','\0',NULL,NULL,332,1171),(952213,'2017-02-27 10:52:56','/DC=ch/DC=cern/OU=computers/CN=fts/protodune-eos-test6.cern.ch','\0',NULL,NULL,792,22),(952216,'2017-03-01 16:37:49','/DC=org/DC=cilogon/C=US/O=Fermi National Accelerator Laboratory/OU=People/CN=Balint Radics/CN=UID:bradics','\0',NULL,NULL,332,1177),(952222,'2017-03-02 11:25:55','/DC=org/DC=cilogon/C=US/O=Fermi National Accelerator Laboratory/OU=People/CN=Andrea Scarpelli/CN=UID:ascarpel','\0',NULL,NULL,332,1180),(952225,'2017-03-03 12:07:49','/DC=org/DC=cilogon/C=US/O=Fermi National Accelerator Laboratory/OU=People/CN=Maharnab Bhattacharjee/CN=UID:mbhatt17','\0',NULL,NULL,332,1183),(952227,'2017-03-16 10:26:23','/DC=org/DC=cilogon/C=US/O=Fermi National Accelerator Laboratory/OU=People/CN=Mengyao Huang/CN=UID:mhuang','\0',NULL,NULL,332,1185),(952230,'2017-03-30 10:49:51','/DC=org/DC=cilogon/C=US/O=Fermi National Accelerator Laboratory/OU=People/CN=Marzio Nessi/CN=UID:nessi','\0',NULL,NULL,332,1188),(952236,'2017-04-03 15:37:40','/DC=org/DC=cilogon/C=US/O=Fermi National Accelerator Laboratory/OU=People/CN=David Christian/CN=UID:dcc','\0',NULL,NULL,332,1194),(952242,'2017-04-05 13:52:01','/DC=org/DC=cilogon/C=US/O=Fermi National Accelerator Laboratory/OU=People/CN=Jonathon Sensenig/CN=UID:sensenig','\0',NULL,NULL,332,1200),(952245,'2017-04-05 13:53:02','/DC=org/DC=cilogon/C=US/O=Fermi National Accelerator Laboratory/OU=People/CN=Kevin Fusshoeller/CN=UID:kevinfu','\0',NULL,NULL,332,1203),(952248,'2017-04-05 13:55:05','/DC=org/DC=cilogon/C=US/O=Fermi National Accelerator Laboratory/OU=People/CN=Lige Zhang/CN=UID:lzhang','\0',NULL,NULL,332,1206),(952254,'2017-04-06 11:23:46','/DC=org/DC=cilogon/C=US/O=Fermi National Accelerator Laboratory/OU=People/CN=Thomas Warburton/CN=UID:karlwarb','\0',NULL,NULL,332,1212),(952260,'2017-04-07 11:37:16','/DC=org/DC=opensciencegrid/O=Open Science Grid/OU=Services/CN=frontend_pp/fifebatch.fnal.gov','\0',NULL,NULL,1077,2),(952266,'2017-04-18 16:25:21','/DC=org/DC=cilogon/C=US/O=Fermi National Accelerator Laboratory/OU=People/CN=Robert Illingworth/CN=UID:illingwo','\0',NULL,NULL,332,1218),(952269,'2017-04-19 11:23:43','/DC=org/DC=cilogon/C=US/O=Fermi National Accelerator Laboratory/OU=People/CN=Diego Gamez/CN=UID:dgamez','\0',NULL,NULL,332,1224),(952275,'2017-04-20 14:12:32','/DC=org/DC=cilogon/C=US/O=Fermi National Accelerator Laboratory/OU=People/CN=Etienne Chardonnet/CN=UID:echardon','\0',NULL,NULL,332,1230),(952281,'2017-04-24 16:13:47','/DC=org/DC=cilogon/C=US/O=Fermi National Accelerator Laboratory/OU=People/CN=Maxim Potekhin/CN=UID:mxp','\0',NULL,NULL,332,1236),(952284,'2017-04-25 10:34:17','/DC=org/DC=cilogon/C=US/O=Fermi National Accelerator Laboratory/OU=People/CN=Bruno Zamorano/CN=UID:bzamoran','\0',NULL,NULL,332,1239),(952287,'2017-04-25 10:42:59','/C=DE/O=GermanGrid/OU=DESY/CN=Voica Radescu','\0',NULL,NULL,312,1059),(952293,'2017-04-26 13:32:19','/DC=ch/DC=cern/OU=Organic Units/OU=Users/CN=radescu/CN=659696/CN=Voica Ana Maria Radescu','\0',NULL,NULL,792,1059),(952299,'2017-04-28 11:08:30','/DC=org/DC=cilogon/C=US/O=Fermi National Accelerator Laboratory/OU=People/CN=Brandon White/CN=UID:bjwhite','\0',NULL,NULL,332,1245),(952302,'2017-04-28 15:02:30','/DC=org/DC=cilogon/C=US/O=Fermi National Accelerator Laboratory/OU=People/CN=Bing Guo/CN=UID:mylab','\0',NULL,NULL,332,1248),(952305,'2017-04-28 16:01:53','/DC=org/DC=cilogon/C=US/O=Fermi National Accelerator Laboratory/OU=People/CN=Michael Kordosky/CN=UID:kordosky','\0',NULL,NULL,332,1254),(952311,'2017-05-05 10:15:58','/DC=org/DC=cilogon/C=US/O=Fermi National Accelerator Laboratory/OU=People/CN=Paul Russo/CN=UID:russo','\0',NULL,NULL,332,1260),(952317,'2017-05-08 11:04:00','/DC=org/DC=cilogon/C=US/O=Fermi National Accelerator Laboratory/OU=People/CN=Jonathan Miller/CN=UID:jam3','\0',NULL,NULL,332,1266),(952323,'2017-05-08 15:48:27','/DC=org/DC=cilogon/C=US/O=Fermi National Accelerator Laboratory/OU=People/CN=Jost Migenda/CN=UID:jmigenda','\0',NULL,NULL,332,1272),(952329,'2017-05-11 11:22:49','/DC=org/DC=cilogon/C=US/O=Fermi National Accelerator Laboratory/OU=People/CN=Volodymyr Aushev/CN=UID:aushev','\0',NULL,NULL,332,1278),(952335,'2017-05-12 13:03:07','/DC=org/DC=cilogon/C=US/O=Fermi National Accelerator Laboratory/OU=People/CN=Runxiong Dong/CN=UID:rdong','\0',NULL,NULL,332,1284),(952341,'2017-05-12 15:09:48','/DC=org/DC=cilogon/C=US/O=Fermi National Accelerator Laboratory/OU=People/CN=David Friant/CN=UID:dfriant','\0',NULL,NULL,332,1287),(952344,'2017-05-12 16:21:35','/DC=org/DC=cilogon/C=US/O=Fermi National Accelerator Laboratory/OU=People/CN=Clara Cuesta/CN=UID:ccuesta','\0',NULL,NULL,332,1293),(952350,'2017-05-15 09:13:47','/DC=org/DC=cilogon/C=US/O=Fermi National Accelerator Laboratory/OU=People/CN=Luke Corwin/CN=UID:corwin','\0',NULL,NULL,332,1299),(952356,'2017-05-15 15:32:49','/DC=org/DC=cilogon/C=US/O=Fermi National Accelerator Laboratory/OU=People/CN=Thomas Coan/CN=UID:tecoan','\0',NULL,NULL,332,1305),(952359,'2017-05-16 11:11:51','/DC=org/DC=cilogon/C=US/O=Fermi National Accelerator Laboratory/OU=People/CN=Ruth Pordes/CN=UID:ruth','\0',NULL,NULL,332,1311),(952362,'2017-05-16 11:51:51','/DC=org/DC=cilogon/C=US/O=Fermi National Accelerator Laboratory/OU=People/CN=Cory Rude/CN=UID:coryrude','\0',NULL,NULL,332,1314),(952365,'2017-05-16 11:57:36','/DC=org/DC=cilogon/C=US/O=Fermi National Accelerator Laboratory/OU=People/CN=James Maloney/CN=UID:jmaloney','\0',NULL,NULL,332,1317),(952368,'2017-05-16 11:58:09','/DC=org/DC=cilogon/C=US/O=Fermi National Accelerator Laboratory/OU=People/CN=Richard Diurba/CN=UID:rdiurba','\0',NULL,NULL,332,1320),(952374,'2017-05-17 08:47:58','/DC=org/DC=cilogon/C=US/O=Fermi National Accelerator Laboratory/OU=People/CN=Petr Vokac/CN=UID:vokac','\0',NULL,NULL,332,1323),(952377,'2017-05-17 13:18:25','/DC=org/DC=cilogon/C=US/O=Fermi National Accelerator Laboratory/OU=People/CN=Maritza Delgado/CN=UID:jdelgadg','\0',NULL,NULL,332,1329),(952379,'2017-05-17 14:50:29','/DC=ch/DC=cern/OU=Organic Units/OU=Users/CN=bejones/CN=731043/CN=Ben Jones','\0',NULL,NULL,792,1331),(952383,'2017-05-19 11:46:49','/DC=org/DC=cilogon/C=US/O=Fermi National Accelerator Laboratory/OU=People/CN=Kevin Wierman/CN=UID:kwierman','\0',NULL,NULL,332,1335),(952386,'2017-05-19 11:47:17','/DC=org/DC=cilogon/C=US/O=Fermi National Accelerator Laboratory/OU=People/CN=Holger Meyer/CN=UID:hmeyer','\0',NULL,NULL,332,1338),(952392,'2017-05-19 14:14:15','/DC=org/DC=cilogon/C=US/O=Fermi National Accelerator Laboratory/OU=People/CN=Michael Johnson/CN=UID:mfj4342','\0',NULL,NULL,332,1344),(952395,'2017-05-19 14:14:50','/DC=org/DC=cilogon/C=US/O=Fermi National Accelerator Laboratory/OU=People/CN=Glenn Vanwinkle/CN=UID:gvanwink','\0',NULL,NULL,332,1347),(952397,'2017-05-23 09:06:14','/DC=org/DC=cilogon/C=US/O=Fermi National Accelerator Laboratory/OU=People/CN=Piotr Plonski/CN=UID:pplonski','\0',NULL,NULL,332,1349),(952406,'2017-05-26 13:28:36','/DC=org/DC=opensciencegrid/O=Open Science Grid/OU=People/CN=Robert Illingworth 1724','\0',NULL,NULL,1077,1218),(952409,'2017-05-30 12:36:59','/DC=org/DC=cilogon/C=US/O=Fermi National Accelerator Laboratory/OU=People/CN=James Frisby/CN=UID:jfrisby','\0',NULL,NULL,332,1355),(952412,'2017-06-02 13:00:20','/DC=org/DC=cilogon/C=US/O=Fermi National Accelerator Laboratory/OU=People/CN=Abi Babak/CN=UID:babakabi','\0',NULL,NULL,332,1358),(952415,'2017-06-02 16:19:44','/DC=org/DC=cilogon/C=US/O=Fermi National Accelerator Laboratory/OU=People/CN=Connor Johnson/CN=UID:connorj','\0',NULL,NULL,332,1361),(952418,'2017-06-02 16:20:11','/DC=org/DC=cilogon/C=US/O=Fermi National Accelerator Laboratory/OU=People/CN=Luis Zazueta/CN=UID:lzazueta','\0',NULL,NULL,332,1364),(952424,'2017-06-07 13:32:19','/DC=org/DC=cilogon/C=US/O=Fermi National Accelerator Laboratory/OU=People/CN=Deywis Moreno/CN=UID:dmoreno','\0',NULL,NULL,332,1367),(952427,'2017-06-08 10:23:42','/DC=org/DC=cilogon/C=US/O=Fermi National Accelerator Laboratory/OU=People/CN=Bruno Coimbra/CN=UID:coimbra','\0',NULL,NULL,332,1370),(952430,'2017-06-08 11:30:07','/DC=org/DC=cilogon/C=US/O=Fermi National Accelerator Laboratory/OU=People/CN=Erik Torres/CN=UID:etorres','\0',NULL,NULL,332,1373),(952433,'2017-06-08 12:14:36','/DC=ch/DC=cern/OU=Organic Units/OU=Users/CN=ascarpel/CN=814902/CN=Andrea Scarpelli','\0',NULL,NULL,792,1180),(952436,'2017-06-08 15:01:34','/DC=org/DC=cilogon/C=US/O=Fermi National Accelerator Laboratory/OU=People/CN=Kevin Ingles/CN=UID:kingles','\0',NULL,NULL,332,1376),(952439,'2017-06-09 11:01:05','/DC=org/DC=cilogon/C=US/O=Fermi National Accelerator Laboratory/OU=People/CN=Christopher Macias/CN=UID:cmacias','\0',NULL,NULL,332,1379),(952442,'2017-06-09 11:48:24','/DC=org/DC=cilogon/C=US/O=Fermi National Accelerator Laboratory/OU=People/CN=Joshua Mills/CN=UID:jmills','\0',NULL,NULL,332,1382),(952445,'2017-06-13 09:18:08','/DC=org/DC=cilogon/C=US/O=Fermi National Accelerator Laboratory/OU=People/CN=Katie Mason/CN=UID:kmason','\0',NULL,NULL,332,1385),(952448,'2017-06-13 09:19:46','/DC=org/DC=cilogon/C=US/O=Fermi National Accelerator Laboratory/OU=People/CN=Lu Ren/CN=UID:renlu23','\0',NULL,NULL,332,1388),(952451,'2017-06-13 09:20:55','/DC=org/DC=cilogon/C=US/O=Fermi National Accelerator Laboratory/OU=People/CN=Justin Evans/CN=UID:evansj','\0',NULL,NULL,332,1391),(952454,'2017-06-13 09:44:11','/DC=org/DC=cilogon/C=US/O=Fermi National Accelerator Laboratory/OU=People/CN=Olivia Barron/CN=UID:obarron','\0',NULL,NULL,332,1394),(952457,'2017-06-14 15:55:37','/DC=org/DC=opensciencegrid/O=Open Science Grid/OU=People/CN=Brandon White 4286','\0',NULL,NULL,1077,1245),(952460,'2017-06-20 16:24:43','/DC=org/DC=cilogon/C=US/O=Fermi National Accelerator Laboratory/OU=People/CN=Devin Moore/CN=UID:dmoore','\0',NULL,NULL,332,1400),(952466,'2017-06-21 09:36:05','/DC=org/DC=cilogon/C=US/O=Fermi National Accelerator Laboratory/OU=People/CN=Joseph Previdi/CN=UID:jprevidi','\0',NULL,NULL,332,1403),(952469,'2017-06-23 12:05:28','/DC=org/DC=cilogon/C=US/O=Fermi National Accelerator Laboratory/OU=People/CN=Yuriy Onishchuk/CN=UID:yonishch','\0',NULL,NULL,332,1409),(952475,'2017-06-23 16:22:57','/DC=org/DC=cilogon/C=US/O=Fermi National Accelerator Laboratory/OU=People/CN=Francesco Pietropaolo/CN=UID:fpietrop','\0',NULL,NULL,332,1415),(952478,'2017-06-23 16:27:40','/DC=org/DC=cilogon/C=US/O=Fermi National Accelerator Laboratory/OU=People/CN=Franz Muheim/CN=UID:fmuheim','\0',NULL,NULL,332,1418),(952481,'2017-06-28 12:16:55','/DC=org/DC=cilogon/C=US/O=Fermi National Accelerator Laboratory/OU=People/CN=Caspar Schloesser/CN=UID:cschloes','\0',NULL,NULL,332,1424),(952484,'2017-06-29 13:18:38','UID:berman','\0',NULL,NULL,332,103),(952487,'2017-06-30 15:41:16','/DC=org/DC=cilogon/C=US/O=Fermi National Accelerator Laboratory/OU=People/CN=Connor Minnis/CN=UID:cminnis','\0',NULL,NULL,332,1427),(952490,'2017-06-30 15:42:26','/DC=org/DC=cilogon/C=US/O=Fermi National Accelerator Laboratory/OU=People/CN=Luz Gomez/CN=UID:lsgomez','\0',NULL,NULL,332,1430),(952493,'2017-06-30 15:42:54','/DC=org/DC=cilogon/C=US/O=Fermi National Accelerator Laboratory/OU=People/CN=Philippe Cotte/CN=UID:pcotte','\0',NULL,NULL,332,1433),(952496,'2017-07-03 10:59:55','/DC=ch/DC=cern/OU=Organic Units/OU=Users/CN=pcotte/CN=816716/CN=Philippe Cotte','\0',NULL,NULL,792,1433),(952502,'2017-07-06 11:14:46','/DC=org/DC=cilogon/C=US/O=Fermi National Accelerator Laboratory/OU=People/CN=Alexander Friedland/CN=UID:alexfr','\0',NULL,NULL,332,1436),(952505,'2017-07-07 17:22:36','/DC=org/DC=cilogon/C=US/O=Fermi National Accelerator Laboratory/OU=People/CN=Georgia Karagiorgi/CN=UID:georgiak','\0',NULL,NULL,332,1439),(952508,'2017-07-10 12:35:44','/DC=org/DC=cilogon/C=US/O=Fermi National Accelerator Laboratory/OU=People/CN=Paolo Franchini/CN=UID:pfranchi','\0',NULL,NULL,332,1445),(952511,'2017-07-11 15:52:36','/DC=org/DC=cilogon/C=US/O=Fermi National Accelerator Laboratory/OU=People/CN=Adam Aurisano/CN=UID:aurisano','\0',NULL,NULL,332,1448),(952514,'2017-07-14 13:36:32','/DC=org/DC=cilogon/C=US/O=Fermi National Accelerator Laboratory/OU=People/CN=Yuyang Zhou/CN=UID:yzhou','\0',NULL,NULL,332,1451),(952517,'2017-07-14 16:21:42','/DC=org/DC=cilogon/C=US/O=Fermi National Accelerator Laboratory/OU=People/CN=Maggie Beheler-amass/CN=UID:mbeheler','\0',NULL,NULL,332,1454),(952520,'2017-07-18 11:10:59','/DC=org/DC=cilogon/C=US/O=Fermi National Accelerator Laboratory/OU=People/CN=Hajime Muramatsu/CN=UID:hajime3','\0',NULL,NULL,332,1457),(952523,'2017-07-18 12:06:02','/DC=org/DC=cilogon/C=US/O=Fermi National Accelerator Laboratory/OU=People/CN=Bruce Howard/CN=UID:howard','\0',NULL,NULL,332,1460),(952526,'2017-07-19 09:34:39','/DC=org/DC=cilogon/C=US/O=Fermi National Accelerator Laboratory/OU=People/CN=James j. Russell/CN=UID:jrussell','\0',NULL,NULL,332,1463),(952529,'2017-07-21 11:32:24','/DC=org/DC=cilogon/C=US/O=Fermi National Accelerator Laboratory/OU=People/CN=Junting Huang/CN=UID:junting','\0',NULL,NULL,332,1466),(952532,'2017-07-21 15:04:35','/DC=org/DC=cilogon/C=US/O=Fermi National Accelerator Laboratory/OU=People/CN=Hongyue Duyang/CN=UID:duyang','\0',NULL,NULL,332,1469),(952535,'2017-07-24 11:52:48','/DC=org/DC=cilogon/C=US/O=Fermi National Accelerator Laboratory/OU=People/CN=Logan Rice/CN=UID:lrice','\0',NULL,NULL,332,1472),(952538,'2017-07-24 16:44:58','/DC=org/DC=cilogon/C=US/O=Fermi National Accelerator Laboratory/OU=People/CN=Marvin Ascencio sosa/CN=UID:mascenci','\0',NULL,NULL,332,1475),(952541,'2017-07-25 09:19:40','/DC=org/DC=cilogon/C=US/O=Fermi National Accelerator Laboratory/OU=People/CN=Carlos Pena rincon/CN=UID:cpena','\0',NULL,NULL,332,1478),(952544,'2017-07-25 09:20:08','/DC=org/DC=cilogon/C=US/O=Fermi National Accelerator Laboratory/OU=People/CN=Pedro Dedin neto/CN=UID:pneto','\0',NULL,NULL,332,1481),(952547,'2017-07-25 09:32:12','/DC=org/DC=cilogon/C=US/O=Fermi National Accelerator Laboratory/OU=People/CN=Jose alfonso Soto/CN=UID:jsoto','\0',NULL,NULL,332,1484),(952550,'2017-07-25 16:42:28','/DC=org/DC=cilogon/C=US/O=Fermi National Accelerator Laboratory/OU=People/CN=Hermes Martinez navas/CN=UID:hmartinz','\0',NULL,NULL,332,1487),(952553,'2017-07-26 12:11:49','/DC=org/DC=cilogon/C=US/O=Fermi National Accelerator Laboratory/OU=People/CN=Beatriz Tapia Oregui/CN=UID:btapiaor','\0',NULL,NULL,332,1490),(952556,'2017-07-27 13:12:15','/DC=org/DC=cilogon/C=US/O=Fermi National Accelerator Laboratory/OU=People/CN=Bruce Baller/CN=UID:baller','\0',NULL,NULL,332,1493),(952559,'2017-07-28 15:34:30','/DC=org/DC=cilogon/C=US/O=Fermi National Accelerator Laboratory/OU=People/CN=Gabriela Barenboim/CN=UID:gabriela','\0',NULL,NULL,332,1496),(952562,'2017-07-28 15:37:02','/DC=org/DC=cilogon/C=US/O=Fermi National Accelerator Laboratory/OU=People/CN=Ara Ioannisyan/CN=UID:ara','\0',NULL,NULL,332,1499),(952565,'2017-07-28 15:37:33','/DC=org/DC=cilogon/C=US/O=Fermi National Accelerator Laboratory/OU=People/CN=Nestor Pachon/CN=UID:npachon','\0',NULL,NULL,332,1502),(952568,'2017-07-31 08:53:46','/DC=org/DC=cilogon/C=US/O=Fermi National Accelerator Laboratory/OU=People/CN=Supraja Balasubramanian/CN=UID:suprajab','\0',NULL,NULL,332,1505),(952571,'2017-08-01 08:37:02','/DC=org/DC=cilogon/C=US/O=Fermi National Accelerator Laboratory/OU=People/CN=Vitor Luzio/CN=UID:vluzio','\0',NULL,NULL,332,1511),(952577,'2017-08-04 12:10:45','/DC=org/DC=cilogon/C=US/O=Fermi National Accelerator Laboratory/OU=People/CN=Pablo Fernandez Menendez/CN=UID:pablofer','\0',NULL,NULL,332,1514),(952580,'2017-08-09 10:23:30','/DC=org/DC=cilogon/C=US/O=Fermi National Accelerator Laboratory/OU=People/CN=Elena Gramellini/CN=UID:elenag','\0',NULL,NULL,332,1517),(952583,'2017-08-09 10:24:01','/DC=org/DC=cilogon/C=US/O=Fermi National Accelerator Laboratory/OU=People/CN=Jonas Rademacker/CN=UID:rademack','\0',NULL,NULL,332,1520),(952589,'2017-08-09 13:44:53','/DC=org/DC=cilogon/C=US/O=Fermi National Accelerator Laboratory/OU=People/CN=Dung Phan/CN=UID:dphan','\0',NULL,NULL,332,1523),(952592,'2017-08-10 09:20:41','/DC=org/DC=opensciencegrid/O=Open Science Grid/OU=Services/CN=pilot/htcfedev01.fnal.gov','\0',NULL,NULL,1077,2),(952595,'2017-08-10 11:11:38','/DC=org/DC=cilogon/C=US/O=Fermi National Accelerator Laboratory/OU=People/CN=Roland Sipos/CN=UID:rsipos','\0',NULL,NULL,332,1526),(952598,'2017-08-10 13:00:14','/DC=org/DC=cilogon/C=US/O=Fermi National Accelerator Laboratory/OU=People/CN=Enrico Gamberini/CN=UID:egamberi','\0',NULL,NULL,332,1529),(952601,'2017-08-11 15:57:51','/DC=org/DC=cilogon/C=US/O=Fermi National Accelerator Laboratory/OU=People/CN=Monica Nunes/CN=UID:mosnunes','\0',NULL,NULL,332,1532),(952604,'2017-08-14 14:26:53','/DC=org/DC=cilogon/C=US/O=Fermi National Accelerator Laboratory/OU=People/CN=Paolo Baesso/CN=UID:pbaesso','\0',NULL,NULL,332,1535),(952607,'2017-08-15 12:34:37','/DC=org/DC=cilogon/C=US/O=Fermi National Accelerator Laboratory/OU=People/CN=Renan Silva Soares/CN=UID:rsoares','\0',NULL,NULL,332,1538),(952610,'2017-08-16 16:31:32','/DC=org/DC=cilogon/C=US/O=Fermi National Accelerator Laboratory/OU=People/CN=Andrew Norman/CN=UID:anorman','\0',NULL,NULL,332,1541),(952613,'2017-08-16 16:32:26','/DC=org/DC=cilogon/C=US/O=Fermi National Accelerator Laboratory/OU=People/CN=David Newbold/CN=UID:dnewbold','\0',NULL,NULL,332,1544),(952615,'2017-08-17 10:31:47','/DC=org/DC=cilogon/C=US/O=Fermi National Accelerator Laboratory/OU=People/CN=Katherine Dugas/CN=UID:kvdugas','\0',NULL,NULL,332,1546),(952618,'2017-08-17 11:32:16','/DC=org/DC=opensciencegrid/O=Open Science Grid/OU=People/CN=Anna Mazzacane 1502','\0',NULL,NULL,1077,598),(952621,'2017-08-17 13:23:31','/DC=org/DC=cilogon/C=US/O=Fermi National Accelerator Laboratory/OU=People/CN=Luke Pickering/CN=UID:picker24','\0',NULL,NULL,332,1552),(952627,'2017-08-23 12:54:44','/DC=org/DC=cilogon/C=US/O=Fermi National Accelerator Laboratory/OU=People/CN=Dario Autiero/CN=UID:dautiero','\0',NULL,NULL,332,1558),(952633,'2017-08-29 08:45:33','/DC=org/DC=cilogon/C=US/O=Fermi National Accelerator Laboratory/OU=People/CN=Ilsoo Seong/CN=UID:iseong','\0',NULL,NULL,332,1561),(952636,'2017-08-29 13:57:35','/DC=org/DC=cilogon/C=US/O=Fermi National Accelerator Laboratory/OU=People/CN=Daniel Douglas/CN=UID:ddouglas','\0',NULL,NULL,332,1564),(952642,'2017-09-01 11:02:40','/DC=org/DC=cilogon/C=US/O=Fermi National Accelerator Laboratory/OU=People/CN=Thomas Carroll/CN=UID:tcarroll','\0',NULL,NULL,332,1570),(952648,'2017-09-07 10:31:43','/DC=org/DC=opensciencegrid/O=Open Science Grid/OU=Services/CN=pilot/gpfrontend02.fnal.gov','\0',NULL,NULL,1077,2),(952651,'2017-09-07 10:32:37','/DC=org/DC=opensciencegrid/O=Open Science Grid/OU=Services/CN=pilot/gpfrontend01.fnal.gov','\0',NULL,NULL,1077,2),(952654,'2017-09-07 11:42:18','/DC=org/DC=cilogon/C=US/O=Fermi National Accelerator Laboratory/OU=People/CN=Kirsty Duffy/CN=UID:kduffy','\0',NULL,NULL,332,1576),(952660,'2017-09-12 08:51:47','/DC=org/DC=cilogon/C=US/O=Fermi National Accelerator Laboratory/OU=People/CN=Adryanna Smith/CN=UID:adsmith','\0',NULL,NULL,332,1582),(952666,'2017-09-14 16:30:03','/DC=org/DC=cilogon/C=US/O=Fermi National Accelerator Laboratory/OU=People/CN=Steven Green/CN=UID:sgreen','\0',NULL,NULL,332,1588),(952672,'2017-09-19 09:53:29','/DC=org/DC=opensciencegrid/O=Open Science Grid/OU=Services/CN=fts/hothstor2.phy.bnl.gov','\0',NULL,NULL,1077,118),(952678,'2017-09-21 09:13:41','/DC=org/DC=cilogon/C=US/O=Fermi National Accelerator Laboratory/OU=People/CN=Charles e. Lane/CN=UID:celane','\0',NULL,NULL,332,1594),(952681,'2017-09-22 09:02:23','/DC=org/DC=cilogon/C=US/O=Fermi National Accelerator Laboratory/OU=People/CN=Tejin Cai/CN=UID:tejinc','\0',NULL,NULL,332,1597),(952687,'2017-09-29 10:49:47','/DC=org/DC=cilogon/C=US/O=Fermi National Accelerator Laboratory/OU=People/CN=Philip Rodrigues/CN=UID:rodriges','\0',NULL,NULL,332,1603),(952693,'2017-10-09 11:02:53','/DC=org/DC=cilogon/C=US/O=Fermi National Accelerator Laboratory/OU=People/CN=Joshua Thompson/CN=UID:joshualt','\0',NULL,NULL,332,1609),(952699,'2017-10-12 12:33:59','/DC=org/DC=cilogon/C=US/O=Fermi National Accelerator Laboratory/OU=People/CN=Sebastian Jones/CN=UID:sbjones','\0',NULL,NULL,332,1612),(952705,'2017-10-17 08:57:47','/DC=org/DC=cilogon/C=US/O=Fermi National Accelerator Laboratory/OU=People/CN=Fabio Spagliardi/CN=UID:fspaglia','\0',NULL,NULL,332,1618),(952711,'2017-10-17 11:59:54','/DC=org/DC=cilogon/C=US/O=Fermi National Accelerator Laboratory/OU=People/CN=Guilherme Lima/CN=UID:lima','\0',NULL,NULL,332,1624),(952717,'2017-10-19 11:29:09','/DC=org/DC=cilogon/C=US/O=Fermi National Accelerator Laboratory/OU=People/CN=Dean Shooltz/CN=UID:shooltz','\0',NULL,NULL,332,1630),(952723,'2017-10-23 13:28:16','/DC=org/DC=cilogon/C=US/O=Fermi National Accelerator Laboratory/OU=People/CN=Ivan Furic/CN=UID:ikfuric','\0',NULL,NULL,332,1636),(952729,'2017-10-25 08:45:25','/DC=org/DC=cilogon/C=US/O=Fermi National Accelerator Laboratory/OU=People/CN=Anne Schukraft/CN=UID:aschu','\0',NULL,NULL,332,1642),(952735,'2017-10-25 12:02:00','/DC=org/DC=cilogon/C=US/O=Fermi National Accelerator Laboratory/OU=People/CN=Sam Cooper/CN=UID:scooper','\0',NULL,NULL,332,1648),(952741,'2017-10-26 15:11:20','/DC=org/DC=cilogon/C=US/O=Fermi National Accelerator Laboratory/OU=People/CN=William Griffith/CN=UID:wgriffit','\0',NULL,NULL,332,1654),(952744,'2017-10-26 15:12:12','/DC=org/DC=cilogon/C=US/O=Fermi National Accelerator Laboratory/OU=People/CN=Jake Baguley/CN=UID:jbaguley','\0',NULL,NULL,332,1657),(952750,'2017-11-03 11:39:05','/DC=org/DC=cilogon/C=US/O=Fermi National Accelerator Laboratory/OU=People/CN=Thomas Kutter/CN=UID:kutter','\0',NULL,NULL,332,1663),(952753,'2017-11-03 12:05:27','/DC=ch/DC=cern/OU=Organic Units/OU=Users/CN=kloo/CN=712302/CN=Kai Krister Loo','\0',NULL,NULL,792,1146),(952759,'2017-11-06 09:46:00','/DC=org/DC=cilogon/C=US/O=Fermi National Accelerator Laboratory/OU=People/CN=Jogesh Rout/CN=UID:jrout','\0',NULL,NULL,332,1669),(952765,'2017-11-06 16:16:24','/DC=org/DC=cilogon/C=US/O=Fermi National Accelerator Laboratory/OU=People/CN=Viktor Pec/CN=UID:vpec','\0',NULL,NULL,332,1675),(952771,'2017-11-07 11:35:48','/DC=org/DC=opensciencegrid/O=Open Science Grid/OU=People/CN=Ruth Pordes 176','\0',NULL,NULL,1077,1311),(952777,'2017-11-07 14:11:57','/DC=org/DC=cilogon/C=US/O=Fermi National Accelerator Laboratory/OU=People/CN=Alfredo Aranda/CN=UID:aaranda','\0',NULL,NULL,332,1681),(952783,'2017-11-08 10:34:05','/DC=org/DC=cilogon/C=US/O=Fermi National Accelerator Laboratory/OU=People/CN=Tom Lord/CN=UID:tlord','\0',NULL,NULL,332,1687),(952789,'2017-11-09 08:39:44','/DC=ch/DC=cern/OU=Organic Units/OU=Users/CN=np02data/CN=421407/CN=Robot: np02 DP data movement','\0',NULL,NULL,792,88),(952792,'2017-11-09 08:43:34','/DC=org/DC=opensciencegrid/O=Open Science Grid/OU=Services/CN=np02/dunesamgpvm02.fnal.gov','\0',NULL,NULL,1077,1693),(952798,'2017-11-09 09:55:19','/DC=org/DC=cilogon/C=US/O=Fermi National Accelerator Laboratory/OU=People/CN=Taritree Wongjirad/CN=UID:tmw','\0',NULL,NULL,332,1699),(952804,'2017-11-09 11:24:45','/DC=org/DC=cilogon/C=US/O=Fermi National Accelerator Laboratory/OU=People/CN=Jose Ignacio Crespo Anadon/CN=UID:jcrespo','\0',NULL,NULL,332,1702),(952810,'2017-11-09 15:37:10','/DC=org/DC=cilogon/C=US/O=Fermi National Accelerator Laboratory/OU=People/CN=Joel Greer/CN=UID:jgreer','\0',NULL,NULL,332,1708),(952816,'2017-11-13 14:53:21','/DC=org/DC=cilogon/C=US/O=Fermi National Accelerator Laboratory/OU=People/CN=Jose Palomino Gallo/CN=UID:jpalomin','\0',NULL,NULL,332,1714),(952822,'2017-11-14 11:44:54','/DC=org/DC=cilogon/C=US/O=Fermi National Accelerator Laboratory/OU=People/CN=Pablo Rosas/CN=UID:prosas','\0',NULL,NULL,332,1717),(952825,'2017-11-14 11:45:19','/DC=org/DC=cilogon/C=US/O=Fermi National Accelerator Laboratory/OU=People/CN=Luis Delgadillo-Franco/CN=UID:ldelgadi','\0',NULL,NULL,332,1720),(952831,'2017-11-15 09:01:24','/DC=org/DC=cilogon/C=US/O=Fermi National Accelerator Laboratory/OU=People/CN=Margaret Votava/CN=UID:votava','\0',NULL,NULL,332,1726),(952833,'2017-11-15 15:56:40','/DC=org/DC=cilogon/C=US/O=Fermi National Accelerator Laboratory/OU=People/CN=Thomas Kosc/CN=UID:tkosc','\0',NULL,NULL,332,1728),(952839,'2017-11-20 10:01:39','/DC=org/DC=cilogon/C=US/O=Fermi National Accelerator Laboratory/OU=People/CN=Iker De-icaza-astiz/CN=UID:icaza','\0',NULL,NULL,332,1734),(952845,'2017-11-21 14:09:22','/DC=org/DC=cilogon/C=US/O=Fermi National Accelerator Laboratory/OU=People/CN=Andrew Mastbaum/CN=UID:mastbaum','\0',NULL,NULL,332,1740),(952851,'2017-11-22 09:11:25','/DC=org/DC=cilogon/C=US/O=Fermi National Accelerator Laboratory/OU=People/CN=Matteo Tenti/CN=UID:mtenti','\0',NULL,NULL,332,1746),(952854,'2017-11-22 09:12:58','/DC=org/DC=cilogon/C=US/O=Fermi National Accelerator Laboratory/OU=People/CN=Hao chuan Lei/CN=UID:hlei','\0',NULL,NULL,332,1749),(952857,'2017-11-22 09:15:54','/DC=org/DC=cilogon/C=US/O=Fermi National Accelerator Laboratory/OU=People/CN=Hunter Meyer/CN=UID:hmeyer5','\0',NULL,NULL,332,1752),(952863,'2017-11-27 09:56:00','/DC=org/DC=cilogon/C=US/O=Fermi National Accelerator Laboratory/OU=People/CN=Vincent Basque/CN=UID:vbasque','\0',NULL,NULL,332,1758),(952865,'2017-11-28 09:45:46','/DC=org/DC=cilogon/C=US/O=Fermi National Accelerator Laboratory/OU=People/CN=Kuan Qi/CN=UID:kqi','\0',NULL,NULL,332,1760),(952871,'2017-12-04 16:25:58','/DC=org/DC=cilogon/C=US/O=Fermi National Accelerator Laboratory/OU=People/CN=Andrew Furmanski/CN=UID:afurmans','\0',NULL,NULL,332,1766),(952874,'2017-12-04 16:27:38','/DC=org/DC=cilogon/C=US/O=Fermi National Accelerator Laboratory/OU=People/CN=John Brooke/CN=UID:jbrooke','\0',NULL,NULL,332,1769),(952880,'2017-12-06 11:57:23','/DC=org/DC=cilogon/C=US/O=Fermi National Accelerator Laboratory/OU=People/CN=David Cussans/CN=UID:dcussans','\0',NULL,NULL,332,1775),(952883,'2017-12-11 10:42:16','/DC=org/DC=cilogon/C=US/O=Fermi National Accelerator Laboratory/OU=People/CN=John Freeman/CN=UID:jcfree','\0',NULL,NULL,332,1781),(952889,'2017-12-20 15:34:43','/DC=org/DC=cilogon/C=US/O=Oregon State University/CN=Heidi Schellman A233916','\0',NULL,NULL,332,796),(952895,'2018-01-08 08:55:38','/DC=org/DC=cilogon/C=US/O=Fermi National Accelerator Laboratory/OU=People/CN=Roy Preece/CN=UID:rpreece','\0',NULL,NULL,332,1787),(952898,'2018-01-09 08:40:40','/DC=org/DC=cilogon/C=US/O=Fermi National Accelerator Laboratory/OU=People/CN=Guillermo Fernandez Moroni/CN=UID:gfmoroni','\0',NULL,NULL,332,1790),(952901,'2018-01-11 08:37:31','/DC=org/DC=cilogon/C=US/O=Fermi National Accelerator Laboratory/OU=People/CN=Davide Sgalaberna/CN=UID:dsgalabe','\0',NULL,NULL,332,1793),(952907,'2018-01-17 09:03:48','/DC=ch/DC=cern/OU=computers/CN=fts/protodune-fts.cern.ch','\0',NULL,NULL,792,22),(952910,'2018-01-24 14:20:14','/DC=org/DC=cilogon/C=US/O=Fermi National Accelerator Laboratory/OU=People/CN=Olivia Sylvester/CN=UID:osylv','\0',NULL,NULL,332,1796),(952916,'2018-01-25 16:40:27','/DC=org/DC=cilogon/C=US/O=Fermi National Accelerator Laboratory/OU=People/CN=Andrew Olivier/CN=UID:aolivier','\0',NULL,NULL,332,1802),(952919,'2018-01-26 15:40:33','/C=UK/O=eScience/OU=Sheffield/L=CICS/CN=viktor pec','\0',NULL,NULL,542,1675),(952922,'2018-01-29 16:52:05','/DC=org/DC=cilogon/C=US/O=Fermi National Accelerator Laboratory/OU=People/CN=Matthew Rapp/CN=UID:mrapp','\0',NULL,NULL,332,1805),(952925,'2018-01-29 16:52:44','/DC=org/DC=cilogon/C=US/O=Fermi National Accelerator Laboratory/OU=People/CN=Laura Gomez bermeo/CN=UID:lgomezb','\0',NULL,NULL,332,1808),(952928,'2018-01-29 17:21:28','/DC=org/DC=cilogon/C=US/O=Fermi National Accelerator Laboratory/OU=People/CN=Douglas Zenger/CN=UID:dzenger','\0',NULL,NULL,332,1811),(952931,'2018-01-29 17:22:28','/DC=org/DC=cilogon/C=US/O=Fermi National Accelerator Laboratory/OU=People/CN=Sertac Ozturk/CN=UID:sertac','\0',NULL,NULL,332,1814),(952937,'2018-01-30 08:53:14','/DC=org/DC=cilogon/C=US/O=Fermi National Accelerator Laboratory/OU=People/CN=Maggie Greenwood/CN=UID:mgreenwo','\0',NULL,NULL,332,1820),(952941,'2018-02-01 15:40:21','/DC=org/DC=cilogon/C=US/O=Fermi National Accelerator Laboratory/OU=People/CN=Joao De mello neto/CN=UID:mello','\0',NULL,NULL,332,1824),(952947,'2018-02-06 16:22:13','/DC=org/DC=cilogon/C=US/O=Fermi National Accelerator Laboratory/OU=People/CN=Maura Spanu/CN=UID:mspanu','\0',NULL,NULL,332,1830),(952953,'2018-02-08 16:43:00','/DC=org/DC=cilogon/C=US/O=Fermi National Accelerator Laboratory/OU=People/CN=Saul Alonso Monsalve/CN=UID:salonsom','\0',NULL,NULL,332,1836),(952959,'2018-02-12 16:50:50','/DC=org/DC=cilogon/C=US/O=Fermi National Accelerator Laboratory/OU=People/CN=Amber Boehnlein/CN=UID:cope','\0',NULL,NULL,332,1842),(952962,'2018-02-12 16:51:15','/DC=org/DC=cilogon/C=US/O=Fermi National Accelerator Laboratory/OU=People/CN=Joel Fuerst/CN=UID:fuerst','\0',NULL,NULL,332,1845),(952968,'2018-02-13 11:44:39','/DC=org/DC=cilogon/C=US/O=Fermi National Accelerator Laboratory/OU=People/CN=Jorge Molina/CN=UID:molina','\0',NULL,NULL,332,1851),(952974,'2018-02-14 10:57:56','/DC=org/DC=cilogon/C=US/O=Fermi National Accelerator Laboratory/OU=People/CN=David Macfarlane/CN=UID:dbmacf','\0',NULL,NULL,332,1857),(952980,'2018-02-16 09:51:29','/DC=org/DC=cilogon/C=US/O=Fermi National Accelerator Laboratory/OU=People/CN=Robert Schiller/CN=UID:rschille','\0',NULL,NULL,332,1863),(952986,'2018-02-19 09:10:23','/DC=org/DC=cilogon/C=US/O=Fermi National Accelerator Laboratory/OU=People/CN=Dmitrii Torbunov/CN=UID:torbunov','\0',NULL,NULL,332,1869),(952988,'2018-02-26 09:25:34','/DC=org/DC=cilogon/C=US/O=Fermi National Accelerator Laboratory/OU=People/CN=Corey Adams/CN=UID:cadams','\0',NULL,NULL,332,1871),(952994,'2018-02-27 15:23:57','/DC=org/DC=cilogon/C=US/O=Fermi National Accelerator Laboratory/OU=Robots/CN=dunegpvm01.fnal.gov/CN=cron/CN=Jogesh Rout/CN=UID:jrout','\0',NULL,NULL,332,1669),(952997,'2018-03-01 10:11:04','/DC=org/DC=cilogon/C=US/O=Fermi National Accelerator Laboratory/OU=People/CN=Rajeev Sharma/CN=UID:rksharma','\0',NULL,NULL,332,1877),(953000,'2018-03-01 10:30:27','/DC=org/DC=cilogon/C=US/O=Fermi National Accelerator Laboratory/OU=People/CN=Hirohisa Tanaka/CN=UID:htanaka','\0',NULL,NULL,332,1880),(953003,'2018-03-01 11:44:26','/DC=ch/DC=cern/OU=Organic Units/OU=Users/CN=chalt/CN=815112/CN=Christoph Alt','\0',NULL,NULL,792,1068),(953006,'2018-03-01 14:42:38','/DC=org/DC=cilogon/C=US/O=Fermi National Accelerator Laboratory/OU=People/CN=Laura Patrizii/CN=UID:lpatrizi','\0',NULL,NULL,332,1886),(953009,'2018-03-02 11:38:34','/DC=org/DC=cilogon/C=US/O=Fermi National Accelerator Laboratory/OU=People/CN=Matthew Strait/CN=UID:mstrait','\0',NULL,NULL,332,1889),(953015,'2018-03-05 10:19:09','/DC=org/DC=cilogon/C=US/O=Fermi National Accelerator Laboratory/OU=People/CN=Carlos Sarasty/CN=UID:csarasty','\0',NULL,NULL,332,1895),(953021,'2018-03-06 11:48:32','/DC=org/DC=cilogon/C=US/O=Fermi National Accelerator Laboratory/OU=People/CN=Linda Cremonesi/CN=UID:lcremone','\0',NULL,NULL,332,1898),(953027,'2018-03-07 15:06:31','/DC=org/DC=cilogon/C=US/O=Fermi National Accelerator Laboratory/OU=People/CN=Peter Clarke/CN=UID:pclarke','\0',NULL,NULL,332,1904),(953030,'2018-03-08 16:26:46','/DC=org/DC=cilogon/C=US/O=Fermi National Accelerator Laboratory/OU=People/CN=Miquel Nebot-Guinot/CN=UID:mnebot','\0',NULL,NULL,332,1910),(953039,'2018-03-14 08:13:12','/DC=org/DC=cilogon/C=US/O=Fermi National Accelerator Laboratory/OU=Robots/CN=dunegpvm01.fnal.gov/CN=cron/CN=Rowan Zaki/CN=UID:rzaki','\0',NULL,NULL,332,1077),(953042,'2018-03-15 08:51:41','/DC=org/DC=cilogon/C=US/O=Fermi National Accelerator Laboratory/OU=People/CN=Yuyi Guo/CN=UID:yuyi','\0',NULL,NULL,332,1913),(953045,'2018-03-16 09:43:07','/DC=org/DC=opensciencegrid/O=Open Science Grid/OU=Services/CN=ftp/ruciodev01.fnal.gov','\0',NULL,NULL,1077,858),(953048,'2018-03-20 12:21:57','/DC=org/DC=cilogon/C=US/O=Fermi National Accelerator Laboratory/OU=People/CN=Paolo Bernardini/CN=UID:paoberna','\0',NULL,NULL,332,1919),(953051,'2018-03-22 10:10:27','/DC=org/DC=cilogon/C=US/O=Fermi National Accelerator Laboratory/OU=People/CN=Pierre Lasorak/CN=UID:plasorak','\0',NULL,NULL,332,1922),(953054,'2018-03-27 09:35:32','/DC=org/DC=cilogon/C=US/O=Fermi National Accelerator Laboratory/OU=People/CN=Ryan Lazur/CN=UID:rlazur','\0',NULL,NULL,332,1925),(953057,'2018-03-28 15:35:14','/DC=org/DC=cilogon/C=US/O=Fermi National Accelerator Laboratory/OU=People/CN=Siva Kasetti/CN=UID:siva1987','\0',NULL,NULL,332,1928),(953060,'2018-03-28 15:35:49','/DC=org/DC=cilogon/C=US/O=Fermi National Accelerator Laboratory/OU=People/CN=Daniel Ruterbories/CN=UID:drut1186','\0',NULL,NULL,332,1931),(953063,'2018-03-28 16:09:47','/DC=org/DC=cilogon/C=US/O=Fermi National Accelerator Laboratory/OU=People/CN=Aran Borkum/CN=UID:aborkum','\0',NULL,NULL,332,1934),(953069,'2018-04-04 09:59:53','/DC=ch/DC=cern/OU=computers/CN=fts/protodune-fts2.cern.ch','\0',NULL,NULL,792,22),(953072,'2018-04-05 12:53:59','/DC=org/DC=cilogon/C=US/O=Fermi National Accelerator Laboratory/OU=People/CN=Leo Bellantoni/CN=UID:bellanto','\0',NULL,NULL,332,1937),(953075,'2018-04-09 12:37:27','/DC=org/DC=cilogon/C=US/O=Fermi National Accelerator Laboratory/OU=People/CN=David Last/CN=UID:dlast','\0',NULL,NULL,332,1940),(953078,'2018-04-12 15:12:55','/DC=org/DC=cilogon/C=US/O=Fermi National Accelerator Laboratory/OU=People/CN=Anne Christensen/CN=UID:achriste','\0',NULL,NULL,332,1943),(953081,'2018-04-18 10:43:05','/DC=org/DC=cilogon/C=US/O=Fermi National Accelerator Laboratory/OU=People/CN=Andrew Mcnab/CN=UID:amcnab','\0',NULL,NULL,332,1949),(953084,'2018-04-19 15:07:23','/DC=org/DC=cilogon/C=US/O=Fermi National Accelerator Laboratory/OU=People/CN=Ana Gallego/CN=UID:agallego','\0',NULL,NULL,332,1955),(953087,'2018-04-23 10:07:50','/DC=org/DC=cilogon/C=US/O=Fermi National Accelerator Laboratory/OU=People/CN=George Salukvadze/CN=UID:gsalukva','\0',NULL,NULL,332,1958),(953090,'2018-04-23 15:22:32','/DC=org/DC=cilogon/C=US/O=Fermi National Accelerator Laboratory/OU=People/CN=Andrea Dell\'Acqua/CN=UID:dellacqu','\0',NULL,NULL,332,1961),(953093,'2018-04-24 15:45:07','/DC=org/DC=cilogon/C=US/O=Fermi National Accelerator Laboratory/OU=People/CN=Cristovao Fernandes Vilela/CN=UID:cvilela','\0',NULL,NULL,332,1964),(953096,'2018-04-27 10:05:16','/DC=org/DC=cilogon/C=US/O=Fermi National Accelerator Laboratory/OU=People/CN=John Losecco/CN=UID:losecco','\0',NULL,NULL,332,1967),(953099,'2018-04-30 10:17:25','/DC=org/DC=cilogon/C=US/O=Fermi National Accelerator Laboratory/OU=People/CN=Deborah Harris/CN=UID:dharris','\0',NULL,NULL,332,1970),(953102,'2018-04-30 10:17:58','/DC=org/DC=cilogon/C=US/O=Fermi National Accelerator Laboratory/OU=People/CN=Abraham Teklu/CN=UID:ateklu','\0',NULL,NULL,332,1973),(953105,'2018-04-30 11:31:42','/DC=org/DC=cilogon/C=US/O=Fermi National Accelerator Laboratory/OU=People/CN=Bannanje nitish Nayak/CN=UID:bnayak','\0',NULL,NULL,332,1976),(953108,'2018-05-04 14:07:05','/DC=org/DC=cilogon/C=US/O=Fermi National Accelerator Laboratory/OU=People/CN=Lucas Quintino/CN=UID:quintino','\0',NULL,NULL,332,1979),(953111,'2018-05-04 15:11:15','/DC=org/DC=cilogon/C=US/O=Fermi National Accelerator Laboratory/OU=People/CN=Aurora Popescu/CN=UID:apopescu','\0',NULL,NULL,332,1982),(953117,'2018-05-08 09:07:36','/DC=org/DC=cilogon/C=US/O=Fermi National Accelerator Laboratory/OU=People/CN=Olexiy Dvornikov/CN=UID:olexiy','\0',NULL,NULL,332,1988),(953120,'2018-05-08 10:52:20','/DC=org/DC=cilogon/C=US/O=Fermi National Accelerator Laboratory/OU=People/CN=Edward Blucher/CN=UID:blucher','\0',NULL,NULL,332,1991),(953123,'2018-05-08 17:17:26','/DC=org/DC=opensciencegrid/O=Open Science Grid/OU=Services/CN=CI/cdcvs.fnal.gov','\0',NULL,NULL,1077,571),(953126,'2018-05-10 13:46:47','/DC=org/DC=cilogon/C=US/O=Fermi National Accelerator Laboratory/OU=People/CN=Mieczyslaw Dabrowski/CN=UID:mdabrows','\0',NULL,NULL,332,1994),(953129,'2018-05-14 09:03:47','/DC=org/DC=cilogon/C=US/O=Fermi National Accelerator Laboratory/OU=People/CN=Nathaniel Tagg/CN=UID:tagg','\0',NULL,NULL,332,1997),(953132,'2018-05-15 10:10:07','/DC=org/DC=cilogon/C=US/O=Fermi National Accelerator Laboratory/OU=People/CN=Jorge Chaves/CN=UID:jchaves','\0',NULL,NULL,332,2000),(953135,'2018-05-15 15:58:37','/DC=org/DC=cilogon/C=US/O=Fermi National Accelerator Laboratory/OU=People/CN=Raja Nandakumar/CN=UID:nraja','\0',NULL,NULL,332,2003),(953138,'2018-05-15 16:19:35','/DC=ch/DC=cern/OU=Organic Units/OU=Users/CN=nraja/CN=471708/CN=Raja Nandakumar','\0',NULL,NULL,792,2003),(953141,'2018-05-16 08:55:32','/DC=org/DC=cilogon/C=US/O=Fermi National Accelerator Laboratory/OU=People/CN=James Haiston/CN=UID:jhaiston','\0',NULL,NULL,332,2006),(953145,'2018-05-17 10:59:45','/DC=org/DC=cilogon/C=US/O=Fermi National Accelerator Laboratory/OU=People/CN=Bryan Ramson/CN=UID:bjrams87','\0',NULL,NULL,332,2010),(953148,'2018-05-17 11:01:53','/DC=org/DC=cilogon/C=US/O=Fermi National Accelerator Laboratory/OU=People/CN=Will Flanagan/CN=UID:willhf','\0',NULL,NULL,332,2013),(953151,'2018-05-17 11:04:28','/DC=org/DC=cilogon/C=US/O=Fermi National Accelerator Laboratory/OU=People/CN=Jelena Maricic/CN=UID:maricicj','\0',NULL,NULL,332,2016),(953154,'2018-05-17 11:09:37','/DC=org/DC=cilogon/C=US/O=Fermi National Accelerator Laboratory/OU=People/CN=Aidan Medcalf/CN=UID:amedcalf','\0',NULL,NULL,332,2019),(953160,'2018-05-17 15:12:41','/DC=org/DC=opensciencegrid/O=Open Science Grid/OU=Services/CN=usdc/fifeutilgpvm01.fnal.gov','\0',NULL,NULL,1077,767),(953166,'2018-05-18 14:39:03','/DC=org/DC=cilogon/C=US/O=Fermi National Accelerator Laboratory/OU=People/CN=Navaneeth Poonthottathil/CN=UID:nav','\0',NULL,NULL,332,2025),(953172,'2018-05-21 09:58:04','/DC=org/DC=cilogon/C=US/O=Fermi National Accelerator Laboratory/OU=People/CN=Marco Verzocchi/CN=UID:mverzocc','\0',NULL,NULL,332,2031),(953178,'2018-05-21 13:44:54','/DC=org/DC=cilogon/C=US/O=Fermi National Accelerator Laboratory/OU=People/CN=Maria Manrique Plata/CN=UID:mlmanriq','\0',NULL,NULL,332,2037),(953184,'2018-05-22 10:21:36','/DC=ch/DC=cern/OU=Organic Units/OU=Users/CN=kherner/CN=739019/CN=Kenneth Richard Herner','\0',NULL,NULL,792,364),(953187,'2018-05-22 10:52:09','/DC=ch/DC=cern/OU=Organic Units/OU=Users/CN=rillingw/CN=476920/CN=Robert Illingworth','\0',NULL,NULL,792,1218),(953193,'2018-05-23 12:31:01','/DC=org/DC=cilogon/C=US/O=Fermi National Accelerator Laboratory/OU=People/CN=Callum Wilkinson/CN=UID:callumw','\0',NULL,NULL,332,2043),(953199,'2018-05-29 14:07:58','/DC=org/DC=cilogon/C=US/O=Fermi National Accelerator Laboratory/OU=People/CN=Andrea Barros/CN=UID:acbarros','\0',NULL,NULL,332,2049),(953205,'2018-05-30 16:34:38','/DC=org/DC=cilogon/C=US/O=Fermi National Accelerator Laboratory/OU=People/CN=David Vanegas forero/CN=UID:dvanegas','\0',NULL,NULL,332,2055),(953208,'2018-05-30 16:35:06','/DC=org/DC=cilogon/C=US/O=Fermi National Accelerator Laboratory/OU=People/CN=Emerson Vernon/CN=UID:evernon','\0',NULL,NULL,332,2058),(953211,'2018-05-30 16:35:34','/DC=org/DC=cilogon/C=US/O=Fermi National Accelerator Laboratory/OU=People/CN=Elias Melas/CN=UID:emelas','\0',NULL,NULL,332,2061),(953214,'2018-05-30 16:36:01','/DC=org/DC=cilogon/C=US/O=Fermi National Accelerator Laboratory/OU=People/CN=Ryan Howell/CN=UID:rhowell','\0',NULL,NULL,332,2064),(953220,'2018-06-01 11:21:55','/DC=org/DC=cilogon/C=US/O=Fermi National Accelerator Laboratory/OU=People/CN=Wanwei Wu/CN=UID:wwu','\0',NULL,NULL,332,2070),(953226,'2018-06-04 12:18:44','/DC=org/DC=cilogon/C=US/O=Fermi National Accelerator Laboratory/OU=People/CN=Yeon-jae Jwa/CN=UID:yj2429','\0',NULL,NULL,332,2076),(953232,'2018-06-07 10:02:25','/C=UK/O=eScience/OU=Liverpool/L=CSD/CN=stephen jones','\0',NULL,NULL,542,2082),(953238,'2018-06-07 14:34:03','/DC=org/DC=cilogon/C=US/O=Fermi National Accelerator Laboratory/OU=People/CN=Mihaela Parvu/CN=UID:mparvu','\0',NULL,NULL,332,2088),(953244,'2018-06-08 09:28:52','/DC=org/DC=cilogon/C=US/O=Fermi National Accelerator Laboratory/OU=People/CN=Bhubnesh Lama/CN=UID:blama','\0',NULL,NULL,332,2094),(953247,'2018-06-08 09:30:27','/DC=org/DC=cilogon/C=US/O=Fermi National Accelerator Laboratory/OU=People/CN=Wenqiang Gu/CN=UID:wgu','\0',NULL,NULL,332,2097),(953253,'2018-06-11 12:21:04','/DC=org/DC=cilogon/C=US/O=Fermi National Accelerator Laboratory/OU=People/CN=Clarence Wret/CN=UID:cwret','\0',NULL,NULL,332,2103),(953259,'2018-06-12 10:15:13','/DC=org/DC=cilogon/C=US/O=Fermi National Accelerator Laboratory/OU=People/CN=Ana Chiriacescu/CN=UID:achiriac','\0',NULL,NULL,332,2109),(953262,'2018-06-12 13:03:10','/DC=org/DC=cilogon/C=US/O=Fermi National Accelerator Laboratory/OU=People/CN=Tyler Stokes/CN=UID:tstokes','\0',NULL,NULL,332,2115),(953268,'2018-06-13 15:55:30','/DC=org/DC=cilogon/C=US/O=Fermi National Accelerator Laboratory/OU=People/CN=Fergus Wilson/CN=UID:fwilson','\0',NULL,NULL,332,2121);
/*!40000 ALTER TABLE `certificate` ENABLE KEYS */;
UNLOCK TABLES;

--
-- Table structure for table `certificate_request`
--

DROP TABLE IF EXISTS `certificate_request`;
/*!40101 SET @saved_cs_client     = @@character_set_client */;
/*!40101 SET character_set_client = utf8 */;
CREATE TABLE `certificate_request` (
  `certificate` tinyblob,
  `certificateIssuer` varchar(255) NOT NULL,
  `certificateSubject` varchar(255) NOT NULL,
  `request_id` bigint(20) NOT NULL,
  PRIMARY KEY (`request_id`),
  KEY `FK47CA53E7D75D60A4` (`request_id`)
) ENGINE=InnoDB DEFAULT CHARSET=latin1;
/*!40101 SET character_set_client = @saved_cs_client */;

--
-- Dumping data for table `certificate_request`
--

LOCK TABLES `certificate_request` WRITE;
/*!40000 ALTER TABLE `certificate_request` DISABLE KEYS */;
/*!40000 ALTER TABLE `certificate_request` ENABLE KEYS */;
UNLOCK TABLES;

--
-- Table structure for table `group_attrs`
--

DROP TABLE IF EXISTS `group_attrs`;
/*!40101 SET @saved_cs_client     = @@character_set_client */;
/*!40101 SET character_set_client = utf8 */;
CREATE TABLE `group_attrs` (
  `a_id` bigint(20) NOT NULL,
  `g_id` bigint(20) NOT NULL,
  `a_value` varchar(255) DEFAULT NULL,
  PRIMARY KEY (`a_id`,`g_id`),
  KEY `FK40B1A2E2566C2A8F` (`a_id`),
  KEY `FK40B1A2E2DEFC581C` (`g_id`)
) ENGINE=InnoDB DEFAULT CHARSET=latin1;
/*!40101 SET character_set_client = @saved_cs_client */;

--
-- Dumping data for table `group_attrs`
--

LOCK TABLES `group_attrs` WRITE;
/*!40000 ALTER TABLE `group_attrs` DISABLE KEYS */;
/*!40000 ALTER TABLE `group_attrs` ENABLE KEYS */;
UNLOCK TABLES;

--
-- Table structure for table `group_membership_req`
--

DROP TABLE IF EXISTS `group_membership_req`;
/*!40101 SET @saved_cs_client     = @@character_set_client */;
/*!40101 SET character_set_client = utf8 */;
CREATE TABLE `group_membership_req` (
  `groupName` varchar(255) NOT NULL,
  `request_id` bigint(20) NOT NULL,
  PRIMARY KEY (`request_id`),
  KEY `FKBD145E75D75D60A4` (`request_id`)
) ENGINE=InnoDB DEFAULT CHARSET=latin1;
/*!40101 SET character_set_client = @saved_cs_client */;

--
-- Dumping data for table `group_membership_req`
--

LOCK TABLES `group_membership_req` WRITE;
/*!40000 ALTER TABLE `group_membership_req` DISABLE KEYS */;
/*!40000 ALTER TABLE `group_membership_req` ENABLE KEYS */;
UNLOCK TABLES;

--
-- Table structure for table `groups`
--

DROP TABLE IF EXISTS `groups`;
/*!40101 SET @saved_cs_client     = @@character_set_client */;
/*!40101 SET character_set_client = utf8 */;
CREATE TABLE `groups` (
  `gid` bigint(20) NOT NULL AUTO_INCREMENT,
  `dn` varchar(255) NOT NULL,
  `description` varchar(255) DEFAULT NULL,
  `parent` bigint(20) DEFAULT NULL,
  `must` bit(1) NOT NULL,
  `restricted` bit(1) DEFAULT NULL,
  PRIMARY KEY (`gid`),
  UNIQUE KEY `dn` (`dn`),
  KEY `FKB63DD9D4A3771CD3` (`parent`)
) ENGINE=InnoDB AUTO_INCREMENT=5 DEFAULT CHARSET=latin1;
/*!40101 SET character_set_client = @saved_cs_client */;

--
-- Dumping data for table `groups`
--

LOCK TABLES `groups` WRITE;
/*!40000 ALTER TABLE `groups` DISABLE KEYS */;
INSERT INTO `groups` VALUES (2,'/dune',NULL,2,'',NULL),(4,'/dune/np02','Dual Phase ProtoDUNE',2,'',NULL);
/*!40000 ALTER TABLE `groups` ENABLE KEYS */;
UNLOCK TABLES;

--
-- Table structure for table `m`
--

DROP TABLE IF EXISTS `m`;
/*!40101 SET @saved_cs_client     = @@character_set_client */;
/*!40101 SET character_set_client = utf8 */;
CREATE TABLE `m` (
  `mapping_id` bigint(20) NOT NULL AUTO_INCREMENT,
  `userid` bigint(20) NOT NULL,
  `gid` bigint(20) NOT NULL,
  `rid` bigint(20) DEFAULT NULL,
  `cid` bigint(20) DEFAULT NULL,
  PRIMARY KEY (`mapping_id`),
  UNIQUE KEY `userid` (`userid`,`gid`,`rid`),
  KEY `fk_m_roles` (`rid`),
  KEY `fk_m_groups` (`gid`),
  KEY `fk_m_cap` (`cid`),
  KEY `fk_m_usr` (`userid`)
) ENGINE=InnoDB AUTO_INCREMENT=4212 DEFAULT CHARSET=latin1;
/*!40101 SET character_set_client = @saved_cs_client */;

--
-- Dumping data for table `m`
--

LOCK TABLES `m` WRITE;
/*!40000 ALTER TABLE `m` DISABLE KEYS */;
INSERT INTO `m` VALUES (12,2,2,NULL,NULL),(21,2,2,11,NULL),(22,12,2,NULL,NULL),(32,12,2,11,NULL),(42,2,2,21,NULL),(52,2,2,22,NULL),(62,22,2,NULL,NULL),(72,22,2,11,NULL),(82,32,2,NULL,NULL),(92,32,2,11,NULL),(102,12,2,2,NULL),(112,22,2,2,NULL),(122,32,2,2,NULL),(131,41,2,NULL,NULL),(141,41,2,11,NULL),(142,42,2,NULL,NULL),(152,42,2,11,NULL),(162,52,2,NULL,NULL),(172,52,2,11,NULL),(182,62,2,NULL,NULL),(192,62,2,11,NULL),(202,72,2,NULL,NULL),(212,72,2,11,NULL),(222,82,2,NULL,NULL),(232,82,2,11,NULL),(242,32,2,21,NULL),(243,84,2,NULL,NULL),(246,84,2,11,NULL),(249,87,2,NULL,NULL),(252,87,2,11,NULL),(253,88,2,NULL,NULL),(256,88,2,11,NULL),(265,94,2,NULL,NULL),(268,94,2,11,NULL),(271,97,2,NULL,NULL),(274,97,2,11,NULL),(277,100,2,NULL,NULL),(280,103,2,NULL,NULL),(282,100,2,11,NULL),(283,103,2,11,NULL),(286,103,2,2,NULL),(289,106,2,NULL,NULL),(292,109,2,NULL,NULL),(295,109,2,11,NULL),(298,112,2,NULL,NULL),(301,112,2,11,NULL),(304,115,2,NULL,NULL),(307,115,2,11,NULL),(310,118,2,NULL,NULL),(313,118,2,11,NULL),(316,121,2,NULL,NULL),(319,121,2,11,NULL),(334,127,2,NULL,NULL),(337,127,2,11,NULL),(340,127,2,21,NULL),(343,127,2,2,NULL),(346,127,2,22,NULL),(433,151,2,NULL,NULL),(436,151,2,11,NULL),(439,154,2,NULL,NULL),(442,154,2,11,NULL),(445,157,2,NULL,NULL),(448,157,2,11,NULL),(451,160,2,NULL,NULL),(454,160,2,11,NULL),(457,163,2,NULL,NULL),(460,163,2,11,NULL),(463,166,2,NULL,NULL),(466,166,2,11,NULL),(469,169,2,NULL,NULL),(472,169,2,11,NULL),(475,172,2,NULL,NULL),(478,172,2,11,NULL),(481,175,2,NULL,NULL),(484,175,2,11,NULL),(487,178,2,NULL,NULL),(490,178,2,11,NULL),(493,181,2,NULL,NULL),(496,181,2,11,NULL),(499,184,2,NULL,NULL),(502,184,2,11,NULL),(505,187,2,NULL,NULL),(508,187,2,11,NULL),(511,187,2,21,NULL),(523,193,2,NULL,NULL),(526,193,2,11,NULL),(529,193,2,21,NULL),(532,196,2,NULL,NULL),(535,196,2,11,NULL),(538,199,2,NULL,NULL),(541,202,2,NULL,NULL),(544,202,2,11,NULL),(547,205,2,NULL,NULL),(550,205,2,11,NULL),(553,208,2,NULL,NULL),(556,208,2,11,NULL),(559,211,2,NULL,NULL),(562,214,2,NULL,NULL),(565,214,2,11,NULL),(568,217,2,NULL,NULL),(571,217,2,11,NULL),(574,220,2,NULL,NULL),(577,220,2,11,NULL),(580,223,2,NULL,NULL),(583,223,2,11,NULL),(586,226,2,NULL,NULL),(589,226,2,11,NULL),(592,229,2,NULL,NULL),(595,229,2,11,NULL),(598,232,2,NULL,NULL),(601,232,2,11,NULL),(604,235,2,NULL,NULL),(607,235,2,11,NULL),(610,238,2,NULL,NULL),(613,238,2,11,NULL),(616,241,2,NULL,NULL),(619,241,2,11,NULL),(622,244,2,NULL,NULL),(625,244,2,11,NULL),(628,247,2,NULL,NULL),(631,250,2,NULL,NULL),(634,250,2,11,NULL),(637,253,2,NULL,NULL),(640,253,2,11,NULL),(643,256,2,NULL,NULL),(646,256,2,11,NULL),(649,259,2,NULL,NULL),(652,259,2,11,NULL),(655,262,2,NULL,NULL),(658,262,2,11,NULL),(661,265,2,NULL,NULL),(664,265,2,11,NULL),(667,268,2,NULL,NULL),(670,268,2,11,NULL),(673,271,2,NULL,NULL),(676,271,2,11,NULL),(679,274,2,NULL,NULL),(682,274,2,11,NULL),(685,277,2,NULL,NULL),(688,277,2,11,NULL),(691,280,2,NULL,NULL),(694,280,2,11,NULL),(697,283,2,NULL,NULL),(700,283,2,11,NULL),(703,286,2,NULL,NULL),(706,286,2,11,NULL),(709,289,2,NULL,NULL),(712,289,2,11,NULL),(721,295,2,NULL,NULL),(724,295,2,11,NULL),(727,298,2,NULL,NULL),(730,298,2,11,NULL),(733,298,2,21,NULL),(736,301,2,NULL,NULL),(739,301,2,11,NULL),(742,304,2,NULL,NULL),(745,304,2,11,NULL),(748,307,2,NULL,NULL),(751,307,2,11,NULL),(754,310,2,NULL,NULL),(757,310,2,11,NULL),(760,310,2,21,NULL),(763,313,2,NULL,NULL),(766,313,2,11,NULL),(769,316,2,NULL,NULL),(772,316,2,11,NULL),(775,319,2,NULL,NULL),(778,319,2,11,NULL),(781,322,2,NULL,NULL),(784,322,2,11,NULL),(787,325,2,NULL,NULL),(790,325,2,11,NULL),(793,328,2,NULL,NULL),(796,328,2,11,NULL),(799,331,2,NULL,NULL),(802,331,2,11,NULL),(805,334,2,NULL,NULL),(808,334,2,11,NULL),(811,337,2,NULL,NULL),(814,337,2,11,NULL),(817,340,2,NULL,NULL),(820,340,2,11,NULL),(823,343,2,NULL,NULL),(826,343,2,11,NULL),(829,343,2,21,NULL),(832,343,2,22,NULL),(835,346,2,NULL,NULL),(838,346,2,22,NULL),(841,349,2,NULL,NULL),(844,349,2,11,NULL),(847,352,2,NULL,NULL),(850,352,2,11,NULL),(853,355,2,NULL,NULL),(856,358,2,NULL,NULL),(859,358,2,11,NULL),(862,361,2,NULL,NULL),(865,361,2,11,NULL),(868,364,2,NULL,NULL),(871,364,2,11,NULL),(874,364,2,21,NULL),(877,364,2,2,NULL),(880,367,2,NULL,NULL),(883,367,2,11,NULL),(886,370,2,NULL,NULL),(889,370,2,11,NULL),(892,373,2,NULL,NULL),(895,373,2,11,NULL),(898,376,2,NULL,NULL),(901,376,2,11,NULL),(904,379,2,NULL,NULL),(907,379,2,11,NULL),(910,382,2,NULL,NULL),(913,382,2,11,NULL),(916,385,2,NULL,NULL),(919,385,2,11,NULL),(922,388,2,NULL,NULL),(925,388,2,11,NULL),(928,391,2,NULL,NULL),(931,394,2,NULL,NULL),(934,394,2,11,NULL),(937,397,2,NULL,NULL),(940,397,2,11,NULL),(943,400,2,NULL,NULL),(946,400,2,11,NULL),(949,403,2,NULL,NULL),(952,403,2,11,NULL),(955,406,2,NULL,NULL),(958,406,2,11,NULL),(961,409,2,NULL,NULL),(964,409,2,11,NULL),(967,412,2,NULL,NULL),(970,412,2,11,NULL),(973,415,2,NULL,NULL),(976,415,2,11,NULL),(979,418,2,NULL,NULL),(982,418,2,11,NULL),(985,418,2,21,NULL),(991,421,2,NULL,NULL),(994,421,2,11,NULL),(997,424,2,NULL,NULL),(1000,427,2,NULL,NULL),(1003,427,2,11,NULL),(1006,430,2,NULL,NULL),(1009,430,2,11,NULL),(1012,433,2,NULL,NULL),(1015,433,2,11,NULL),(1018,436,2,NULL,NULL),(1021,436,2,11,NULL),(1024,439,2,NULL,NULL),(1027,439,2,11,NULL),(1030,439,2,21,NULL),(1033,442,2,NULL,NULL),(1036,442,2,11,NULL),(1039,442,2,21,NULL),(1042,445,2,NULL,NULL),(1045,445,2,11,NULL),(1048,448,2,NULL,NULL),(1051,448,2,11,NULL),(1054,451,2,NULL,NULL),(1057,451,2,11,NULL),(1060,454,2,NULL,NULL),(1063,454,2,11,NULL),(1066,457,2,NULL,NULL),(1069,457,2,11,NULL),(1072,460,2,NULL,NULL),(1075,460,2,11,NULL),(1078,463,2,NULL,NULL),(1081,463,2,11,NULL),(1084,466,2,NULL,NULL),(1087,466,2,11,NULL),(1090,469,2,NULL,NULL),(1093,469,2,11,NULL),(1096,472,2,NULL,NULL),(1099,472,2,11,NULL),(1102,475,2,NULL,NULL),(1105,475,2,11,NULL),(1108,478,2,NULL,NULL),(1111,481,2,NULL,NULL),(1114,481,2,11,NULL),(1117,484,2,NULL,NULL),(1120,484,2,11,NULL),(1123,487,2,NULL,NULL),(1126,487,2,11,NULL),(1129,490,2,NULL,NULL),(1132,490,2,11,NULL),(1135,493,2,NULL,NULL),(1138,493,2,11,NULL),(1141,496,2,NULL,NULL),(1144,496,2,11,NULL),(1147,499,2,NULL,NULL),(1150,499,2,11,NULL),(1153,502,2,NULL,NULL),(1156,502,2,11,NULL),(1159,505,2,NULL,NULL),(1162,505,2,11,NULL),(1165,508,2,NULL,NULL),(1168,508,2,11,NULL),(1171,511,2,NULL,NULL),(1174,511,2,11,NULL),(1177,514,2,NULL,NULL),(1180,514,2,11,NULL),(1183,517,2,NULL,NULL),(1186,517,2,11,NULL),(1189,520,2,NULL,NULL),(1192,520,2,11,NULL),(1195,523,2,NULL,NULL),(1200,355,2,11,NULL),(1201,424,2,11,NULL),(1204,247,2,11,NULL),(1207,526,2,NULL,NULL),(1210,526,2,11,NULL),(1213,529,2,NULL,NULL),(1216,529,2,11,NULL),(1219,532,2,NULL,NULL),(1222,532,2,11,NULL),(1224,534,2,NULL,NULL),(1227,534,2,11,NULL),(1230,537,2,NULL,NULL),(1233,537,2,11,NULL),(1236,540,2,NULL,NULL),(1239,540,2,11,NULL),(1242,543,2,NULL,NULL),(1245,543,2,11,NULL),(1248,543,2,21,NULL),(1249,544,2,NULL,NULL),(1252,544,2,11,NULL),(1255,547,2,NULL,NULL),(1258,547,2,11,NULL),(1261,550,2,NULL,NULL),(1264,550,2,11,NULL),(1267,553,2,NULL,NULL),(1270,553,2,11,NULL),(1273,556,2,NULL,NULL),(1276,556,2,11,NULL),(1279,559,2,NULL,NULL),(1282,559,2,11,NULL),(1285,562,2,NULL,NULL),(1288,562,2,11,NULL),(1291,565,2,NULL,NULL),(1294,565,2,11,NULL),(1297,568,2,NULL,NULL),(1300,568,2,11,NULL),(1303,571,2,NULL,NULL),(1306,571,2,21,NULL),(1314,576,2,NULL,NULL),(1317,576,2,11,NULL),(1318,577,2,NULL,NULL),(1321,577,2,11,NULL),(1323,579,2,NULL,NULL),(1326,579,2,11,NULL),(1329,582,2,NULL,NULL),(1332,582,2,11,NULL),(1333,583,2,NULL,NULL),(1336,583,2,11,NULL),(1338,585,2,NULL,NULL),(1341,585,2,11,NULL),(1344,588,2,NULL,NULL),(1347,588,2,11,NULL),(1348,589,2,NULL,NULL),(1360,595,2,NULL,NULL),(1363,595,2,21,NULL),(1366,598,2,NULL,NULL),(1369,598,2,21,NULL),(1372,601,2,NULL,NULL),(1375,601,2,11,NULL),(1377,589,2,11,NULL),(1380,598,2,11,NULL),(1383,571,2,11,NULL),(1389,595,2,11,NULL),(1390,604,2,NULL,NULL),(1393,604,2,11,NULL),(1396,607,2,NULL,NULL),(1399,607,2,11,NULL),(1402,610,2,NULL,NULL),(1405,610,2,11,NULL),(1408,613,2,NULL,NULL),(1411,613,2,11,NULL),(1426,325,2,21,NULL),(1429,622,2,NULL,NULL),(1432,622,2,11,NULL),(1435,625,2,NULL,NULL),(1438,625,2,11,NULL),(1441,628,2,NULL,NULL),(1444,628,2,11,NULL),(1446,630,2,NULL,NULL),(1449,630,2,11,NULL),(1452,633,2,NULL,NULL),(1455,633,2,11,NULL),(1456,634,2,NULL,NULL),(1459,634,2,11,NULL),(1461,636,2,NULL,NULL),(1464,636,2,11,NULL),(1465,637,2,NULL,NULL),(1470,639,2,NULL,NULL),(1473,639,2,11,NULL),(1474,640,2,NULL,NULL),(1477,640,2,11,NULL),(1479,642,2,NULL,NULL),(1482,642,2,11,NULL),(1483,643,2,NULL,NULL),(1486,643,2,11,NULL),(1489,646,2,NULL,NULL),(1492,646,2,11,NULL),(1495,649,2,NULL,NULL),(1498,649,2,11,NULL),(1501,652,2,NULL,NULL),(1504,652,2,11,NULL),(1507,655,2,NULL,NULL),(1510,655,2,11,NULL),(1513,658,2,NULL,NULL),(1516,658,2,11,NULL),(1518,660,2,NULL,NULL),(1521,660,2,11,NULL),(1524,663,2,NULL,NULL),(1527,663,2,11,NULL),(1530,666,2,NULL,NULL),(1533,666,2,11,NULL),(1534,667,2,NULL,NULL),(1537,667,2,11,NULL),(1539,669,2,NULL,NULL),(1542,669,2,11,NULL),(1544,671,2,NULL,NULL),(1547,671,2,11,NULL),(1550,674,2,NULL,NULL),(1553,674,2,11,NULL),(1556,677,2,NULL,NULL),(1559,677,2,11,NULL),(1560,678,2,NULL,NULL),(1563,678,2,11,NULL),(1565,680,2,NULL,NULL),(1568,680,2,11,NULL),(1573,685,2,NULL,NULL),(1576,685,2,11,NULL),(1579,688,2,NULL,NULL),(1582,688,2,11,NULL),(1585,691,2,NULL,NULL),(1588,694,2,NULL,NULL),(1591,694,2,11,NULL),(1594,697,2,NULL,NULL),(1597,697,2,11,NULL),(1601,701,2,NULL,NULL),(1603,701,2,11,NULL),(1604,704,2,NULL,NULL),(1606,704,2,11,NULL),(1607,707,2,NULL,NULL),(1609,707,2,11,NULL),(1610,710,2,NULL,NULL),(1612,710,2,11,NULL),(1613,713,2,NULL,NULL),(1615,713,2,11,NULL),(1622,716,2,NULL,NULL),(1624,716,2,11,NULL),(1630,2,2,2,NULL),(1631,719,2,NULL,NULL),(1633,719,2,11,NULL),(1634,722,2,NULL,NULL),(1639,722,2,11,NULL),(1640,725,2,NULL,NULL),(1642,725,2,11,NULL),(1643,728,2,NULL,NULL),(1645,728,2,11,NULL),(1646,731,2,NULL,NULL),(1648,731,2,11,NULL),(1649,734,2,NULL,NULL),(1651,734,2,11,NULL),(1654,736,2,NULL,NULL),(1657,736,2,11,NULL),(1658,737,2,NULL,NULL),(1660,737,2,11,NULL),(1661,740,2,NULL,NULL),(1663,740,2,11,NULL),(1666,742,2,NULL,NULL),(1669,742,2,11,NULL),(1670,743,2,NULL,NULL),(1672,743,2,11,NULL),(1675,748,2,NULL,NULL),(1678,748,2,11,NULL),(1679,749,2,NULL,NULL),(1681,749,2,11,NULL),(1682,752,2,NULL,NULL),(1684,752,2,11,NULL),(1685,755,2,NULL,NULL),(1687,755,2,11,NULL),(1688,758,2,NULL,NULL),(1690,758,2,11,NULL),(1691,761,2,NULL,NULL),(1693,761,2,21,NULL),(1697,764,2,NULL,NULL),(1699,764,2,11,NULL),(1700,767,2,NULL,NULL),(1705,767,2,11,NULL),(1706,770,2,NULL,NULL),(1709,773,2,NULL,NULL),(1711,773,2,11,NULL),(1712,776,2,NULL,NULL),(1714,776,2,11,NULL),(1715,779,2,NULL,NULL),(1717,779,2,11,NULL),(1718,782,2,NULL,NULL),(1720,782,2,11,NULL),(1721,785,2,NULL,NULL),(1723,785,2,11,NULL),(1727,788,2,NULL,NULL),(1732,788,2,11,NULL),(1735,793,2,NULL,NULL),(1738,796,2,NULL,NULL),(1741,796,2,11,NULL),(1742,797,2,NULL,NULL),(1744,797,2,11,NULL),(1750,799,2,NULL,NULL),(1753,799,2,11,NULL),(1754,800,2,NULL,NULL),(1756,800,2,11,NULL),(1757,803,2,NULL,NULL),(1759,803,2,11,NULL),(1762,343,2,2,NULL),(1765,793,2,11,NULL),(1766,806,2,NULL,NULL),(1771,806,2,11,NULL),(1772,809,2,NULL,NULL),(1774,809,2,11,NULL),(1775,812,2,NULL,NULL),(1777,812,2,11,NULL),(1778,815,2,NULL,NULL),(1784,818,2,NULL,NULL),(1787,818,2,11,NULL),(1790,821,2,NULL,NULL),(1793,821,2,11,NULL),(1804,767,2,2,NULL),(1807,770,2,11,NULL),(1808,824,2,NULL,NULL),(1811,824,2,11,NULL),(1813,826,2,NULL,NULL),(1816,826,2,22,NULL),(1817,827,2,NULL,NULL),(1820,827,2,11,NULL),(1823,830,2,NULL,NULL),(1826,830,2,11,NULL),(1828,832,2,NULL,NULL),(1831,832,2,11,NULL),(1832,833,2,NULL,NULL),(1835,833,2,11,NULL),(1838,836,2,NULL,NULL),(1841,836,2,11,NULL),(1845,840,2,NULL,NULL),(1848,840,2,11,NULL),(1851,846,2,NULL,NULL),(1854,846,2,11,NULL),(1860,852,2,NULL,NULL),(1863,855,2,NULL,NULL),(1866,855,2,11,NULL),(1869,858,2,NULL,NULL),(1872,858,2,11,NULL),(1875,861,2,NULL,NULL),(1878,861,2,11,NULL),(1881,864,2,NULL,NULL),(1884,864,2,11,NULL),(1887,867,2,NULL,NULL),(1890,867,2,11,NULL),(1893,870,2,NULL,NULL),(1896,870,2,11,NULL),(1899,873,2,NULL,NULL),(1901,873,2,11,NULL),(1907,875,2,NULL,NULL),(1910,875,2,11,NULL),(1911,879,2,NULL,NULL),(1914,879,2,11,NULL),(1917,882,2,NULL,NULL),(1920,882,2,11,NULL),(1923,885,2,NULL,NULL),(1926,885,2,11,NULL),(1929,891,2,NULL,NULL),(1932,891,2,11,NULL),(1938,894,2,NULL,NULL),(1941,894,2,11,NULL),(1944,897,2,NULL,NULL),(1947,897,2,11,NULL),(1949,899,2,NULL,NULL),(1952,899,2,11,NULL),(1955,902,2,NULL,NULL),(1958,902,2,11,NULL),(1961,905,2,NULL,NULL),(1964,905,2,11,NULL),(1977,918,2,NULL,NULL),(1980,918,2,11,NULL),(1983,921,2,NULL,NULL),(1986,921,2,11,NULL),(1989,924,2,NULL,NULL),(1992,924,2,11,NULL),(1995,927,2,NULL,NULL),(1998,927,2,11,NULL),(2001,930,2,NULL,NULL),(2004,930,2,11,NULL),(2007,933,2,NULL,NULL),(2010,933,2,11,NULL),(2013,936,2,NULL,NULL),(2016,936,2,11,NULL),(2019,939,2,NULL,NULL),(2022,939,2,11,NULL),(2025,942,2,NULL,NULL),(2028,942,2,11,NULL),(2031,945,2,NULL,NULL),(2034,945,2,11,NULL),(2037,948,2,NULL,NULL),(2040,948,2,11,NULL),(2043,951,2,NULL,NULL),(2046,951,2,11,NULL),(2048,953,2,NULL,NULL),(2051,953,2,11,NULL),(2054,956,2,NULL,NULL),(2057,956,2,11,NULL),(2060,959,2,NULL,NULL),(2063,959,2,11,NULL),(2066,962,2,NULL,NULL),(2069,962,2,11,NULL),(2072,965,2,NULL,NULL),(2075,965,2,11,NULL),(2078,968,2,NULL,NULL),(2081,968,2,11,NULL),(2087,971,2,NULL,NULL),(2090,971,2,11,NULL),(2096,974,2,NULL,NULL),(2099,974,2,11,NULL),(2105,980,2,NULL,NULL),(2108,980,2,11,NULL),(2111,571,2,2,NULL),(2117,986,2,NULL,NULL),(2120,986,2,11,NULL),(2123,989,2,NULL,NULL),(2126,989,2,11,NULL),(2129,992,2,NULL,NULL),(2132,992,2,11,NULL),(2138,998,2,NULL,NULL),(2141,998,2,11,NULL),(2144,1004,2,NULL,NULL),(2147,1004,2,11,NULL),(2153,1010,2,NULL,NULL),(2156,1010,2,11,NULL),(2159,1016,2,NULL,NULL),(2162,1016,2,11,NULL),(2165,1019,2,NULL,NULL),(2168,1019,2,11,NULL),(2171,1022,2,NULL,NULL),(2174,1022,2,11,NULL),(2177,1028,2,NULL,NULL),(2180,1028,2,11,NULL),(2183,1031,2,NULL,NULL),(2186,1031,2,11,NULL),(2189,1037,2,NULL,NULL),(2192,1037,2,11,NULL),(2195,1040,2,NULL,NULL),(2198,1040,2,11,NULL),(2201,1043,2,NULL,NULL),(2204,1043,2,11,NULL),(2207,1046,2,NULL,NULL),(2210,1046,2,11,NULL),(2213,1049,2,NULL,NULL),(2216,1049,2,11,NULL),(2220,1053,2,NULL,NULL),(2223,1053,2,11,NULL),(2229,1056,2,NULL,NULL),(2232,1056,2,11,NULL),(2238,1059,2,NULL,NULL),(2241,1059,2,11,NULL),(2247,1062,2,NULL,NULL),(2250,1062,2,11,NULL),(2256,1065,2,NULL,NULL),(2259,1065,2,11,NULL),(2265,1068,2,NULL,NULL),(2268,1068,2,11,NULL),(2271,1071,2,NULL,NULL),(2274,1071,2,11,NULL),(2280,1074,2,NULL,NULL),(2283,1074,2,11,NULL),(2289,1077,2,NULL,NULL),(2292,1077,2,11,NULL),(2295,1080,2,NULL,NULL),(2298,1080,2,11,NULL),(2301,1083,2,NULL,NULL),(2304,1083,2,11,NULL),(2307,1086,2,NULL,NULL),(2310,1086,2,11,NULL),(2313,1089,2,NULL,NULL),(2316,1089,2,11,NULL),(2319,1092,2,NULL,NULL),(2322,1092,2,11,NULL),(2325,1095,2,NULL,NULL),(2328,1095,2,11,NULL),(2331,861,2,2,NULL),(2337,1098,2,NULL,NULL),(2340,1098,2,11,NULL),(2346,1101,2,NULL,NULL),(2349,1101,2,11,NULL),(2352,1104,2,NULL,NULL),(2355,1104,2,11,NULL),(2358,1107,2,NULL,NULL),(2361,1107,2,11,NULL),(2364,1110,2,NULL,NULL),(2367,1110,2,11,NULL),(2370,1113,2,NULL,NULL),(2373,1113,2,11,NULL),(2379,1119,2,NULL,NULL),(2382,1119,2,11,NULL),(2385,1122,2,NULL,NULL),(2388,1122,2,11,NULL),(2391,1125,2,NULL,NULL),(2394,1125,2,11,NULL),(2397,1131,2,NULL,NULL),(2400,1131,2,11,NULL),(2406,1137,2,NULL,NULL),(2409,1137,2,11,NULL),(2412,1140,2,NULL,NULL),(2415,1140,2,11,NULL),(2421,1146,2,NULL,NULL),(2424,1146,2,11,NULL),(2430,1152,2,NULL,NULL),(2433,1152,2,11,NULL),(2437,1156,2,NULL,NULL),(2440,1156,2,11,NULL),(2443,1159,2,NULL,NULL),(2446,1159,2,11,NULL),(2449,1165,2,NULL,NULL),(2452,1165,2,11,NULL),(2455,1168,2,NULL,NULL),(2458,1168,2,11,NULL),(2464,1171,2,NULL,NULL),(2467,1171,2,11,NULL),(2473,1177,2,NULL,NULL),(2476,1177,2,11,NULL),(2482,1180,2,NULL,NULL),(2485,1180,2,11,NULL),(2491,1183,2,NULL,NULL),(2494,1183,2,11,NULL),(2496,1185,2,NULL,NULL),(2499,1185,2,11,NULL),(2502,1188,2,NULL,NULL),(2505,1188,2,11,NULL),(2511,1194,2,NULL,NULL),(2514,1194,2,11,NULL),(2523,520,2,21,NULL),(2529,1200,2,NULL,NULL),(2532,1200,2,11,NULL),(2535,1203,2,NULL,NULL),(2538,1203,2,11,NULL),(2541,1206,2,NULL,NULL),(2544,1206,2,11,NULL),(2550,1212,2,NULL,NULL),(2553,1212,2,11,NULL),(2556,1212,2,21,NULL),(2562,523,2,11,NULL),(2565,523,2,21,NULL),(2571,1218,2,NULL,NULL),(2574,1218,2,11,NULL),(2580,1224,2,NULL,NULL),(2583,1224,2,11,NULL),(2589,1230,2,NULL,NULL),(2592,1230,2,11,NULL),(2598,1236,2,NULL,NULL),(2601,1236,2,11,NULL),(2607,1239,2,NULL,NULL),(2610,1239,2,11,NULL),(2616,1245,2,NULL,NULL),(2619,1245,2,11,NULL),(2625,1248,2,NULL,NULL),(2628,1248,2,11,NULL),(2631,1254,2,NULL,NULL),(2634,1254,2,11,NULL),(2640,1260,2,NULL,NULL),(2643,1260,2,11,NULL),(2649,1266,2,NULL,NULL),(2652,1266,2,11,NULL),(2658,1272,2,NULL,NULL),(2661,1272,2,11,NULL),(2667,1278,2,NULL,NULL),(2670,1278,2,11,NULL),(2676,637,2,11,NULL),(2682,1284,2,NULL,NULL),(2685,1284,2,11,NULL),(2688,1287,2,NULL,NULL),(2691,1287,2,11,NULL),(2694,1293,2,NULL,NULL),(2697,1293,2,11,NULL),(2703,1299,2,NULL,NULL),(2706,1299,2,11,NULL),(2712,1305,2,NULL,NULL),(2715,1305,2,11,NULL),(2718,1311,2,NULL,NULL),(2721,1311,2,11,NULL),(2724,1314,2,NULL,NULL),(2727,1314,2,11,NULL),(2730,1317,2,NULL,NULL),(2733,1317,2,11,NULL),(2736,1320,2,NULL,NULL),(2739,1320,2,11,NULL),(2745,1323,2,NULL,NULL),(2748,1323,2,11,NULL),(2751,1329,2,NULL,NULL),(2754,1329,2,11,NULL),(2756,1331,2,NULL,NULL),(2759,1331,2,11,NULL),(2763,998,2,21,NULL),(2769,1335,2,NULL,NULL),(2772,1335,2,11,NULL),(2775,1338,2,NULL,NULL),(2778,1338,2,11,NULL),(2784,1344,2,NULL,NULL),(2787,1344,2,11,NULL),(2790,1347,2,NULL,NULL),(2793,1347,2,11,NULL),(2795,1349,2,NULL,NULL),(2798,1349,2,11,NULL),(2804,1218,2,21,NULL),(2807,1355,2,NULL,NULL),(2810,1355,2,11,NULL),(2816,1358,2,NULL,NULL),(2819,1358,2,11,NULL),(2822,1361,2,NULL,NULL),(2825,1361,2,11,NULL),(2828,1364,2,NULL,NULL),(2831,1364,2,11,NULL),(2834,1367,2,NULL,NULL),(2837,1367,2,11,NULL),(2840,1370,2,NULL,NULL),(2843,1370,2,11,NULL),(2846,1373,2,NULL,NULL),(2849,1373,2,11,NULL),(2852,1376,2,NULL,NULL),(2855,1376,2,11,NULL),(2858,1379,2,NULL,NULL),(2861,1379,2,11,NULL),(2864,1382,2,NULL,NULL),(2867,1382,2,11,NULL),(2870,1385,2,NULL,NULL),(2873,1385,2,11,NULL),(2876,1388,2,NULL,NULL),(2879,1388,2,11,NULL),(2882,1391,2,NULL,NULL),(2885,1391,2,11,NULL),(2888,1394,2,NULL,NULL),(2891,1394,2,11,NULL),(2897,1400,2,NULL,NULL),(2900,1400,2,11,NULL),(2903,1403,2,NULL,NULL),(2906,1403,2,11,NULL),(2909,1409,2,NULL,NULL),(2912,1409,2,11,NULL),(2915,1415,2,NULL,NULL),(2918,1415,2,11,NULL),(2921,1418,2,NULL,NULL),(2924,1418,2,11,NULL),(2927,1424,2,NULL,NULL),(2930,1424,2,11,NULL),(2933,103,2,21,NULL),(2936,1427,2,NULL,NULL),(2939,1427,2,11,NULL),(2942,1430,2,NULL,NULL),(2945,1430,2,11,NULL),(2948,1433,2,NULL,NULL),(2951,1433,2,11,NULL),(2957,1436,2,NULL,NULL),(2960,1436,2,11,NULL),(2966,1439,2,NULL,NULL),(2969,1439,2,11,NULL),(2972,1445,2,NULL,NULL),(2975,1445,2,11,NULL),(2978,1448,2,NULL,NULL),(2981,1448,2,11,NULL),(2984,1451,2,NULL,NULL),(2987,1451,2,11,NULL),(2990,1454,2,NULL,NULL),(2993,1454,2,11,NULL),(2996,1457,2,NULL,NULL),(2999,1457,2,11,NULL),(3002,1460,2,NULL,NULL),(3005,1460,2,11,NULL),(3008,1463,2,NULL,NULL),(3011,1463,2,11,NULL),(3017,1466,2,NULL,NULL),(3020,1466,2,11,NULL),(3023,1469,2,NULL,NULL),(3026,1469,2,11,NULL),(3029,1472,2,NULL,NULL),(3032,1472,2,11,NULL),(3035,1475,2,NULL,NULL),(3038,1475,2,11,NULL),(3041,1478,2,NULL,NULL),(3044,1478,2,11,NULL),(3047,1481,2,NULL,NULL),(3050,1481,2,11,NULL),(3053,1484,2,NULL,NULL),(3056,1484,2,11,NULL),(3059,1487,2,NULL,NULL),(3062,1487,2,11,NULL),(3065,1490,2,NULL,NULL),(3068,1490,2,11,NULL),(3071,1493,2,NULL,NULL),(3074,1493,2,11,NULL),(3077,1493,2,21,NULL),(3080,1496,2,NULL,NULL),(3083,1496,2,11,NULL),(3086,1499,2,NULL,NULL),(3089,1499,2,11,NULL),(3092,1502,2,NULL,NULL),(3095,1502,2,11,NULL),(3098,1505,2,NULL,NULL),(3101,1505,2,11,NULL),(3104,1511,2,NULL,NULL),(3107,1511,2,11,NULL),(3113,1514,2,NULL,NULL),(3116,1514,2,11,NULL),(3119,22,2,21,NULL),(3122,1517,2,NULL,NULL),(3125,1517,2,11,NULL),(3128,1520,2,NULL,NULL),(3131,1520,2,11,NULL),(3134,1523,2,NULL,NULL),(3137,1523,2,11,NULL),(3140,1526,2,NULL,NULL),(3143,1526,2,11,NULL),(3146,1529,2,NULL,NULL),(3149,1529,2,11,NULL),(3152,1532,2,NULL,NULL),(3155,1532,2,11,NULL),(3158,1535,2,NULL,NULL),(3161,1535,2,11,NULL),(3164,1538,2,NULL,NULL),(3167,1538,2,11,NULL),(3170,1541,2,NULL,NULL),(3173,1541,2,11,NULL),(3176,1544,2,NULL,NULL),(3179,1544,2,11,NULL),(3181,1546,2,NULL,NULL),(3184,1546,2,11,NULL),(3190,1552,2,NULL,NULL),(3193,1552,2,11,NULL),(3199,1558,2,NULL,NULL),(3202,1558,2,11,NULL),(3208,1561,2,NULL,NULL),(3211,1561,2,11,NULL),(3217,1564,2,NULL,NULL),(3220,1564,2,11,NULL),(3226,1570,2,NULL,NULL),(3229,1570,2,11,NULL),(3235,1576,2,NULL,NULL),(3238,1576,2,11,NULL),(3244,1582,2,NULL,NULL),(3247,1582,2,11,NULL),(3250,1588,2,NULL,NULL),(3253,1588,2,11,NULL),(3259,118,2,21,NULL),(3265,1594,2,NULL,NULL),(3268,1594,2,11,NULL),(3274,1597,2,NULL,NULL),(3277,1597,2,11,NULL),(3283,1603,2,NULL,NULL),(3286,1603,2,11,NULL),(3292,1609,2,NULL,NULL),(3295,1609,2,11,NULL),(3301,1612,2,NULL,NULL),(3304,1612,2,11,NULL),(3310,1245,2,21,NULL),(3316,1618,2,NULL,NULL),(3319,1618,2,11,NULL),(3325,1624,2,NULL,NULL),(3328,1624,2,11,NULL),(3334,1630,2,NULL,NULL),(3337,1630,2,11,NULL),(3343,1636,2,NULL,NULL),(3346,1636,2,21,NULL),(3349,1636,2,11,NULL),(3355,1642,2,NULL,NULL),(3358,1642,2,11,NULL),(3364,1648,2,NULL,NULL),(3367,1648,2,11,NULL),(3373,1654,2,NULL,NULL),(3376,1654,2,11,NULL),(3379,1657,2,NULL,NULL),(3382,1657,2,11,NULL),(3388,1663,2,NULL,NULL),(3391,1663,2,11,NULL),(3397,1669,2,NULL,NULL),(3400,1669,2,11,NULL),(3406,1675,2,NULL,NULL),(3409,1675,2,11,NULL),(3415,1311,2,21,NULL),(3418,1681,2,NULL,NULL),(3421,1681,2,11,NULL),(3424,1687,2,NULL,NULL),(3427,1687,2,11,NULL),(3433,88,4,NULL,NULL),(3436,1693,2,NULL,NULL),(3439,1693,2,11,NULL),(3442,1693,4,NULL,NULL),(3448,1699,2,NULL,NULL),(3451,1699,2,11,NULL),(3454,1702,2,NULL,NULL),(3457,1702,2,11,NULL),(3460,1708,2,NULL,NULL),(3463,1708,2,11,NULL),(3469,1714,2,NULL,NULL),(3472,1714,2,11,NULL),(3478,1717,2,NULL,NULL),(3481,1717,2,11,NULL),(3484,1720,2,NULL,NULL),(3487,1720,2,11,NULL),(3493,1726,2,NULL,NULL),(3496,1726,2,21,NULL),(3498,1728,2,NULL,NULL),(3501,1728,2,11,NULL),(3507,1734,2,NULL,NULL),(3510,1734,2,11,NULL),(3516,1740,2,NULL,NULL),(3519,1740,2,11,NULL),(3522,1746,2,NULL,NULL),(3525,1746,2,11,NULL),(3528,1749,2,NULL,NULL),(3531,1749,2,11,NULL),(3534,1752,2,NULL,NULL),(3537,1752,2,11,NULL),(3543,1758,2,NULL,NULL),(3546,1758,2,11,NULL),(3548,1760,2,NULL,NULL),(3554,1760,2,11,NULL),(3560,1766,2,NULL,NULL),(3563,1766,2,11,NULL),(3566,1769,2,NULL,NULL),(3569,1769,2,11,NULL),(3575,1775,2,NULL,NULL),(3578,1775,2,11,NULL),(3581,1781,2,NULL,NULL),(3584,1781,2,11,NULL),(3590,939,2,21,NULL),(3593,1726,2,11,NULL),(3596,796,2,21,NULL),(3599,945,2,21,NULL),(3602,1787,2,NULL,NULL),(3605,1787,2,11,NULL),(3608,1790,2,NULL,NULL),(3611,1790,2,11,NULL),(3614,1793,2,NULL,NULL),(3617,1793,2,11,NULL),(3620,1796,2,NULL,NULL),(3623,1796,2,11,NULL),(3629,1802,2,NULL,NULL),(3632,1802,2,11,NULL),(3638,1805,2,NULL,NULL),(3641,1805,2,11,NULL),(3644,1808,2,NULL,NULL),(3647,1808,2,11,NULL),(3650,1811,2,NULL,NULL),(3653,1811,2,11,NULL),(3656,1814,2,NULL,NULL),(3659,1814,2,11,NULL),(3665,1820,2,NULL,NULL),(3668,1820,2,11,NULL),(3672,1824,2,NULL,NULL),(3675,1824,2,11,NULL),(3681,1830,2,NULL,NULL),(3684,1830,2,11,NULL),(3690,1836,2,NULL,NULL),(3693,1836,2,11,NULL),(3699,1842,2,NULL,NULL),(3702,1842,2,11,NULL),(3705,1845,2,NULL,NULL),(3708,1845,2,11,NULL),(3714,1851,2,NULL,NULL),(3717,1851,2,11,NULL),(3723,1857,2,NULL,NULL),(3726,1857,2,11,NULL),(3732,1863,2,NULL,NULL),(3735,1863,2,11,NULL),(3741,1869,2,NULL,NULL),(3744,1869,2,11,NULL),(3746,1871,2,NULL,NULL),(3749,1871,2,11,NULL),(3755,1877,2,NULL,NULL),(3758,1877,2,11,NULL),(3761,1880,2,NULL,NULL),(3764,1880,2,11,NULL),(3770,1886,2,NULL,NULL),(3773,1886,2,11,NULL),(3779,1889,2,NULL,NULL),(3782,1889,2,11,NULL),(3785,1895,2,NULL,NULL),(3788,1895,2,11,NULL),(3791,1898,2,NULL,NULL),(3794,1898,2,11,NULL),(3800,1904,2,NULL,NULL),(3803,1904,2,11,NULL),(3806,1910,2,NULL,NULL),(3809,1910,2,11,NULL),(3812,1913,2,NULL,NULL),(3815,1913,2,21,NULL),(3818,858,2,21,NULL),(3824,1919,2,NULL,NULL),(3827,1919,2,11,NULL),(3830,1922,2,NULL,NULL),(3833,1922,2,11,NULL),(3839,1913,2,11,NULL),(3842,1925,2,NULL,NULL),(3845,1925,2,11,NULL),(3848,1928,2,NULL,NULL),(3851,1928,2,11,NULL),(3854,1931,2,NULL,NULL),(3857,1931,2,11,NULL),(3860,1934,2,NULL,NULL),(3863,1934,2,11,NULL),(3866,861,2,21,NULL),(3869,1937,2,NULL,NULL),(3872,1937,2,11,NULL),(3878,1940,2,NULL,NULL),(3881,1940,2,11,NULL),(3884,1943,2,NULL,NULL),(3887,1943,2,11,NULL),(3890,1949,2,NULL,NULL),(3893,1949,2,11,NULL),(3896,1955,2,NULL,NULL),(3899,1955,2,11,NULL),(3902,1958,2,NULL,NULL),(3905,1958,2,11,NULL),(3908,1961,2,NULL,NULL),(3911,1961,2,11,NULL),(3917,1964,2,NULL,NULL),(3920,1964,2,11,NULL),(3923,1967,2,NULL,NULL),(3926,1967,2,11,NULL),(3929,1970,2,NULL,NULL),(3932,1970,2,11,NULL),(3935,1973,2,NULL,NULL),(3938,1973,2,11,NULL),(3941,1976,2,NULL,NULL),(3944,1976,2,11,NULL),(3950,1979,2,NULL,NULL),(3953,1979,2,11,NULL),(3956,1982,2,NULL,NULL),(3959,1982,2,11,NULL),(3962,1988,2,NULL,NULL),(3965,1988,2,11,NULL),(3968,1991,2,NULL,NULL),(3971,1991,2,11,NULL),(3974,1994,2,NULL,NULL),(3977,1994,2,11,NULL),(3980,1997,2,NULL,NULL),(3983,1997,2,11,NULL),(3986,2000,2,NULL,NULL),(3989,2000,2,11,NULL),(3992,22,2,22,NULL),(3995,364,2,22,NULL),(3998,2003,2,NULL,NULL),(4001,2003,2,11,NULL),(4004,2006,2,NULL,NULL),(4007,2006,2,11,NULL),(4011,2010,2,NULL,NULL),(4014,2010,2,11,NULL),(4017,2013,2,NULL,NULL),(4020,2013,2,11,NULL),(4023,2016,2,NULL,NULL),(4026,2016,2,11,NULL),(4029,2019,2,NULL,NULL),(4032,2019,2,11,NULL),(4038,2025,2,NULL,NULL),(4041,2025,2,11,NULL),(4047,2003,2,21,NULL),(4050,2031,2,NULL,NULL),(4053,2031,2,11,NULL),(4059,2037,2,NULL,NULL),(4062,2037,2,11,NULL),(4065,633,2,21,NULL),(4068,956,2,21,NULL),(4074,1370,2,2,NULL),(4080,2043,2,NULL,NULL),(4083,2043,2,11,NULL),(4089,2049,2,NULL,NULL),(4092,2049,2,11,NULL),(4098,2055,2,NULL,NULL),(4101,2055,2,11,NULL),(4104,2058,2,NULL,NULL),(4107,2058,2,11,NULL),(4110,2061,2,NULL,NULL),(4113,2061,2,11,NULL),(4116,2064,2,NULL,NULL),(4119,2064,2,11,NULL),(4125,2000,2,21,NULL),(4131,2070,2,NULL,NULL),(4134,2070,2,11,NULL),(4140,2076,2,NULL,NULL),(4143,2076,2,11,NULL),(4149,2082,2,NULL,NULL),(4155,2088,2,NULL,NULL),(4158,2088,2,11,NULL),(4164,2094,2,NULL,NULL),(4167,2094,2,11,NULL),(4170,2097,2,NULL,NULL),(4173,2097,2,11,NULL),(4179,2103,2,NULL,NULL),(4182,2103,2,11,NULL),(4188,2109,2,NULL,NULL),(4191,2109,2,11,NULL),(4197,2115,2,NULL,NULL),(4200,2115,2,11,NULL),(4206,2121,2,NULL,NULL),(4209,2121,2,11,NULL);
/*!40000 ALTER TABLE `m` ENABLE KEYS */;
UNLOCK TABLES;

--
-- Table structure for table `memb_req`
--

DROP TABLE IF EXISTS `memb_req`;
/*!40101 SET @saved_cs_client     = @@character_set_client */;
/*!40101 SET character_set_client = utf8 */;
CREATE TABLE `memb_req` (
  `id` bigint(20) NOT NULL AUTO_INCREMENT,
  `creation_date` datetime NOT NULL,
  `evaluation_date` datetime DEFAULT NULL,
  `status` int(11) NOT NULL,
  `confirm_id` varchar(255) NOT NULL,
  `dn` varchar(255) NOT NULL,
  `ca` varchar(255) NOT NULL,
  `cn` varchar(255) DEFAULT NULL,
  `mail` varchar(255) NOT NULL,
  PRIMARY KEY (`id`)
) ENGINE=InnoDB DEFAULT CHARSET=latin1;
/*!40101 SET character_set_client = @saved_cs_client */;

--
-- Dumping data for table `memb_req`
--

LOCK TABLES `memb_req` WRITE;
/*!40000 ALTER TABLE `memb_req` DISABLE KEYS */;
/*!40000 ALTER TABLE `memb_req` ENABLE KEYS */;
UNLOCK TABLES;

--
-- Table structure for table `membership_rem_req`
--

DROP TABLE IF EXISTS `membership_rem_req`;
/*!40101 SET @saved_cs_client     = @@character_set_client */;
/*!40101 SET character_set_client = utf8 */;
CREATE TABLE `membership_rem_req` (
  `reason` varchar(255) NOT NULL,
  `request_id` bigint(20) NOT NULL,
  PRIMARY KEY (`request_id`),
  KEY `FK1877BC10D75D60A4` (`request_id`)
) ENGINE=InnoDB DEFAULT CHARSET=latin1;
/*!40101 SET character_set_client = @saved_cs_client */;

--
-- Dumping data for table `membership_rem_req`
--

LOCK TABLES `membership_rem_req` WRITE;
/*!40000 ALTER TABLE `membership_rem_req` DISABLE KEYS */;
/*!40000 ALTER TABLE `membership_rem_req` ENABLE KEYS */;
UNLOCK TABLES;

--
-- Table structure for table `personal_info`
--

DROP TABLE IF EXISTS `personal_info`;
/*!40101 SET @saved_cs_client     = @@character_set_client */;
/*!40101 SET character_set_client = utf8 */;
CREATE TABLE `personal_info` (
  `id` bigint(20) NOT NULL AUTO_INCREMENT,
  `value` varchar(255) DEFAULT NULL,
  `visible` bit(1) DEFAULT NULL,
  `personal_info_type_id` bigint(20) NOT NULL,
  PRIMARY KEY (`id`),
  KEY `FK229FDF4DA8D3C6BC` (`personal_info_type_id`)
) ENGINE=InnoDB DEFAULT CHARSET=latin1;
/*!40101 SET character_set_client = @saved_cs_client */;

--
-- Dumping data for table `personal_info`
--

LOCK TABLES `personal_info` WRITE;
/*!40000 ALTER TABLE `personal_info` DISABLE KEYS */;
/*!40000 ALTER TABLE `personal_info` ENABLE KEYS */;
UNLOCK TABLES;

--
-- Table structure for table `personal_info_type`
--

DROP TABLE IF EXISTS `personal_info_type`;
/*!40101 SET @saved_cs_client     = @@character_set_client */;
/*!40101 SET character_set_client = utf8 */;
CREATE TABLE `personal_info_type` (
  `id` bigint(20) NOT NULL AUTO_INCREMENT,
  `description` varchar(255) DEFAULT NULL,
  `type` varchar(255) NOT NULL,
  PRIMARY KEY (`id`),
  UNIQUE KEY `type` (`type`)
) ENGINE=InnoDB DEFAULT CHARSET=latin1;
/*!40101 SET character_set_client = @saved_cs_client */;

--
-- Dumping data for table `personal_info_type`
--

LOCK TABLES `personal_info_type` WRITE;
/*!40000 ALTER TABLE `personal_info_type` DISABLE KEYS */;
/*!40000 ALTER TABLE `personal_info_type` ENABLE KEYS */;
UNLOCK TABLES;

--
-- Table structure for table `req`
--

DROP TABLE IF EXISTS `req`;
/*!40101 SET @saved_cs_client     = @@character_set_client */;
/*!40101 SET character_set_client = utf8 */;
CREATE TABLE `req` (
  `request_id` bigint(20) NOT NULL AUTO_INCREMENT,
  `completionDate` datetime DEFAULT NULL,
  `creationDate` datetime DEFAULT NULL,
  `expirationDate` datetime DEFAULT NULL,
  `status` varchar(255) NOT NULL,
  `requester_info_id` bigint(20) NOT NULL,
  PRIMARY KEY (`request_id`),
  UNIQUE KEY `requester_info_id` (`requester_info_id`),
  KEY `FK1B89EC37E889D` (`requester_info_id`)
) ENGINE=InnoDB DEFAULT CHARSET=latin1;
/*!40101 SET character_set_client = @saved_cs_client */;

--
-- Dumping data for table `req`
--

LOCK TABLES `req` WRITE;
/*!40000 ALTER TABLE `req` DISABLE KEYS */;
/*!40000 ALTER TABLE `req` ENABLE KEYS */;
UNLOCK TABLES;

--
-- Table structure for table `requester_info`
--

DROP TABLE IF EXISTS `requester_info`;
/*!40101 SET @saved_cs_client     = @@character_set_client */;
/*!40101 SET character_set_client = utf8 */;
CREATE TABLE `requester_info` (
  `id` bigint(20) NOT NULL AUTO_INCREMENT,
  `address` varchar(255) DEFAULT NULL,
  `certificateIssuer` varchar(255) NOT NULL,
  `certificateSubject` varchar(255) NOT NULL,
  `emailAddress` varchar(255) NOT NULL,
  `institution` varchar(255) DEFAULT NULL,
  `name` varchar(255) DEFAULT NULL,
  `phoneNumber` varchar(255) DEFAULT NULL,
  `surname` varchar(255) DEFAULT NULL,
  `voMember` bit(1) DEFAULT NULL,
  PRIMARY KEY (`id`)
) ENGINE=InnoDB DEFAULT CHARSET=latin1;
/*!40101 SET character_set_client = @saved_cs_client */;

--
-- Dumping data for table `requester_info`
--

LOCK TABLES `requester_info` WRITE;
/*!40000 ALTER TABLE `requester_info` DISABLE KEYS */;
/*!40000 ALTER TABLE `requester_info` ENABLE KEYS */;
UNLOCK TABLES;

--
-- Table structure for table `requester_personal_info`
--

DROP TABLE IF EXISTS `requester_personal_info`;
/*!40101 SET @saved_cs_client     = @@character_set_client */;
/*!40101 SET character_set_client = utf8 */;
CREATE TABLE `requester_personal_info` (
  `requester_id` bigint(20) NOT NULL,
  `pi_value` varchar(255) DEFAULT NULL,
  `pi_key` varchar(255) NOT NULL DEFAULT '',
  PRIMARY KEY (`requester_id`,`pi_key`),
  KEY `FK7E3D7FCAD500B8D2` (`requester_id`)
) ENGINE=InnoDB DEFAULT CHARSET=latin1;
/*!40101 SET character_set_client = @saved_cs_client */;

--
-- Dumping data for table `requester_personal_info`
--

LOCK TABLES `requester_personal_info` WRITE;
/*!40000 ALTER TABLE `requester_personal_info` DISABLE KEYS */;
/*!40000 ALTER TABLE `requester_personal_info` ENABLE KEYS */;
UNLOCK TABLES;

--
-- Table structure for table `role_attrs`
--

DROP TABLE IF EXISTS `role_attrs`;
/*!40101 SET @saved_cs_client     = @@character_set_client */;
/*!40101 SET character_set_client = utf8 */;
CREATE TABLE `role_attrs` (
  `a_id` bigint(20) NOT NULL,
  `g_id` bigint(20) NOT NULL,
  `r_id` bigint(20) NOT NULL,
  `a_value` varchar(255) DEFAULT NULL,
  PRIMARY KEY (`a_id`,`g_id`,`r_id`),
  KEY `FK6BDE9799566C2A8F` (`a_id`),
  KEY `FK6BDE979920304994` (`r_id`),
  KEY `FK6BDE9799DEFC581C` (`g_id`)
) ENGINE=InnoDB DEFAULT CHARSET=latin1;
/*!40101 SET character_set_client = @saved_cs_client */;

--
-- Dumping data for table `role_attrs`
--

LOCK TABLES `role_attrs` WRITE;
/*!40000 ALTER TABLE `role_attrs` DISABLE KEYS */;
/*!40000 ALTER TABLE `role_attrs` ENABLE KEYS */;
UNLOCK TABLES;

--
-- Table structure for table `role_membership_req`
--

DROP TABLE IF EXISTS `role_membership_req`;
/*!40101 SET @saved_cs_client     = @@character_set_client */;
/*!40101 SET character_set_client = utf8 */;
CREATE TABLE `role_membership_req` (
  `groupName` varchar(255) DEFAULT NULL,
  `roleName` varchar(255) DEFAULT NULL,
  `request_id` bigint(20) NOT NULL,
  PRIMARY KEY (`request_id`),
  KEY `FK3B9C79ED75D60A4` (`request_id`)
) ENGINE=InnoDB DEFAULT CHARSET=latin1;
/*!40101 SET character_set_client = @saved_cs_client */;

--
-- Dumping data for table `role_membership_req`
--

LOCK TABLES `role_membership_req` WRITE;
/*!40000 ALTER TABLE `role_membership_req` DISABLE KEYS */;
/*!40000 ALTER TABLE `role_membership_req` ENABLE KEYS */;
UNLOCK TABLES;

--
-- Table structure for table `roles`
--

DROP TABLE IF EXISTS `roles`;
/*!40101 SET @saved_cs_client     = @@character_set_client */;
/*!40101 SET character_set_client = utf8 */;
CREATE TABLE `roles` (
  `rid` bigint(20) NOT NULL AUTO_INCREMENT,
  `role` varchar(255) NOT NULL,
  PRIMARY KEY (`rid`),
  UNIQUE KEY `role` (`role`)
) ENGINE=InnoDB AUTO_INCREMENT=25 DEFAULT CHARSET=latin1;
/*!40101 SET character_set_client = @saved_cs_client */;

--
-- Dumping data for table `roles`
--

LOCK TABLES `roles` WRITE;
/*!40000 ALTER TABLE `roles` DISABLE KEYS */;
INSERT INTO `roles` VALUES (11,'Analysis'),(24,'Group-Admin'),(22,'pilot'),(21,'Production'),(2,'VO-Admin');
/*!40000 ALTER TABLE `roles` ENABLE KEYS */;
UNLOCK TABLES;

--
-- Table structure for table `seqnumber`
--

DROP TABLE IF EXISTS `seqnumber`;
/*!40101 SET @saved_cs_client     = @@character_set_client */;
/*!40101 SET character_set_client = utf8 */;
CREATE TABLE `seqnumber` (
  `seq` varchar(255) NOT NULL,
  PRIMARY KEY (`seq`)
) ENGINE=InnoDB DEFAULT CHARSET=latin1;
/*!40101 SET character_set_client = @saved_cs_client */;

--
-- Dumping data for table `seqnumber`
--

LOCK TABLES `seqnumber` WRITE;
/*!40000 ALTER TABLE `seqnumber` DISABLE KEYS */;
INSERT INTO `seqnumber` VALUES ('0');
/*!40000 ALTER TABLE `seqnumber` ENABLE KEYS */;
UNLOCK TABLES;

--
-- Table structure for table `sign_aup_task`
--

DROP TABLE IF EXISTS `sign_aup_task`;
/*!40101 SET @saved_cs_client     = @@character_set_client */;
/*!40101 SET character_set_client = utf8 */;
CREATE TABLE `sign_aup_task` (
  `task_id` bigint(20) NOT NULL,
  `aup_id` bigint(20) NOT NULL,
  PRIMARY KEY (`task_id`),
  KEY `FK7FCB416A32B8C70C` (`task_id`),
  KEY `FK7FCB416ADA1C6363` (`aup_id`)
) ENGINE=InnoDB DEFAULT CHARSET=latin1;
/*!40101 SET character_set_client = @saved_cs_client */;

--
-- Dumping data for table `sign_aup_task`
--

LOCK TABLES `sign_aup_task` WRITE;
/*!40000 ALTER TABLE `sign_aup_task` DISABLE KEYS */;
INSERT INTO `sign_aup_task` VALUES (6,2),(9,2),(12,2),(15,2),(18,2),(21,2),(27,2),(30,2),(36,2),(39,2);
/*!40000 ALTER TABLE `sign_aup_task` ENABLE KEYS */;
UNLOCK TABLES;

--
-- Table structure for table `tag_mapping`
--

DROP TABLE IF EXISTS `tag_mapping`;
/*!40101 SET @saved_cs_client     = @@character_set_client */;
/*!40101 SET character_set_client = utf8 */;
CREATE TABLE `tag_mapping` (
  `mapping_id` bigint(20) NOT NULL AUTO_INCREMENT,
  `tag_id` bigint(20) NOT NULL,
  `gid` bigint(20) NOT NULL,
  `rid` bigint(20) DEFAULT NULL,
  `admin_id` bigint(20) NOT NULL,
  PRIMARY KEY (`mapping_id`),
  UNIQUE KEY `tag_id` (`tag_id`,`gid`,`rid`,`admin_id`),
  KEY `fk_tag_mapping_roles` (`rid`),
  KEY `fk_tag_mapping_admins` (`admin_id`),
  KEY `fk_tag_mapping_groups` (`gid`),
  KEY `fk_tag_mapping_tag` (`tag_id`)
) ENGINE=InnoDB DEFAULT CHARSET=latin1;
/*!40101 SET character_set_client = @saved_cs_client */;

--
-- Dumping data for table `tag_mapping`
--

LOCK TABLES `tag_mapping` WRITE;
/*!40000 ALTER TABLE `tag_mapping` DISABLE KEYS */;
/*!40000 ALTER TABLE `tag_mapping` ENABLE KEYS */;
UNLOCK TABLES;

--
-- Table structure for table `tags`
--

DROP TABLE IF EXISTS `tags`;
/*!40101 SET @saved_cs_client     = @@character_set_client */;
/*!40101 SET character_set_client = utf8 */;
CREATE TABLE `tags` (
  `id` bigint(20) NOT NULL AUTO_INCREMENT,
  `name` varchar(255) NOT NULL,
  `implicit` bit(1) NOT NULL,
  `permissions` int(11) NOT NULL,
  `permissionsOnPath` int(11) DEFAULT NULL,
  PRIMARY KEY (`id`),
  UNIQUE KEY `name` (`name`)
) ENGINE=InnoDB DEFAULT CHARSET=latin1;
/*!40101 SET character_set_client = @saved_cs_client */;

--
-- Dumping data for table `tags`
--

LOCK TABLES `tags` WRITE;
/*!40000 ALTER TABLE `tags` DISABLE KEYS */;
/*!40000 ALTER TABLE `tags` ENABLE KEYS */;
UNLOCK TABLES;

--
-- Table structure for table `task`
--

DROP TABLE IF EXISTS `task`;
/*!40101 SET @saved_cs_client     = @@character_set_client */;
/*!40101 SET character_set_client = utf8 */;
CREATE TABLE `task` (
  `task_id` bigint(20) NOT NULL AUTO_INCREMENT,
  `completionDate` datetime DEFAULT NULL,
  `creationDate` datetime DEFAULT NULL,
  `expiryDate` datetime DEFAULT NULL,
  `status` varchar(255) NOT NULL,
  `admin_id` bigint(20) DEFAULT NULL,
  `task_type_id` bigint(20) NOT NULL,
  `usr_id` bigint(20) DEFAULT NULL,
  PRIMARY KEY (`task_id`),
  KEY `FK3635859AD54C57` (`task_type_id`),
  KEY `FK363585EE2D4487` (`usr_id`),
  KEY `FK363585A4AD9904` (`admin_id`)
) ENGINE=InnoDB AUTO_INCREMENT=40 DEFAULT CHARSET=latin1;
/*!40101 SET character_set_client = @saved_cs_client */;

--
-- Dumping data for table `task`
--

LOCK TABLES `task` WRITE;
/*!40000 ALTER TABLE `task` DISABLE KEYS */;
INSERT INTO `task` VALUES (6,'2016-07-25 11:36:20','2016-07-23 15:30:42','2016-08-07 15:30:42','COMPLETED',NULL,2,2),(9,'2016-08-18 12:59:19','2016-07-23 15:40:42','2016-08-07 15:40:42','COMPLETED',NULL,2,12),(12,'2016-07-29 11:00:39','2016-07-23 16:10:42','2016-08-07 16:10:42','COMPLETED',NULL,2,22),(15,'2016-07-25 13:03:01','2016-07-23 16:10:42','2016-08-07 16:10:42','COMPLETED',NULL,2,32),(18,'2016-08-18 12:59:04','2016-07-26 15:10:42','2016-08-10 15:10:42','COMPLETED',NULL,2,41),(21,'2016-08-18 12:58:48','2016-07-26 15:20:42','2016-08-10 15:20:42','COMPLETED',NULL,2,42),(27,'2016-08-18 12:58:24','2016-08-03 09:01:27','2016-08-18 09:01:27','COMPLETED',NULL,2,52),(30,'2016-08-18 12:58:06','2016-08-03 11:41:27','2016-08-18 11:41:27','COMPLETED',NULL,2,62),(36,NULL,'2016-08-12 13:11:27','2016-08-27 13:11:27','CREATED',NULL,2,72),(39,NULL,'2016-08-13 12:51:27','2016-08-28 12:51:27','CREATED',NULL,2,82);
/*!40000 ALTER TABLE `task` ENABLE KEYS */;
UNLOCK TABLES;

--
-- Table structure for table `task_log_record`
--

DROP TABLE IF EXISTS `task_log_record`;
/*!40101 SET @saved_cs_client     = @@character_set_client */;
/*!40101 SET character_set_client = utf8 */;
CREATE TABLE `task_log_record` (
  `id` bigint(20) NOT NULL AUTO_INCREMENT,
  `adminDn` varchar(255) DEFAULT NULL,
  `creation_time` datetime NOT NULL,
  `event` varchar(255) NOT NULL,
  `userDn` varchar(255) DEFAULT NULL,
  `task_id` bigint(20) NOT NULL,
  PRIMARY KEY (`id`),
  KEY `FK77673CA632B8C70C` (`task_id`)
) ENGINE=InnoDB AUTO_INCREMENT=82 DEFAULT CHARSET=latin1;
/*!40101 SET character_set_client = @saved_cs_client */;

--
-- Dumping data for table `task_log_record`
--

LOCK TABLES `task_log_record` WRITE;
/*!40000 ALTER TABLE `task_log_record` DISABLE KEYS */;
INSERT INTO `task_log_record` VALUES (6,NULL,'2016-07-23 15:30:42','CREATED',NULL,6),(9,NULL,'2016-07-23 15:40:42','CREATED',NULL,9),(12,NULL,'2016-07-23 16:10:42','CREATED',NULL,12),(15,NULL,'2016-07-23 16:10:42','CREATED',NULL,15),(21,NULL,'2016-07-25 11:36:20','COMPLETED','/DC=gov/DC=fnal/O=Fermilab/OU=People/CN=Joe B. Boyd/CN=UID:boyd',6),(24,NULL,'2016-07-25 13:03:01','COMPLETED','/DC=com/DC=DigiCert-Grid/O=Open Science Grid/OU=People/CN=Thomas Robert Junk 792',15),(30,NULL,'2016-07-26 15:10:42','CREATED',NULL,18),(33,NULL,'2016-07-26 15:20:42','CREATED',NULL,21),(39,NULL,'2016-07-29 11:00:39','COMPLETED','/DC=org/DC=opensciencegrid/O=Open Science Grid/OU=People/CN=Steve Timm 167',12),(45,NULL,'2016-08-03 09:01:27','CREATED',NULL,27),(48,NULL,'2016-08-03 11:41:27','CREATED',NULL,30),(54,NULL,'2016-08-12 13:11:27','CREATED',NULL,36),(60,NULL,'2016-08-13 12:51:27','CREATED',NULL,39),(69,NULL,'2016-08-18 12:58:06','COMPLETED','/DC=org/DC=cilogon/C=US/O=Fermi National Accelerator Laboratory/OU=People/CN=Ernesto Kemp/CN=UID:ekemp',30),(72,NULL,'2016-08-18 12:58:24','COMPLETED','/DC=gov/DC=fnal/O=Fermilab/OU=Robots/CN=fifegrid/CN=batch/CN=Alysia D. Marino/CN=UID:admarino',27),(75,NULL,'2016-08-18 12:58:48','COMPLETED','/DC=org/DC=cilogon/C=US/O=Fermi National Accelerator Laboratory/OU=People/CN=Glenn Horton-smith/CN=UID:gahs',21),(78,NULL,'2016-08-18 12:59:04','COMPLETED','/DC=gov/DC=fnal/O=Fermilab/OU=Robots/CN=fifegrid/CN=batch/CN=Thomas B. Wester/CN=UID:twester',18),(81,NULL,'2016-08-18 12:59:19','COMPLETED','/DC=gov/DC=fnal/O=Fermilab/OU=People/CN=Nicholas Peregonow/CN=UID:njp',9);
/*!40000 ALTER TABLE `task_log_record` ENABLE KEYS */;
UNLOCK TABLES;

--
-- Table structure for table `task_type`
--

DROP TABLE IF EXISTS `task_type`;
/*!40101 SET @saved_cs_client     = @@character_set_client */;
/*!40101 SET character_set_client = utf8 */;
CREATE TABLE `task_type` (
  `id` bigint(20) NOT NULL AUTO_INCREMENT,
  `description` varchar(255) DEFAULT NULL,
  `name` varchar(255) NOT NULL,
  PRIMARY KEY (`id`),
  UNIQUE KEY `name` (`name`)
) ENGINE=InnoDB AUTO_INCREMENT=13 DEFAULT CHARSET=latin1;
/*!40101 SET character_set_client = @saved_cs_client */;

--
-- Dumping data for table `task_type`
--

LOCK TABLES `task_type` WRITE;
/*!40000 ALTER TABLE `task_type` DISABLE KEYS */;
INSERT INTO `task_type` VALUES (2,'Tasks of this type are assigned to users that need to sign, or resign an AUP.','SignAUPTask'),(12,'Tasks of this type are assigned to VO admins that need to approve users\' requests.','ApproveUserRequestTask');
/*!40000 ALTER TABLE `task_type` ENABLE KEYS */;
UNLOCK TABLES;

--
-- Table structure for table `user_request_task`
--

DROP TABLE IF EXISTS `user_request_task`;
/*!40101 SET @saved_cs_client     = @@character_set_client */;
/*!40101 SET character_set_client = utf8 */;
CREATE TABLE `user_request_task` (
  `task_id` bigint(20) NOT NULL,
  `req_id` bigint(20) NOT NULL,
  PRIMARY KEY (`task_id`),
  KEY `FKACB7D2932B8C70C` (`task_id`),
  KEY `FKACB7D299D73AC35` (`req_id`)
) ENGINE=InnoDB DEFAULT CHARSET=latin1;
/*!40101 SET character_set_client = @saved_cs_client */;

--
-- Dumping data for table `user_request_task`
--

LOCK TABLES `user_request_task` WRITE;
/*!40000 ALTER TABLE `user_request_task` DISABLE KEYS */;
/*!40000 ALTER TABLE `user_request_task` ENABLE KEYS */;
UNLOCK TABLES;

--
-- Table structure for table `usr`
--

DROP TABLE IF EXISTS `usr`;
/*!40101 SET @saved_cs_client     = @@character_set_client */;
/*!40101 SET character_set_client = utf8 */;
CREATE TABLE `usr` (
  `userid` bigint(20) NOT NULL AUTO_INCREMENT,
  `address` varchar(255) DEFAULT NULL,
  `creation_time` datetime NOT NULL,
  `dn` varchar(255) DEFAULT NULL,
  `email_address` varchar(255) NOT NULL,
  `end_time` datetime NOT NULL,
  `institution` varchar(255) DEFAULT NULL,
  `name` varchar(255) DEFAULT NULL,
  `phone_number` varchar(255) DEFAULT NULL,
  `surname` varchar(255) DEFAULT NULL,
  `suspended` bit(1) DEFAULT NULL,
  `suspension_reason` varchar(255) DEFAULT NULL,
  `suspension_reason_code` varchar(255) DEFAULT NULL,
  `ca` smallint(6) DEFAULT NULL,
  PRIMARY KEY (`userid`),
  KEY `FK1C5947C6FEB32` (`ca`)
) ENGINE=InnoDB AUTO_INCREMENT=2124 DEFAULT CHARSET=latin1;
/*!40101 SET character_set_client = @saved_cs_client */;

--
-- Dumping data for table `usr`
--

LOCK TABLES `usr` WRITE;
/*!40000 ALTER TABLE `usr` DISABLE KEYS */;
INSERT INTO `usr` VALUES (2,'','2015-07-24 15:25:50','/DC=org/DC=cilogon/C=US/O=Fermi National Accelerator Laboratory/OU=People/CN=Joe B. Boyd/CN=UID:boyd','boyd@fnal.gov','2019-06-01 00:00:00','','','','','\0',NULL,NULL,NULL),(12,'','2015-07-24 15:32:59','/DC=org/DC=cilogon/C=US/O=Fermi National Accelerator Laboratory/OU=People/CN=Nicholas Peregonow/CN=UID:njp','njp@fnal.gov','2019-06-01 00:00:00','','Nicholas','','Peregonow','\0',NULL,NULL,NULL),(22,'','2015-07-24 16:02:59','/DC=org/DC=cilogon/C=US/O=Fermi National Accelerator Laboratory/OU=People/CN=Steven C. Timm/CN=UID:timm','timm@fnal.gov','2019-06-01 00:00:00','Fermilab','Steven','630 840 8525','Timm','\0',NULL,NULL,NULL),(32,'Mail Stop 221\nFermilab\nP. O. Box 500\nBatavia, IL 60510','2015-07-24 16:03:22','/DC=org/DC=cilogon/C=US/O=Fermi National Accelerator Laboratory/OU=People/CN=Thomas R. Junk/CN=UID:trj','trj@fnal.gov','2019-06-01 00:00:00','Fermilab','Thomas','6308403072','Junk','\0',NULL,NULL,NULL),(41,NULL,'2015-07-27 15:06:25','/DC=org/DC=cilogon/C=US/O=Fermi National Accelerator Laboratory/OU=People/CN=Thomas B. Wester/CN=UID:twester','unknown@fnal.gov','2019-06-01 00:00:00',NULL,NULL,NULL,NULL,'\0',NULL,NULL,NULL),(42,NULL,'2015-07-27 15:12:28','/DC=org/DC=cilogon/C=US/O=Fermi National Accelerator Laboratory/OU=People/CN=Glenn Horton-smith/CN=UID:gahs','unknown@fnal.gov','2019-06-01 00:00:00',NULL,NULL,NULL,NULL,'\0',NULL,NULL,NULL),(52,NULL,'2015-08-04 08:53:50','/DC=org/DC=cilogon/C=US/O=Fermi National Accelerator Laboratory/OU=People/CN=Alysia D. Marino/CN=UID:admarino','unknown@fnal.gov','2019-06-01 00:00:00',NULL,NULL,NULL,NULL,'\0',NULL,NULL,NULL),(62,NULL,'2015-08-04 11:36:28','/DC=org/DC=cilogon/C=US/O=Fermi National Accelerator Laboratory/OU=People/CN=Ernesto Kemp/CN=UID:ekemp','unknown@fnal.gov','2019-06-01 00:00:00',NULL,NULL,NULL,NULL,'\0',NULL,NULL,NULL),(72,NULL,'2015-08-13 13:10:57','/DC=org/DC=cilogon/C=US/O=Fermi National Accelerator Laboratory/OU=People/CN=Yasuhiro Nakajima/CN=UID:nakajima','unknown@fnal.gov','2019-06-01 00:00:00',NULL,NULL,NULL,NULL,'\0',NULL,NULL,NULL),(82,NULL,'2015-08-14 12:49:08','/DC=org/DC=cilogon/C=US/O=Fermi National Accelerator Laboratory/OU=People/CN=Samuel J. Kohn/CN=UID:skohn','unknown@fnal.gov','2019-06-01 00:00:00',NULL,NULL,NULL,NULL,'\0',NULL,NULL,NULL),(84,NULL,'2015-08-21 09:41:34','/DC=org/DC=cilogon/C=US/O=Fermi National Accelerator Laboratory/OU=People/CN=Branton M. Demoss/CN=UID:bdemoss','unknown@fnal.gov','2019-06-01 00:00:00',NULL,NULL,NULL,NULL,'\0',NULL,NULL,NULL),(87,'P.O. Box 500\r\nBatavia, IL 60510','2015-08-24 13:21:48','/DC=org/DC=cilogon/C=US/O=Fermi National Accelerator Laboratory/OU=People/CN=Alex I. Himmel/CN=UID:ahimmel','ahimmel@fna.gov','2019-06-01 00:00:00','Fermilab','Alex','6308404770','Himmel','\0',NULL,NULL,NULL),(88,NULL,'2015-08-26 14:30:28','/DC=org/DC=cilogon/C=US/O=Fermi National Accelerator Laboratory/OU=People/CN=Elisabetta Pennacchio/CN=UID:epennacc','unknown@fnal.gov','2019-06-01 00:00:00',NULL,NULL,NULL,NULL,'\0',NULL,NULL,NULL),(94,NULL,'2015-08-27 09:39:22','/DC=org/DC=cilogon/C=US/O=Fermi National Accelerator Laboratory/OU=People/CN=Ian J. Broderick/CN=UID:ibroderi','unknown@fnal.gov','2019-06-01 00:00:00',NULL,NULL,NULL,NULL,'\0',NULL,NULL,NULL),(97,NULL,'2015-09-03 13:11:08','/DC=org/DC=cilogon/C=US/O=Fermi National Accelerator Laboratory/OU=People/CN=Vyacheslav Galymov/CN=UID:vgalymov','unknown@fnal.gov','2019-06-01 00:00:00',NULL,NULL,NULL,NULL,'\0',NULL,NULL,NULL),(100,NULL,'2015-09-03 15:31:26','/DC=org/DC=cilogon/C=US/O=Fermi National Accelerator Laboratory/OU=People/CN=Anne E. Heavey/CN=UID:aheavey','aheavey@fnal.gov','2019-06-01 00:00:00',NULL,NULL,NULL,NULL,'\0',NULL,NULL,NULL),(103,NULL,'2015-09-03 15:37:08','/DC=org/DC=cilogon/C=US/O=Fermi National Accelerator Laboratory/OU=People/CN=Eileen F. Berman/CN=UID:berman','berman@fnal.gov','2019-06-01 00:00:00',NULL,NULL,NULL,NULL,'\0',NULL,NULL,NULL),(106,NULL,'2015-09-03 15:44:15','/DC=org/DC=cilogon/C=US/O=Fermi National Accelerator Laboratory/OU=People/CN=Mayly C. Sanchez/CN=UID:msanchez','msanchez@fnal.gov','2019-06-01 00:00:00',NULL,NULL,NULL,NULL,'\0',NULL,NULL,NULL),(109,NULL,'2015-09-03 15:44:16','/DC=gov/DC=fnal/O=Fermilab/OU=Robots/CN=gpsn01.fnal.gov/CN=cron/CN=Rob Kutschke/CN=UID:kutschke','kutschke@fnal.gov','2019-06-01 00:00:00',NULL,NULL,NULL,NULL,'\0',NULL,NULL,NULL),(112,NULL,'2015-09-03 15:44:17','/DC=org/DC=cilogon/C=US/O=Fermi National Accelerator Laboratory/OU=People/CN=Jiajie Ling/CN=UID:jjling','jjling@fnal.gov','2019-06-01 00:00:00',NULL,NULL,NULL,NULL,'\0',NULL,NULL,NULL),(115,NULL,'2015-09-03 15:44:19','/DC=org/DC=cilogon/C=US/O=Fermi National Accelerator Laboratory/OU=People/CN=Geralyn Zeller/CN=UID:gzeller','gzeller@fnal.gov','2019-06-01 00:00:00',NULL,NULL,NULL,NULL,'\0',NULL,NULL,NULL),(118,NULL,'2015-09-03 15:44:20','/DC=gov/DC=fnal/O=Fermilab/OU=Robots/CN=gpsn01.fnal.gov/CN=cron/CN=Brett M. Viren/CN=UID:bv','bv@fnal.gov','2019-06-01 00:00:00',NULL,NULL,NULL,NULL,'\0',NULL,NULL,NULL),(121,NULL,'2015-09-03 15:45:55','/DC=org/DC=cilogon/C=US/O=Fermi National Accelerator Laboratory/OU=People/CN=Brian J. Rebel/CN=UID:brebel','brebel@fnal.gov','2019-06-01 00:00:00',NULL,NULL,NULL,NULL,'\0',NULL,NULL,NULL),(127,NULL,'2015-09-03 15:46:01','/DC=org/DC=cilogon/C=US/O=Fermi National Accelerator Laboratory/OU=People/CN=Dennis D. Box/CN=UID:dbox','dbox@fnal.gov','2019-06-01 00:00:00',NULL,NULL,NULL,NULL,'\0',NULL,NULL,NULL),(151,NULL,'2015-09-03 15:46:21','/DC=org/DC=cilogon/C=US/O=Fermi National Accelerator Laboratory/OU=People/CN=Eric D. Church/CN=UID:echurch','echurch@fnal.gov','2019-06-01 00:00:00',NULL,NULL,NULL,NULL,'\0',NULL,NULL,NULL),(154,NULL,'2015-09-03 15:46:22','/DC=org/DC=cilogon/C=US/O=Fermi National Accelerator Laboratory/OU=People/CN=Gavin S. Davies/CN=UID:gsdavies','gsdavies@fnal.gov','2019-06-01 00:00:00',NULL,NULL,NULL,NULL,'\0',NULL,NULL,NULL),(157,NULL,'2015-09-03 15:46:24','/DC=org/DC=cilogon/C=US/O=Fermi National Accelerator Laboratory/OU=People/CN=Roxanne Guenette/CN=UID:guenette','guenette@fnal.gov','2019-06-01 00:00:00',NULL,NULL,NULL,NULL,'\0',NULL,NULL,NULL),(160,NULL,'2015-09-03 15:46:25','/DC=org/DC=cilogon/C=US/O=Fermi National Accelerator Laboratory/OU=People/CN=Xin Qian/CN=UID:xqian','xqian@fnal.gov','2019-06-01 00:00:00',NULL,NULL,NULL,NULL,'\0',NULL,NULL,NULL),(163,NULL,'2015-09-03 15:46:27','/DC=org/DC=cilogon/C=US/O=Fermi National Accelerator Laboratory/OU=People/CN=Anne E. Norrick/CN=UID:norrick','norrick@fnal.gov','2019-06-01 00:00:00',NULL,NULL,NULL,NULL,'\0',NULL,NULL,NULL),(166,NULL,'2015-09-03 15:46:29','/DC=org/DC=cilogon/C=US/O=Fermi National Accelerator Laboratory/OU=People/CN=Andrzej Szelc/CN=UID:andrzejs','andrzejs@fnal.gov','2019-06-01 00:00:00',NULL,NULL,NULL,NULL,'\0',NULL,NULL,NULL),(169,NULL,'2015-09-03 15:46:30','/DC=gov/DC=fnal/O=Fermilab/OU=Robots/CN=gpsn01.fnal.gov/CN=cron/CN=Jonathan T. Insler/CN=UID:jti3','jti3@fnal.gov','2019-06-01 00:00:00',NULL,NULL,NULL,NULL,'\0',NULL,NULL,NULL),(172,NULL,'2015-09-03 15:46:32','/DC=org/DC=cilogon/C=US/O=Fermi National Accelerator Laboratory/OU=People/CN=Tarek Akiri/CN=UID:akiri','akiri@fnal.gov','2019-06-01 00:00:00',NULL,NULL,NULL,NULL,'\0',NULL,NULL,NULL),(175,NULL,'2015-09-03 15:46:33','/DC=org/DC=cilogon/C=US/O=Fermi National Accelerator Laboratory/OU=People/CN=Victor M. Gehman/CN=UID:vmgehman','vmgehman@lbl.gov','2019-06-01 00:00:00',NULL,NULL,NULL,NULL,'\0',NULL,NULL,NULL),(178,NULL,'2015-09-03 15:46:35','/DC=org/DC=cilogon/C=US/O=Fermi National Accelerator Laboratory/OU=People/CN=Elena Guardincerri/CN=UID:guardi','elenaguardincerri@lanl.gov','2019-06-01 00:00:00',NULL,NULL,NULL,NULL,'\0',NULL,NULL,NULL),(181,NULL,'2015-09-03 15:46:37','/DC=org/DC=cilogon/C=US/O=Fermi National Accelerator Laboratory/OU=People/CN=Daniel D. Cherdack/CN=UID:cherdack','cherdack@fnal.gov','2019-06-01 00:00:00',NULL,NULL,NULL,NULL,'\0',NULL,NULL,NULL),(184,NULL,'2015-09-03 15:46:39','/DC=org/DC=cilogon/C=US/O=Fermi National Accelerator Laboratory/OU=People/CN=Igor Tropin/CN=UID:tropin','tropin@fnal.gov','2019-06-01 00:00:00',NULL,NULL,NULL,NULL,'\0',NULL,NULL,NULL),(187,NULL,'2015-09-03 15:46:41','/DC=org/DC=cilogon/C=US/O=Fermi National Accelerator Laboratory/OU=People/CN=Michael H. Kirby/CN=UID:kirby','kirby@fnal.gov','2019-06-01 00:00:00',NULL,NULL,NULL,NULL,'\0',NULL,NULL,NULL),(193,NULL,'2015-09-03 15:46:46','/DC=gov/DC=fnal/O=Fermilab/OU=Robots/CN=gpsn01.fnal.gov/CN=cron/CN=Laura Fields/CN=UID:ljf26','ljf26@fnal.gov','2019-06-01 00:00:00',NULL,NULL,NULL,NULL,'\0',NULL,NULL,NULL),(196,NULL,'2015-09-03 15:46:48','/DC=org/DC=cilogon/C=US/O=Fermi National Accelerator Laboratory/OU=People/CN=Tian Xin/CN=UID:txin','txin@iastate.edu','2019-06-01 00:00:00',NULL,NULL,NULL,NULL,'\0',NULL,NULL,NULL),(199,NULL,'2015-09-03 15:46:50','/DC=org/DC=cilogon/C=US/O=Fermi National Accelerator Laboratory/OU=People/CN=Junting Huang/CN=UID:junting','junting@physics.utexas.edu','2019-06-01 00:00:00',NULL,NULL,NULL,NULL,'\0',NULL,NULL,NULL),(202,NULL,'2015-09-03 15:46:51','/DC=org/DC=cilogon/C=US/O=Fermi National Accelerator Laboratory/OU=People/CN=Zepeng Li/CN=UID:zpli','zpli@fnal.gov','2019-06-01 00:00:00',NULL,NULL,NULL,NULL,'\0',NULL,NULL,NULL),(205,NULL,'2015-09-03 15:46:53','/DC=org/DC=cilogon/C=US/O=Fermi National Accelerator Laboratory/OU=People/CN=Igor L. Rakhno/CN=UID:rakhno','rakhno@fnal.gov','2019-06-01 00:00:00',NULL,NULL,NULL,NULL,'\0',NULL,NULL,NULL),(208,NULL,'2015-09-03 15:46:54','/DC=org/DC=cilogon/C=US/O=Fermi National Accelerator Laboratory/OU=People/CN=Ioana M. Anghel/CN=UID:omanghel','omanghel@fnal.gov','2019-06-01 00:00:00',NULL,NULL,NULL,NULL,'\0',NULL,NULL,NULL),(211,NULL,'2015-09-03 15:46:57','/DC=org/DC=cilogon/C=US/O=Fermi National Accelerator Laboratory/OU=People/CN=Michael H. Wang/CN=UID:mwang','mwang@fnal.gov','2019-06-01 00:00:00',NULL,NULL,NULL,NULL,'\0',NULL,NULL,NULL),(214,NULL,'2015-09-03 15:46:58','/DC=gov/DC=fnal/O=Fermilab/OU=Robots/CN=gpsn01.fnal.gov/CN=cron/CN=Henry Glass/CN=UID:glass','glass@fnal.gov','2019-06-01 00:00:00',NULL,NULL,NULL,NULL,'\0',NULL,NULL,NULL),(217,NULL,'2015-09-03 15:46:59','/DC=gov/DC=fnal/O=Fermilab/OU=Robots/CN=gpsn01.fnal.gov/CN=cron/CN=Richard W. Gran/CN=UID:rgran','rgran@fnal.gov','2019-06-01 00:00:00',NULL,NULL,NULL,NULL,'\0',NULL,NULL,NULL),(220,NULL,'2015-09-03 15:47:01','/DC=gov/DC=fnal/O=Fermilab/OU=Robots/CN=gpsn01.fnal.gov/CN=cron/CN=Matthew J. Wetstein/CN=UID:wetstein','mwetstein@uchicago.edu','2019-06-01 00:00:00',NULL,NULL,NULL,NULL,'\0',NULL,NULL,NULL),(223,NULL,'2015-09-03 15:47:03','/DC=org/DC=cilogon/C=US/O=Fermi National Accelerator Laboratory/OU=People/CN=Lisa A. Whitehead/CN=UID:whitehd','whitehd@fnal.gov','2019-06-01 00:00:00',NULL,NULL,NULL,NULL,'\0',NULL,NULL,NULL),(226,NULL,'2015-09-03 15:47:04','/DC=org/DC=cilogon/C=US/O=Fermi National Accelerator Laboratory/OU=People/CN=Matthew Bass/CN=UID:mibass','mibass@fnal.gov','2019-06-01 00:00:00',NULL,NULL,NULL,NULL,'\0',NULL,NULL,NULL),(229,NULL,'2015-09-03 15:47:06','/DC=org/DC=cilogon/C=US/O=Fermi National Accelerator Laboratory/OU=People/CN=Edward Kearns/CN=UID:kearns','kearns@bu.edu','2019-06-01 00:00:00',NULL,NULL,NULL,NULL,'\0',NULL,NULL,NULL),(232,NULL,'2015-09-03 15:47:08','/DC=org/DC=cilogon/C=US/O=Fermi National Accelerator Laboratory/OU=People/CN=Jae J. Kim/CN=UID:kimjj','kimjj@fnal.gov','2019-06-01 00:00:00',NULL,NULL,NULL,NULL,'\0',NULL,NULL,NULL),(235,NULL,'2015-09-03 15:47:09','/DC=org/DC=cilogon/C=US/O=Fermi National Accelerator Laboratory/CN=Vittorio Paolone A18056','paolonepitt@gmail.com','2019-06-01 00:00:00',NULL,NULL,NULL,NULL,'\0',NULL,NULL,NULL),(238,NULL,'2015-09-03 15:47:11','/DC=org/DC=cilogon/C=US/O=Fermi National Accelerator Laboratory/OU=People/CN=Seong tae Park/CN=UID:seongtae','seongtae@uta.edu','2019-06-01 00:00:00',NULL,NULL,NULL,NULL,'\0',NULL,NULL,NULL),(241,NULL,'2015-09-03 15:47:12','/DC=org/DC=cilogon/C=US/O=Fermi National Accelerator Laboratory/OU=People/CN=Tyler D. Alion/CN=UID:talion','tylerdalion@gmail.com','2019-06-01 00:00:00',NULL,NULL,NULL,NULL,'\0',NULL,NULL,NULL),(244,NULL,'2015-09-03 15:47:14','/DC=gov/DC=fnal/O=Fermilab/OU=Robots/CN=gpsn01.fnal.gov/CN=cron/CN=Libo Jiang/CN=UID:jiangl','jiangl@fnal.gov','2019-06-01 00:00:00',NULL,NULL,NULL,NULL,'\0',NULL,NULL,NULL),(247,NULL,'2015-09-03 15:47:15','/C=UK/O=eScience/OU=Sheffield/L=CICS/CN=jonathan perkin','j.perkin@shef.ac.uk','2019-06-01 00:00:00',NULL,NULL,NULL,NULL,'\0',NULL,NULL,NULL),(250,NULL,'2015-09-03 15:47:17','/DC=org/DC=cilogon/C=US/O=Fermi National Accelerator Laboratory/OU=People/CN=Naga deepthi Kuchibhatla/CN=UID:deepthi9','deepthi9@fnal.gov','2019-06-01 00:00:00',NULL,NULL,NULL,NULL,'\0',NULL,NULL,NULL),(253,NULL,'2015-09-03 15:47:18','/DC=org/DC=cilogon/C=US/O=Fermi National Accelerator Laboratory/OU=People/CN=Erika Catano mur/CN=UID:ecatanom','ecatanom@iastate.edu','2019-06-01 00:00:00',NULL,NULL,NULL,NULL,'\0',NULL,NULL,NULL),(256,NULL,'2015-09-03 15:47:20','/DC=org/DC=cilogon/C=US/O=Fermi National Accelerator Laboratory/OU=People/CN=Matthew G. Hogan/CN=UID:h0g4nm4n','h0g4nm4n@fnal.gov','2019-06-01 00:00:00',NULL,NULL,NULL,NULL,'\0',NULL,NULL,NULL),(259,NULL,'2015-09-03 15:47:22','/DC=org/DC=cilogon/C=US/O=Fermi National Accelerator Laboratory/OU=People/CN=Thomas Knief/CN=UID:tkn76ief','tkn76ief@fnal.gov','2019-06-01 00:00:00',NULL,NULL,NULL,NULL,'\0',NULL,NULL,NULL),(262,NULL,'2015-09-03 15:47:23','/DC=gov/DC=fnal/O=Fermilab/OU=Robots/CN=gpsn01.fnal.gov/CN=cron/CN=Andrea Shacklock/CN=UID:ashacklo','ashacklo@rams.colostate.edu','2019-06-01 00:00:00',NULL,NULL,NULL,NULL,'\0',NULL,NULL,NULL),(265,NULL,'2015-09-03 15:47:25','/DC=org/DC=cilogon/C=US/O=Fermi National Accelerator Laboratory/OU=People/CN=Timothy B. Watson/CN=UID:tbw6971','tbw6971@fnal.gov','2019-06-01 00:00:00',NULL,NULL,NULL,NULL,'\0',NULL,NULL,NULL),(268,NULL,'2015-09-03 15:47:27','/DC=gov/DC=fnal/O=Fermilab/OU=Robots/CN=gpsn01.fnal.gov/CN=cron/CN=Ryan M. Wasserman/CN=UID:rwasser','rwasser@fnal.gov','2019-06-01 00:00:00',NULL,NULL,NULL,NULL,'\0',NULL,NULL,NULL),(271,NULL,'2015-09-03 15:47:28','/DC=org/DC=cilogon/C=US/O=Fermi National Accelerator Laboratory/OU=People/CN=Amit Bashyal/CN=UID:bashyal8','bashyal8@fnal.gov','2019-06-01 00:00:00',NULL,NULL,NULL,NULL,'\0',NULL,NULL,NULL),(274,NULL,'2015-09-03 15:47:30','/DC=org/DC=cilogon/C=US/O=Fermi National Accelerator Laboratory/OU=People/CN=Xinchun Tian/CN=UID:tianxc','tianxc@fnal.gov','2019-06-01 00:00:00',NULL,NULL,NULL,NULL,'\0',NULL,NULL,NULL),(277,NULL,'2015-09-03 15:47:32','/DC=org/DC=cilogon/C=US/O=Fermi National Accelerator Laboratory/OU=People/CN=Hyun keun Ahn/CN=UID:hahn1123','hahn1123@fnal.gov','2019-06-01 00:00:00',NULL,NULL,NULL,NULL,'\0',NULL,NULL,NULL),(280,NULL,'2015-09-03 15:47:33','/DC=gov/DC=fnal/O=Fermilab/OU=Robots/CN=gpsn01.fnal.gov/CN=cron/CN=Brian Terry/CN=UID:brian1','brian1@fnal.gov','2019-06-01 00:00:00',NULL,NULL,NULL,NULL,'\0',NULL,NULL,NULL),(283,NULL,'2015-09-03 15:47:35','/C=UK/O=eScience/OU=Sussex/L=ITServices/CN=jeffrey hartnell','j.j.hartnell@sussex.ac.uk','2019-06-01 00:00:00',NULL,NULL,NULL,NULL,'\0',NULL,NULL,NULL),(286,NULL,'2015-09-03 15:47:37','/DC=org/DC=cilogon/C=US/O=Fermi National Accelerator Laboratory/OU=People/CN=Jeffrey J. Hartnell/CN=UID:hartnell','j.j.hartnell@sussex.ac.uk','2019-06-01 00:00:00',NULL,NULL,NULL,NULL,'\0',NULL,NULL,NULL),(289,NULL,'2015-09-03 15:47:38','/DC=org/DC=cilogon/C=US/O=Fermi National Accelerator Laboratory/OU=People/CN=Jaroslaw A. Nowak/CN=UID:janow','janow@fnal.gov','2019-06-01 00:00:00',NULL,NULL,NULL,NULL,'\0',NULL,NULL,NULL),(295,NULL,'2015-09-03 15:47:41','/DC=org/DC=cilogon/C=US/O=Fermi National Accelerator Laboratory/OU=People/CN=Amol Vaidya/CN=UID:avaidya','avaidya@fnal.gov','2019-06-01 00:00:00',NULL,NULL,NULL,NULL,'\0',NULL,NULL,NULL),(298,NULL,'2015-09-03 15:47:43','/DC=gov/DC=fnal/O=Fermilab/OU=Robots/CN=gpsn01.fnal.gov/CN=cron/CN=Paul Lebrun/CN=UID:lebrun','lebrun@fnal.gov','2019-06-01 00:00:00',NULL,NULL,NULL,NULL,'\0',NULL,NULL,NULL),(301,NULL,'2015-09-03 15:47:44','/DC=gov/DC=fnal/O=Fermilab/OU=Robots/CN=gpsn01.fnal.gov/CN=cron/CN=Hu Liu/CN=UID:itigeru0','itigeru0@fnal.gov','2019-06-01 00:00:00',NULL,NULL,NULL,NULL,'\0',NULL,NULL,NULL),(304,NULL,'2015-09-03 15:47:46','/DC=org/DC=cilogon/C=US/O=Fermi National Accelerator Laboratory/OU=People/CN=Babu Bhandari/CN=UID:babu2038','babu2038@fnal.gov','2019-06-01 00:00:00',NULL,NULL,NULL,NULL,'\0',NULL,NULL,NULL),(307,NULL,'2015-09-03 15:47:48','/DC=org/DC=cilogon/C=US/O=Fermi National Accelerator Laboratory/OU=People/CN=Bernard Nuar/CN=UID:bbn4303','bernard.nuar@mavs.uta.edu','2019-06-01 00:00:00',NULL,NULL,NULL,NULL,'\0',NULL,NULL,NULL),(310,NULL,'2015-09-03 15:47:49','/DC=gov/DC=fnal/O=Fermilab/OU=Robots/CN=gpsn01.fnal.gov/CN=cron/CN=Michael Diesburg/CN=UID:diesburg','diesburg@fnal.gov','2019-06-01 00:00:00',NULL,NULL,NULL,NULL,'\0',NULL,NULL,NULL),(313,NULL,'2015-09-03 15:47:51','/DC=gov/DC=fnal/O=Fermilab/OU=Robots/CN=gpsn01.fnal.gov/CN=cron/CN=Sepideh Shahsavarani/CN=UID:sxs4736','sepideh.shahsavarani@mavs.uta.edu','2019-06-01 00:00:00',NULL,NULL,NULL,NULL,'\0',NULL,NULL,NULL),(316,NULL,'2015-09-03 15:47:53','/DC=org/DC=cilogon/C=US/O=Fermi National Accelerator Laboratory/OU=People/CN=Qizhong Li/CN=UID:qzli','qzli@fnal.gov','2019-06-01 00:00:00',NULL,NULL,NULL,NULL,'\0',NULL,NULL,NULL),(319,NULL,'2015-09-03 15:47:55','/DC=org/DC=cilogon/C=US/O=Fermi National Accelerator Laboratory/OU=People/CN=Elizabeth Worcester/CN=UID:seturner','seturner@fnal.gov','2019-06-01 00:00:00',NULL,NULL,NULL,NULL,'\0',NULL,NULL,NULL),(322,NULL,'2015-09-03 15:47:56','/DC=org/DC=cilogon/C=US/O=Fermi National Accelerator Laboratory/OU=People/CN=Yujing Sun/CN=UID:ysun','ysun@fnal.gov','2019-06-01 00:00:00',NULL,NULL,NULL,NULL,'\0',NULL,NULL,NULL),(325,NULL,'2015-09-03 15:47:58','/DC=org/DC=cilogon/C=US/O=Fermi National Accelerator Laboratory/OU=People/CN=Marc W. Mengel/CN=UID:mengel','mengel@fnal.gov','2019-06-01 00:00:00',NULL,NULL,NULL,NULL,'\0',NULL,NULL,NULL),(328,NULL,'2015-09-03 15:48:00','/DC=org/DC=cilogon/C=US/O=Fermi National Accelerator Laboratory/OU=People/CN=Maria jose Bustamante rosell/CN=UID:maj0bur0','maj0bur0@fnal.gov','2019-06-01 00:00:00',NULL,NULL,NULL,NULL,'\0',NULL,NULL,NULL),(331,NULL,'2015-09-03 15:48:02','/DC=org/DC=cilogon/C=US/O=Fermi National Accelerator Laboratory/OU=People/CN=Maxim Potekhin/CN=UID:potekhin','potekhin@bnl.gov','2019-06-01 00:00:00',NULL,NULL,NULL,NULL,'\0',NULL,NULL,NULL),(334,NULL,'2015-09-03 15:48:03','/DC=org/DC=cilogon/C=US/O=Fermi National Accelerator Laboratory/OU=People/CN=Arthur E. Kreymer/CN=UID:kreymer','kreymer@fnal.gov','2019-06-01 00:00:00',NULL,NULL,NULL,NULL,'\0',NULL,NULL,NULL),(337,NULL,'2015-09-03 15:48:05','/DC=org/DC=cilogon/C=US/O=Fermi National Accelerator Laboratory/OU=People/CN=Martin Richardson/CN=UID:fpa06mr1','martin.richardson@sheffield.ac.uk','2019-06-01 00:00:00',NULL,NULL,NULL,NULL,'\0',NULL,NULL,NULL),(340,NULL,'2015-09-03 15:48:07','/DC=org/DC=cilogon/C=US/O=Fermi National Accelerator Laboratory/OU=People/CN=Joshua Bolton/CN=UID:jdb8929','joshua.bolton@mavs.uta.edu','2019-06-01 00:00:00',NULL,NULL,NULL,NULL,'\0',NULL,NULL,NULL),(343,'','2015-09-03 15:48:09','/DC=gov/DC=fnal/O=Fermilab/OU=Robots/CN=gpsn01.fnal.gov/CN=cron/CN=Stuart C. Fuess/CN=UID:fuess','fuess@fnal.gov','2019-06-01 00:00:00','Fermillab','Stuart','','Fuess','\0',NULL,NULL,NULL),(346,NULL,'2015-09-03 15:48:12','/DC=com/DC=DigiCert-Grid/O=Open Science Grid/OU=Services/CN=gfrontend/fifebatch1.fnal.gov','boyd@fnal.gov','2019-06-01 00:00:00',NULL,NULL,NULL,NULL,'\0',NULL,NULL,NULL),(349,NULL,'2015-09-03 15:48:14','/DC=org/DC=cilogon/C=US/O=Fermi National Accelerator Laboratory/OU=People/CN=Jeremy E. Hewes/CN=UID:jhewes15','Jeremy.Hewes@manchester.ac.uk','2019-06-01 00:00:00',NULL,NULL,NULL,NULL,'\0',NULL,NULL,NULL),(352,NULL,'2015-09-03 15:48:16','/DC=org/DC=cilogon/C=US/O=Fermi National Accelerator Laboratory/OU=People/CN=Matthew P. Worcester/CN=UID:mworcest','mworcest@fnal.gov','2019-06-01 00:00:00',NULL,NULL,NULL,NULL,'\0',NULL,NULL,NULL),(355,NULL,'2015-09-03 15:48:17','/C=UK/O=eScience/OU=Liverpool/L=CSD/CN=georgios christodoulou','georgios@hep.ph.liv.ac.uk','2019-06-01 00:00:00',NULL,NULL,NULL,NULL,'\0',NULL,NULL,NULL),(358,NULL,'2015-09-03 15:48:18','/DC=org/DC=cilogon/C=US/O=Fermi National Accelerator Laboratory/OU=People/CN=Jay B. Lundy/CN=UID:jbl5120','jbl5120@fnal.gov','2019-06-01 00:00:00',NULL,NULL,NULL,NULL,'\0',NULL,NULL,NULL),(361,NULL,'2015-09-03 15:48:20','/DC=org/DC=cilogon/C=US/O=Fermi National Accelerator Laboratory/OU=People/CN=Mark Convery/CN=UID:mconvery','mconvery@fnal.gov','2019-06-01 00:00:00',NULL,NULL,NULL,NULL,'\0',NULL,NULL,NULL),(364,NULL,'2015-09-03 15:48:23','/DC=com/DC=DigiCert-Grid/O=Open Science Grid/OU=People/CN=Kenneth Herner 1385','kherner@fnal.gov','2019-06-01 00:00:00',NULL,NULL,NULL,NULL,'\0',NULL,NULL,NULL),(367,NULL,'2015-09-03 15:48:25','/DC=org/DC=cilogon/C=US/O=Fermi National Accelerator Laboratory/OU=People/CN=Alexandre B. Pereira sousa/CN=UID:asousa','asousa@fnal.gov','2019-06-01 00:00:00',NULL,NULL,NULL,NULL,'\0',NULL,NULL,NULL),(370,NULL,'2015-09-03 15:48:27','/DC=com/DC=DigiCert-Grid/O=Open Science Grid/OU=People/CN=Tanya Levshina 304','tlevshin@fnal.gov','2019-06-01 00:00:00',NULL,NULL,NULL,NULL,'\0',NULL,NULL,NULL),(373,NULL,'2015-09-03 15:48:29','/DC=org/DC=cilogon/C=US/O=Fermi National Accelerator Laboratory/OU=People/CN=Yi Jia/CN=UID:echo315','jiayi4315@gmail.com','2019-06-01 00:00:00',NULL,NULL,NULL,NULL,'\0',NULL,NULL,NULL),(376,NULL,'2015-09-03 15:48:30','/DC=org/DC=cilogon/C=US/O=Fermi National Accelerator Laboratory/OU=People/CN=Casandra H. Morris/CN=UID:dani83','dani83@fnal.gov','2019-06-01 00:00:00',NULL,NULL,NULL,NULL,'\0',NULL,NULL,NULL),(379,NULL,'2015-09-03 15:48:32','/DC=org/DC=cilogon/C=US/O=Fermi National Accelerator Laboratory/OU=People/CN=Sarah L. Mancina/CN=UID:smanc1na','smanc1na@fnal.gov','2019-06-01 00:00:00',NULL,NULL,NULL,NULL,'\0',NULL,NULL,NULL),(382,NULL,'2015-09-03 15:48:34','/DC=com/DC=DigiCert-Grid/O=Open Science Grid/OU=People/CN=Ofer Rind 1423','rind@bnl.gov','2019-06-01 00:00:00',NULL,NULL,NULL,NULL,'\0',NULL,NULL,NULL),(385,NULL,'2015-09-03 15:48:36','/DC=com/DC=DigiCert-Grid/O=Open Science Grid/OU=People/CN=Hironori Ito 621','hito@bnl.gov','2019-06-01 00:00:00',NULL,NULL,NULL,NULL,'\0',NULL,NULL,NULL),(388,NULL,'2015-09-03 15:48:38','/DC=com/DC=DigiCert-Grid/O=Open Science Grid/OU=People/CN=Jaroslava Schovancova LBNE','jschovan@bnl.gov','2019-06-01 00:00:00',NULL,NULL,NULL,NULL,'\0',NULL,NULL,NULL),(391,NULL,'2015-09-03 15:48:39','/DC=com/DC=DigiCert-Grid/O=Open Science Grid/OU=People/CN=Brett Viren 2598','bv@bnl.gov','2019-06-01 00:00:00',NULL,NULL,NULL,NULL,'\0',NULL,NULL,NULL),(394,NULL,'2015-09-03 15:48:40','/DC=org/DC=cilogon/C=US/O=Fermi National Accelerator Laboratory/OU=People/CN=Jonathan Davies/CN=UID:jpdavies','jpdavies@fnal.gov','2019-06-01 00:00:00',NULL,NULL,NULL,NULL,'\0',NULL,NULL,NULL),(397,NULL,'2015-09-03 15:48:42','/DC=org/DC=cilogon/C=US/O=Fermi National Accelerator Laboratory/OU=People/CN=Gleb Sinev/CN=UID:gvsinev','gvsinev@fnal.gov','2019-06-01 00:00:00',NULL,NULL,NULL,NULL,'\0',NULL,NULL,NULL),(400,NULL,'2015-09-03 15:48:44','/DC=org/DC=cilogon/C=US/O=Fermi National Accelerator Laboratory/OU=People/CN=Chao Zhang/CN=UID:chaoz','chao@bnl.gov','2019-06-01 00:00:00',NULL,NULL,NULL,NULL,'\0',NULL,NULL,NULL),(403,NULL,'2015-09-03 15:48:46','/DC=org/DC=cilogon/C=US/O=Fermi National Accelerator Laboratory/OU=People/CN=Quynh Nguyen/CN=UID:quynh','quynh@fnal.gov','2019-06-01 00:00:00',NULL,NULL,NULL,NULL,'\0',NULL,NULL,NULL),(406,NULL,'2015-09-03 15:48:47','/DC=org/DC=cilogon/C=US/O=Fermi National Accelerator Laboratory/OU=People/CN=Musser J. Musser/CN=UID:rm817','ronald.musser@mavs.uta.edu','2019-06-01 00:00:00',NULL,NULL,NULL,NULL,'\0',NULL,NULL,NULL),(409,NULL,'2015-09-03 15:48:49','/DC=org/DC=cilogon/C=US/O=Fermi National Accelerator Laboratory/OU=People/CN=Zelimir Djurcic/CN=UID:zdjurcic','zdjurcic@fnal.gov','2019-06-01 00:00:00',NULL,NULL,NULL,NULL,'\0',NULL,NULL,NULL),(412,NULL,'2015-09-03 15:48:51','/DC=org/DC=cilogon/C=US/O=Fermi National Accelerator Laboratory/OU=People/CN=Kevin Wood/CN=UID:kwood','woodkr3@email.sc.edu','2019-06-01 00:00:00',NULL,NULL,NULL,NULL,'\0',NULL,NULL,NULL),(415,NULL,'2015-09-03 15:48:53','/DC=org/DC=cilogon/C=US/O=Fermi National Accelerator Laboratory/OU=People/CN=Thales V. Vieira/CN=UID:thalesv','thalesv@fnal.gov','2019-06-01 00:00:00',NULL,NULL,NULL,NULL,'\0',NULL,NULL,NULL),(418,NULL,'2015-09-03 15:48:55','testCERT','gerard1@fnal.gov','2019-06-01 00:00:00',NULL,NULL,NULL,NULL,'\0',NULL,NULL,NULL),(421,NULL,'2015-09-03 15:48:57','/DC=org/DC=cilogon/C=US/O=Fermi National Accelerator Laboratory/OU=People/CN=Tristan D. Blackburn/CN=UID:tristan','tristan@fnal.gov','2019-06-01 00:00:00',NULL,NULL,NULL,NULL,'\0',NULL,NULL,NULL),(424,NULL,'2015-09-03 15:48:59','/DC=com/DC=DigiCert-Grid/O=Open Science Grid/OU=People/CN=Brian Kirby 2737','bkirby@bnl.gov','2019-06-01 00:00:00',NULL,NULL,NULL,NULL,'\0',NULL,NULL,NULL),(427,NULL,'2015-09-03 15:49:00','/DC=org/DC=cilogon/C=US/O=Fermi National Accelerator Laboratory/OU=People/CN=Carly Taylor/CN=UID:cntaylor','cntaylor@fnal.gov','2019-06-01 00:00:00',NULL,NULL,NULL,NULL,'\0',NULL,NULL,NULL),(430,NULL,'2015-09-03 15:49:02','/DC=org/DC=cilogon/C=US/O=Fermi National Accelerator Laboratory/OU=People/CN=Muhammad Elnimr/CN=UID:melnimr','melnimr@fnal.gov','2019-06-01 00:00:00',NULL,NULL,NULL,NULL,'\0',NULL,NULL,NULL),(433,NULL,'2015-09-03 15:49:04','/DC=com/DC=DigiCert-Grid/O=Open Science Grid/OU=People/CN=David Adams 1571','dladams@bnl.gov','2019-06-01 00:00:00',NULL,NULL,NULL,NULL,'\0',NULL,NULL,NULL),(436,NULL,'2015-09-03 15:49:05','/DC=org/DC=cilogon/C=US/O=ProtectNetwork/CN=Francesco Tortorici A15481','francesco.tortorici@ct.infn.it','2019-06-01 00:00:00',NULL,NULL,NULL,NULL,'\0',NULL,NULL,NULL),(439,'P.O. Box 500\nBatavia, IL 60510','2015-09-03 15:49:07','/DC=gov/DC=fnal/O=Fermilab/OU=Robots/CN=gpsn01.fnal.gov/CN=cron/CN=Tingjun Yang/CN=UID:tjyang','tjyang@fnal.gov','2019-06-01 00:00:00','Fermilab','Tingjun','6308404723','Yang','\0',NULL,NULL,NULL),(442,'','2015-09-03 15:49:09','/DC=org/DC=cilogon/C=US/O=Fermi National Accelerator Laboratory/OU=People/CN=Thomas K. Warburton/CN=UID:php13tkw','tkwarburton1@sheffield.ac.uk','2019-06-01 00:00:00','Sheffield','Karl','3313051802','Warburton','\0',NULL,NULL,NULL),(445,NULL,'2015-09-03 15:49:12','/DC=org/DC=cilogon/C=US/O=Fermi National Accelerator Laboratory/OU=People/CN=Herbert Greenlee/CN=UID:greenlee','greenlee@fnal.gov','2019-06-01 00:00:00',NULL,NULL,NULL,NULL,'\0',NULL,NULL,NULL),(448,NULL,'2015-09-03 15:49:13','/DC=org/DC=cilogon/C=US/O=Fermi National Accelerator Laboratory/OU=People/CN=Matthew C. Tamsett/CN=UID:tamsett','tamsett@fnal.gov','2019-06-01 00:00:00',NULL,NULL,NULL,NULL,'\0',NULL,NULL,NULL),(451,NULL,'2015-09-03 15:49:15','/DC=org/DC=cilogon/C=US/O=Fermi National Accelerator Laboratory/OU=People/CN=Michael J. Wallbank/CN=UID:wallbank','wallbank@fnal.gov','2019-06-01 00:00:00',NULL,NULL,NULL,NULL,'\0',NULL,NULL,NULL),(454,NULL,'2015-09-03 15:49:17','/DC=org/DC=cilogon/C=US/O=Fermi National Accelerator Laboratory/OU=People/CN=Animesh Chatterjee/CN=UID:achatter','achatter@fnal.gov','2019-06-01 00:00:00',NULL,NULL,NULL,NULL,'\0',NULL,NULL,NULL),(457,NULL,'2015-09-03 15:49:19','/DC=org/DC=cilogon/C=US/O=Fermi National Accelerator Laboratory/OU=People/CN=Ohana B. Rodrigues/CN=UID:ohanabr','ohanabr@fnal.gov','2019-06-01 00:00:00',NULL,NULL,NULL,NULL,'\0',NULL,NULL,NULL),(460,NULL,'2015-09-03 15:49:21','/DC=org/DC=cilogon/C=US/O=Fermi National Accelerator Laboratory/OU=People/CN=Michael Mooney/CN=UID:mrmooney','mooney@bnl.gov','2019-06-01 00:00:00',NULL,NULL,NULL,NULL,'\0',NULL,NULL,NULL),(463,NULL,'2015-09-03 15:49:23','/DC=org/DC=cilogon/C=US/O=Fermi National Accelerator Laboratory/OU=People/CN=Nikolai Mokhov/CN=UID:mokhov','mokhov@fnal.gov','2019-06-01 00:00:00',NULL,NULL,NULL,NULL,'\0',NULL,NULL,NULL),(466,NULL,'2015-09-03 15:49:24','/DC=org/DC=cilogon/C=US/O=Fermi National Accelerator Laboratory/OU=People/CN=Guang Zhao/CN=UID:zhaog','zhaog@fnal.gov','2019-06-01 00:00:00',NULL,NULL,NULL,NULL,'\0',NULL,NULL,NULL),(469,NULL,'2015-09-03 15:49:26','/DC=org/DC=cilogon/C=US/O=Fermi National Accelerator Laboratory/OU=People/CN=John J. Back/CN=UID:jback','J.J.Back@warwick.ac.uk','2019-06-01 00:00:00',NULL,NULL,NULL,NULL,'\0',NULL,NULL,NULL),(472,NULL,'2015-09-03 15:49:28','/DC=org/DC=cilogon/C=US/O=Fermi National Accelerator Laboratory/OU=People/CN=Erik K. Blaufuss/CN=UID:blaufuss','blaufuss@icecube.umd.edu','2019-06-01 00:00:00',NULL,NULL,NULL,NULL,'\0',NULL,NULL,NULL),(475,NULL,'2015-09-03 15:49:31','/DC=gov/DC=fnal/O=Fermilab/OU=Robots/CN=gpsn01.fnal.gov/CN=cron/CN=Jyoti Joshi/CN=UID:jyoti','joshi@fnal.gov','2019-06-01 00:00:00',NULL,NULL,NULL,NULL,'\0',NULL,NULL,NULL),(478,NULL,'2015-09-03 15:49:32','/DC=org/DC=cilogon/C=US/O=Fermi National Accelerator Laboratory/OU=People/CN=Dave Dykstra/CN=UID:dwd','dwd@fnal.gov','2019-06-01 00:00:00',NULL,NULL,NULL,NULL,'\0',NULL,NULL,NULL),(481,NULL,'2015-09-03 15:49:33','/DC=org/DC=cilogon/C=US/O=Fermi National Accelerator Laboratory/OU=People/CN=Ranjan Dharmapalan/CN=UID:ranjan','rdharmapalan@anl.gov','2019-06-01 00:00:00',NULL,NULL,NULL,NULL,'\0',NULL,NULL,NULL),(484,NULL,'2015-09-03 15:49:35','/DC=org/DC=cilogon/C=US/O=Fermi National Accelerator Laboratory/OU=People/CN=Samantha A. Fortuna/CN=UID:sfortuna','sfortuna@fnal.gov','2019-06-01 00:00:00',NULL,NULL,NULL,NULL,'\0',NULL,NULL,NULL),(487,NULL,'2015-09-03 15:49:37','/DC=org/DC=cilogon/C=US/O=Fermi National Accelerator Laboratory/OU=People/CN=Jyotsna Singh/CN=UID:jsingh2','jyo2210@yahoo.co.in','2019-06-01 00:00:00',NULL,NULL,NULL,NULL,'\0',NULL,NULL,NULL),(490,NULL,'2015-09-03 15:49:39','/DC=org/DC=cilogon/C=US/O=Fermi National Accelerator Laboratory/OU=People/CN=Kapil Aryal/CN=UID:karyal','kapil.aryal@mavs.uta.edu','2019-06-01 00:00:00',NULL,NULL,NULL,NULL,'\0',NULL,NULL,NULL),(493,NULL,'2015-09-03 15:49:41','/DC=org/DC=cilogon/C=US/O=Fermi National Accelerator Laboratory/OU=People/CN=Monica N. Avila/CN=UID:mavila','monica.avila@mavs.uta.edu','2019-06-01 00:00:00',NULL,NULL,NULL,NULL,'\0',NULL,NULL,NULL),(496,NULL,'2015-09-03 15:49:43','/DC=org/DC=cilogon/C=US/O=Fermi National Accelerator Laboratory/OU=People/CN=Kim truc T. Nguyen/CN=UID:knguyen','truc.nguyen65@mavs.uta.edu','2019-06-01 00:00:00',NULL,NULL,NULL,NULL,'\0',NULL,NULL,NULL),(499,NULL,'2015-09-03 15:49:45','/DC=org/DC=cilogon/C=US/O=Fermi National Accelerator Laboratory/OU=People/CN=Eric H. Amador/CN=UID:eamador','eric.amador@mavs.uta.edu','2019-06-01 00:00:00',NULL,NULL,NULL,NULL,'\0',NULL,NULL,NULL),(502,NULL,'2015-09-03 15:49:47','/DC=org/DC=cilogon/C=US/O=Fermi National Accelerator Laboratory/OU=People/CN=Jacob C. Larkin/CN=UID:jlarkin','jlarkin@fnal.gov','2019-06-01 00:00:00',NULL,NULL,NULL,NULL,'\0',NULL,NULL,NULL),(505,NULL,'2015-09-03 15:49:48','/DC=org/DC=cilogon/C=US/O=Fermi National Accelerator Laboratory/OU=People/CN=Jon E. Urheim/CN=UID:urheim','urheim@indiana.edu','2019-06-01 00:00:00',NULL,NULL,NULL,NULL,'\0',NULL,NULL,NULL),(508,NULL,'2015-09-03 15:49:50','/DC=org/DC=cilogon/C=US/O=Fermi National Accelerator Laboratory/OU=People/CN=Travis Dore/CN=UID:tdore','tdore@fnal.gov','2019-06-01 00:00:00',NULL,NULL,NULL,NULL,'\0',NULL,NULL,NULL),(511,NULL,'2015-09-03 15:49:52','/DC=org/DC=cilogon/C=US/O=Fermi National Accelerator Laboratory/OU=People/CN=Edward C. Dunton/CN=UID:duntonc','duntonc@fnal.gov','2019-06-01 00:00:00',NULL,NULL,NULL,NULL,'\0',NULL,NULL,NULL),(514,NULL,'2015-09-03 15:49:54','/DC=org/DC=cilogon/C=US/O=Fermi National Accelerator Laboratory/OU=People/CN=Matthew Robinson/CN=UID:mrobinso','m.robinson@sheffield.ac.uk','2019-06-01 00:00:00',NULL,NULL,NULL,NULL,'\0',NULL,NULL,NULL),(517,NULL,'2015-09-03 15:49:56','/DC=org/DC=cilogon/C=US/O=Fermi National Accelerator Laboratory/OU=People/CN=Alexander C. Booth/CN=UID:abooth','a.c.booth92@gmail.com','2019-06-01 00:00:00',NULL,NULL,NULL,NULL,'\0',NULL,NULL,NULL),(520,'','2015-09-03 15:49:58','/DC=org/DC=cilogon/C=US/O=Fermi National Accelerator Laboratory/OU=People/CN=Dorota Stefan/CN=UID:dstefan','dorota.stefan@cern.ch','2019-06-01 00:00:00','CERN','Dorota','','Stefan','\0',NULL,NULL,NULL),(523,NULL,'2015-09-03 15:50:00','/DC=org/DC=cilogon/C=US/O=Fermi National Accelerator Laboratory/OU=People/CN=Robert Sulej/CN=UID:rsulej','robert.sulej@cern.ch','2019-06-01 00:00:00',NULL,NULL,NULL,NULL,'\0',NULL,NULL,NULL),(526,NULL,'2015-09-04 11:22:26','/DC=org/DC=cilogon/C=US/O=Fermi National Accelerator Laboratory/OU=People/CN=Daniel A. Dwyer/CN=UID:dadwyer','unknown@fnal.gov','2019-06-01 00:00:00',NULL,NULL,NULL,NULL,'\0',NULL,NULL,NULL),(529,NULL,'2015-09-04 11:23:17','/DC=org/DC=cilogon/C=US/O=Fermi National Accelerator Laboratory/OU=People/CN=Paola R. Sala/CN=UID:psala','unknown@fnal.gov','2019-06-01 00:00:00',NULL,NULL,NULL,NULL,'\0',NULL,NULL,NULL),(532,NULL,'2015-09-04 12:34:25','/DC=org/DC=cilogon/C=US/O=Fermi National Accelerator Laboratory/OU=People/CN=Garrett R. Brown/CN=UID:gbrown','unknown@fnal.gov','2019-06-01 00:00:00',NULL,NULL,NULL,NULL,'\0',NULL,NULL,NULL),(534,'Dept. of Physics and Astronomy, 209 South 33rd Street, Philadelphia, PA 19104-6396','2015-09-10 14:34:35','/DC=org/DC=cilogon/C=US/O=Fermi National Accelerator Laboratory/OU=People/CN=Adam J. Costarino/CN=UID:acostari','acostari@fnal.gov','2019-06-01 00:00:00','Univeristy of Pennsylvania','Adam','215-573-3599','Costarino','\0',NULL,NULL,NULL),(537,'Dept. of Physics and Astronomy, 209 South 33rd Street, Philadelphia, PA 19104-6396','2015-09-10 14:37:27','/DC=org/DC=cilogon/C=US/O=Fermi National Accelerator Laboratory/OU=People/CN=Benjamin J. Riedel/CN=UID:briedel','briedel@fnal.gov','2019-06-01 00:00:00','Univeristy of Pennsylvania','Benjamin','215-573-3599','Riedel','\0',NULL,NULL,NULL),(540,'Apartment 3, Royal View\r\nAldcliffe Road','2015-09-11 12:32:20','/DC=org/DC=cilogon/C=US/O=Fermi National Accelerator Laboratory/OU=People/CN=Dominic B. Brailsford/CN=UID:dbrailsf','dbrailsf@fnal.gov','2019-06-01 00:00:00','Lancaster University','Dominic','+447427546506','Brailsford','\0',NULL,NULL,NULL),(543,'kirk rd pine st','2015-09-14 10:43:33','/DC=org/DC=cilogon/C=US/O=Fermi National Accelerator Laboratory/OU=People/CN=Dmitry O. Litvintsev/CN=UID:litvinse','litvintse@fnal.gov','2019-06-01 00:00:00','Fermilab','Dmitry','6308406791','Litvintse','\0',NULL,NULL,NULL),(544,NULL,'2015-09-15 11:52:20','/DC=org/DC=cilogon/C=US/O=Fermi National Accelerator Laboratory/OU=People/CN=Susan J. Kemboi/CN=UID:skemboi','unknown@fnal.gov','2019-06-01 00:00:00',NULL,NULL,NULL,NULL,'\0',NULL,NULL,NULL),(547,NULL,'2015-09-17 15:02:33','/DC=org/DC=cilogon/C=US/O=Fermi National Accelerator Laboratory/OU=People/CN=Nitali Dash/CN=UID:ndash','unknown@fnal.gov','2019-06-01 00:00:00',NULL,NULL,NULL,NULL,'\0',NULL,NULL,NULL),(550,NULL,'2015-09-17 15:41:40','/DC=org/DC=cilogon/C=US/O=Fermi National Accelerator Laboratory/OU=People/CN=Michael S. Gold/CN=UID:gold','unknown@fnal.gov','2019-06-01 00:00:00',NULL,NULL,NULL,NULL,'\0',NULL,NULL,NULL),(553,NULL,'2015-09-23 11:53:41','/DC=org/DC=cilogon/C=US/O=Fermi National Accelerator Laboratory/OU=People/CN=Elizabeth Mallory/CN=UID:emallory','unknown@fnal.gov','2019-06-01 00:00:00',NULL,NULL,NULL,NULL,'\0',NULL,NULL,NULL),(556,NULL,'2015-09-24 16:39:52','/DC=org/DC=cilogon/C=US/O=Fermi National Accelerator Laboratory/OU=People/CN=Ines Gil-botella/CN=UID:botella','unknown@fnal.gov','2019-06-01 00:00:00',NULL,NULL,NULL,NULL,'\0',NULL,NULL,NULL),(559,NULL,'2015-09-25 14:28:23','/DC=org/DC=cilogon/C=US/O=Fermi National Accelerator Laboratory/OU=People/CN=Shiqi Yu/CN=UID:syu','unknown@fnal.gov','2019-06-01 00:00:00',NULL,NULL,NULL,NULL,'\0',NULL,NULL,NULL),(562,'University of Minnesota','2015-09-28 17:09:54','/DC=org/DC=cilogon/C=US/O=Fermi National Accelerator Laboratory/OU=People/CN=Jianming Bian/CN=UID:bianjm','bianjm@fnal.gov','2019-06-01 00:00:00','University of Minnesota','Jianming','612-624-7861','Bian','\0',NULL,NULL,NULL),(565,NULL,'2015-10-02 12:26:17','/DC=org/DC=cilogon/C=US/O=Fermi National Accelerator Laboratory/OU=People/CN=Justo Martin-albo simon/CN=UID:jmalbos','unknown@fnal.gov','2019-06-01 00:00:00',NULL,NULL,NULL,NULL,'\0',NULL,NULL,NULL),(568,NULL,'2015-10-07 08:44:46','/DC=org/DC=cilogon/C=US/O=Fermi National Accelerator Laboratory/OU=People/CN=Ryan J. Nichol/CN=UID:rjn','unknown@fnal.gov','2019-06-01 00:00:00',NULL,NULL,NULL,NULL,'\0',NULL,NULL,NULL),(571,NULL,'2015-10-09 09:51:20','/DC=org/DC=cilogon/C=US/O=Fermi National Accelerator Laboratory/OU=People/CN=Vito Di benedetto/CN=UID:vito','unknown@fnal.gov','2019-06-01 00:00:00',NULL,NULL,NULL,NULL,'\0',NULL,NULL,NULL),(576,'Colorado State','2015-10-12 15:14:04','/DC=org/DC=cilogon/C=US/O=Fermi National Accelerator Laboratory/OU=People/CN=Norman  Buchanan/CN=UID:buchanan','buchanan@fnal.gov','2019-06-01 00:00:00','Colorado State','Norman','970-491-6192','Buchanan','\0',NULL,NULL,NULL),(577,NULL,'2015-10-12 15:52:29','/DC=org/DC=cilogon/C=US/O=Fermi National Accelerator Laboratory/OU=People/CN=Norman Buchanan/CN=UID:buchanan','unknown@fnal.gov','2019-06-01 00:00:00',NULL,NULL,NULL,NULL,'\0',NULL,NULL,NULL),(579,'Panjab University','2015-10-12 17:39:30','/DC=org/DC=cilogon/C=US/O=Fermi National Accelerator Laboratory/OU=People/CN=Anwinder Kaur/CN=UID:akaur','akaur@fnal.gov','2019-06-01 00:00:00','Panjab University','Anwinder','','Kaur','\0',NULL,NULL,NULL),(582,'UFABC Brazil','2015-10-15 12:29:24','/DC=org/DC=cilogon/C=US/O=Fermi National Accelerator Laboratory/OU=People/CN=Celio Adrega de moura/CN=UID:camj','camj@fnal.gov','2019-06-01 00:00:00','UFABC','Celio','','Moura','\0',NULL,NULL,NULL),(583,NULL,'2015-10-15 14:45:32','/DC=org/DC=cilogon/C=US/O=Fermi National Accelerator Laboratory/OU=People/CN=Thomas Patzak/CN=UID:patzak','unknown@fnal.gov','2019-06-01 00:00:00',NULL,NULL,NULL,NULL,'\0',NULL,NULL,NULL),(585,'Iowa State University','2015-10-19 21:56:16','/DC=org/DC=cilogon/C=US/O=Fermi National Accelerator Laboratory/OU=People/CN=Amanda J. Weinstein/CN=UID:amandajw','amandajw@fnal.gov','2019-06-01 00:00:00','Iowa State University','Amanda','','Weinstein','\0',NULL,NULL,NULL),(588,'IIT Guwahati','2015-10-22 13:28:29','/DC=org/DC=cilogon/C=US/O=Fermi National Accelerator Laboratory/OU=People/CN=Soumya R. Das/CN=UID:sdas','sdas@fnal.gov','2019-06-01 00:00:00','IIT Guwahati','Soumya','9647837137','Das','\0',NULL,NULL,NULL),(589,NULL,'2015-10-23 09:51:50','/DC=org/DC=cilogon/C=US/O=Fermi National Accelerator Laboratory/OU=People/CN=Andres F. Alba hernandez/CN=UID:ahandres','unknown@fnal.gov','2019-06-01 00:00:00',NULL,NULL,NULL,NULL,'\0',NULL,NULL,NULL),(595,NULL,'2015-10-23 10:28:28','/DC=org/DC=cilogon/C=US/O=Fermi National Accelerator Laboratory/OU=People/CN=Qiulan Huang/CN=UID:qhuang','unknown@fnal.gov','2019-06-01 00:00:00',NULL,NULL,NULL,NULL,'\0',NULL,NULL,NULL),(598,NULL,'2015-10-23 10:29:56','/DC=org/DC=cilogon/C=US/O=Fermi National Accelerator Laboratory/OU=People/CN=Anna Mazzacane/CN=UID:mazzacan','unknown@fnal.gov','2019-06-01 00:00:00',NULL,NULL,NULL,NULL,'\0',NULL,NULL,NULL),(601,NULL,'2015-10-23 12:24:09','/DC=org/DC=cilogon/C=US/O=Fermi National Accelerator Laboratory/OU=People/CN=Sebastien Murphy/CN=UID:smurphy2','unknown@fnal.gov','2019-06-01 00:00:00',NULL,NULL,NULL,NULL,'\0',NULL,NULL,NULL),(604,NULL,'2015-10-28 09:22:27','/DC=org/DC=cilogon/C=US/O=Fermi National Accelerator Laboratory/OU=People/CN=Alison J. Roeth/CN=UID:ajroeth','unknown@fnal.gov','2019-06-01 00:00:00',NULL,NULL,NULL,NULL,'\0',NULL,NULL,NULL),(607,'Iowa State','2015-11-13 10:50:52','/DC=org/DC=cilogon/C=US/O=Fermi National Accelerator Laboratory/OU=People/CN=Ashley I. Young/CN=UID:sdas','aiyoung@fnal.gov','2019-06-01 00:00:00','Iowa State','Ashley','515-294-3878','Young','\0',NULL,NULL,NULL),(610,NULL,'2015-11-18 16:25:39','/DC=org/DC=cilogon/C=US/O=Fermi National Accelerator Laboratory/OU=People/CN=Robert W. Hatcher/CN=UID:rhatcher','unknown@fnal.gov','2019-06-01 00:00:00',NULL,NULL,NULL,NULL,'\0',NULL,NULL,NULL),(613,NULL,'2015-12-08 16:20:48','/DC=org/DC=cilogon/C=US/O=Fermi National Accelerator Laboratory/OU=People/CN=Sean Mcguinness/CN=UID:smcguinn','unknown@fnal.gov','2019-06-01 00:00:00',NULL,NULL,NULL,NULL,'\0',NULL,NULL,NULL),(622,NULL,'2015-12-15 09:11:53','/DC=org/DC=cilogon/C=US/O=Fermi National Accelerator Laboratory/OU=People/CN=Steven J. Gardiner/CN=UID:gardiner','unknown@fnal.gov','2019-06-01 00:00:00',NULL,NULL,NULL,NULL,'\0',NULL,NULL,NULL),(625,NULL,'2015-12-17 10:31:15','/DC=org/DC=cilogon/C=US/O=Fermi National Accelerator Laboratory/OU=People/CN=Ryan E. Linehan/CN=UID:linehan3','unknown@fnal.gov','2019-06-01 00:00:00',NULL,NULL,NULL,NULL,'\0',NULL,NULL,NULL),(628,NULL,'2015-12-18 10:29:49','/DC=org/DC=cilogon/C=US/O=Fermi National Accelerator Laboratory/OU=People/CN=Vitaly Kudryavtsev/CN=UID:vkudryav','unknown@fnal.gov','2019-06-01 00:00:00',NULL,NULL,NULL,NULL,'\0',NULL,NULL,NULL),(630,'Cambridge University','2016-01-06 14:37:19','/DC=org/DC=cilogon/C=US/O=Fermi National Accelerator Laboratory/OU=People/CN=John s. S. Marshall/CN=UID:jsm51','jsm51@fnal.gov','2019-06-01 00:00:00','Cambridge','John','+44 1223 766300  ','Marshall','\0',NULL,NULL,NULL),(633,'South Dakota School of Mines and Technology','2016-01-07 16:40:27','/DC=org/DC=cilogon/C=US/O=Fermi National Accelerator Laboratory/OU=People/CN=Jason D. Stock/CN=UID:jstock','Jason.Stock@mines.sdsmt.edu','2019-06-01 00:00:00','SDSMT','Jason','901 602-6868 ','Stock','\0',NULL,NULL,NULL),(634,NULL,'2016-01-08 11:04:43','/DC=org/DC=cilogon/C=US/O=Fermi National Accelerator Laboratory/OU=People/CN=Elliott F. Golnar/CN=UID:egolnar','unknown@fnal.gov','2019-06-01 00:00:00',NULL,NULL,NULL,NULL,'\0',NULL,NULL,NULL),(636,'Fermilab','2016-01-11 15:56:43','/DC=org/DC=cilogon/C=US/O=Fermi National Accelerator Laboratory/OU=People/CN=Milorad Popovic/CN=UID:popovic','popovic@fnal.gov','2019-06-01 00:00:00','Fermilab','Milorad','(630) 840-4478','Popovic','\0',NULL,NULL,NULL),(637,NULL,'2016-01-15 09:42:38','/DC=org/DC=cilogon/C=US/O=Fermi National Accelerator Laboratory/OU=People/CN=Shirley Li/CN=UID:shirleyl','unknown@fnal.gov','2019-06-01 00:00:00',NULL,NULL,NULL,NULL,'\0',NULL,NULL,NULL),(639,'Yale University','2016-01-19 16:33:46','/DC=org/DC=cilogon/C=US/O=Fermi National Accelerator Laboratory/OU=People/CN=Xiao Luo/CN=UID:xiaoluo','xiaoluo@fnal.gov','2019-06-01 00:00:00','Yale','Xiao','','Luo','\0',NULL,NULL,NULL),(640,NULL,'2016-01-25 16:45:16','/DC=org/DC=cilogon/C=US/O=Fermi National Accelerator Laboratory/OU=People/CN=Leon M. Mualem/CN=UID:mualem','unknown@fnal.gov','2019-06-01 00:00:00',NULL,NULL,NULL,NULL,'\0',NULL,NULL,NULL),(642,'Hicks D35\r\nHounsfield Road\r\nSheffield\r\nS3 7RH','2016-01-29 10:52:25','/DC=org/DC=cilogon/C=US/O=Fermi National Accelerator Laboratory/OU=People/CN=Matthew D. Thiesse/CN=UID:mthiesse','m.thiesse@sheffield.ac.uk','2019-06-01 00:00:00','University of Sheffield','Matthew','+44 7554119446','Thiesse','\0',NULL,NULL,NULL),(643,NULL,'2016-01-29 14:13:35','/DC=org/DC=cilogon/C=US/O=Fermi National Accelerator Laboratory/OU=People/CN=Lee F. Thompson/CN=UID:lthompso','unknown@fnal.gov','2019-06-01 00:00:00',NULL,NULL,NULL,NULL,'\0',NULL,NULL,NULL),(646,NULL,'2016-02-03 11:53:18','/DC=org/DC=cilogon/C=US/O=Fermi National Accelerator Laboratory/OU=People/CN=Christos Touramanis/CN=UID:ctourama','unknown@fnal.gov','2019-06-01 00:00:00',NULL,NULL,NULL,NULL,'\0',NULL,NULL,NULL),(649,NULL,'2016-02-03 15:32:55','/DC=org/DC=cilogon/C=US/O=Fermi National Accelerator Laboratory/OU=People/CN=Thomas A. Schaffer/CN=UID:tschaf','unknown@fnal.gov','2019-06-01 00:00:00',NULL,NULL,NULL,NULL,'\0',NULL,NULL,NULL),(652,NULL,'2016-02-05 12:40:52','/DC=org/DC=cilogon/C=US/O=Fermi National Accelerator Laboratory/OU=People/CN=Takuya Hasegawa/CN=UID:hasegawa','unknown@fnal.gov','2019-06-01 00:00:00',NULL,NULL,NULL,NULL,'\0',NULL,NULL,NULL),(655,NULL,'2016-02-08 11:27:00','/DC=org/DC=cilogon/C=US/O=Fermi National Accelerator Laboratory/OU=People/CN=Nathan Pumulo/CN=UID:npumulo','unknown@fnal.gov','2019-06-01 00:00:00',NULL,NULL,NULL,NULL,'\0',NULL,NULL,NULL),(658,NULL,'2016-02-10 13:44:32','/DC=org/DC=cilogon/C=US/O=Fermi National Accelerator Laboratory/OU=People/CN=Serhan Tufanli/CN=UID:stufanli','unknown@fnal.gov','2019-06-01 00:00:00',NULL,NULL,NULL,NULL,'\0',NULL,NULL,NULL),(660,'Los Alamos','2016-02-13 12:37:38','/DC=org/DC=cilogon/C=US/O=Fermi National Accelerator Laboratory/OU=People/CN=Peter S. Madigan/CN=UID:pmadigan','pmadigan@fnal.gov','2019-06-01 00:00:00','Los Alamos','Peter','555-555-5555','Madigan','\0',NULL,NULL,NULL),(663,'Fermilab','2016-02-16 12:08:00','/DC=org/DC=cilogon/C=US/O=Fermi National Accelerator Laboratory/OU=People/CN=Gianluca Petrillo/CN=UID:petrillo','petrillo@fnal.gov','2019-06-01 00:00:00','Fermilab','Gianluca','(630) 840-3554','Petrillo','\0',NULL,NULL,NULL),(666,'Lancaster University','2016-02-22 21:57:55','/DC=org/DC=cilogon/C=US/O=Fermi National Accelerator Laboratory/OU=People/CN=Andrew S. Blake/CN=UID:blake','blake@fnal.gov','2019-06-01 00:00:00','Lancaster University','Andrew','+44 1524595060 ','Blake','\0',NULL,NULL,NULL),(667,NULL,'2016-03-01 10:38:25','/DC=org/DC=cilogon/C=US/O=Fermi National Accelerator Laboratory/OU=People/CN=Joshua B. Spitz/CN=UID:spitz7','unknown@fnal.gov','2019-06-01 00:00:00',NULL,NULL,NULL,NULL,'\0',NULL,NULL,NULL),(669,'Fermilab','2016-03-07 16:41:49','/DC=org/DC=cilogon/C=US/O=Fermi National Accelerator Laboratory/OU=People/CN=Wesley R. Ketchum/CN=UID:wketchum','wketchum@fnal.gov','2019-06-01 00:00:00','Fermilab','Wesley','(630) 840-5209','Ketchum','\0',NULL,NULL,NULL),(671,NULL,'2016-03-11 09:32:27','/DC=org/DC=cilogon/C=US/O=Fermi National Accelerator Laboratory/OU=People/CN=Leisa M. Mcgee/CN=UID:lmcgee','unknown@fnal.gov','2019-06-01 00:00:00',NULL,NULL,NULL,NULL,'\0',NULL,NULL,NULL),(674,NULL,'2016-03-11 09:34:16','/DC=org/DC=cilogon/C=US/O=Fermi National Accelerator Laboratory/OU=People/CN=Stephen R. Dennis/CN=UID:sdennis','unknown@fnal.gov','2019-06-01 00:00:00',NULL,NULL,NULL,NULL,'\0',NULL,NULL,NULL),(677,NULL,'2016-03-14 12:46:00','/DC=org/DC=cilogon/C=US/O=Fermi National Accelerator Laboratory/OU=People/CN=Tyler N. Boone/CN=UID:tboone','unknown@fnal.gov','2019-06-01 00:00:00',NULL,NULL,NULL,NULL,'\0',NULL,NULL,NULL),(678,'UNIV. OF WARWICK\r\nCoventry CV4 7AL','2016-03-15 10:33:05','/DC=org/DC=cilogon/C=US/O=Fermi National Accelerator Laboratory/OU=People/CN=Martin Haigh/CN=UID:mdhaigh','mdhaigh@fnal.gov','2019-06-01 00:00:00','Warwick','Martin','+44 (0)24 761 50208  ','Haigh','\0',NULL,NULL,NULL),(680,NULL,'2016-03-15 13:53:46','/DC=org/DC=cilogon/C=US/O=Fermi National Accelerator Laboratory/OU=People/CN=Amir N. Khan/CN=UID:akhan','unknown@fnal.gov','2019-06-01 00:00:00',NULL,NULL,NULL,NULL,'\0',NULL,NULL,NULL),(685,'Cambridge University','2016-03-21 13:32:18','/DC=org/DC=cilogon/C=US/O=Fermi National Accelerator Laboratory/OU=People/CN=Lorena Escudero sanchez/CN=UID:escudero','escudero@fnal.gov','2019-06-01 00:00:00','Cambridge','Lorena','555-555-5555','Escudero','\0',NULL,NULL,NULL),(688,NULL,'2016-03-23 15:43:25','/DC=org/DC=cilogon/C=US/O=Fermi National Accelerator Laboratory/OU=People/CN=Yue Wang/CN=UID:yuewang','unknown@fnal.gov','2019-06-01 00:00:00',NULL,NULL,NULL,NULL,'\0',NULL,NULL,NULL),(691,'Department of Physics and Astronomy\r\nHicks Building\r\nUniversity of Sheffield\r\n','2016-03-24 14:51:59','/C=UK/O=eScience/OU=Sheffield/L=CICS/CN=matthew robinson','m.robinson@sheffield.ac.uk','2019-06-01 00:00:00','University of Sheffield','Matthew','+447968873775','Robinson','\0',NULL,NULL,NULL),(694,NULL,'2016-03-24 15:42:47','/DC=org/DC=cilogon/C=US/O=Fermi National Accelerator Laboratory/OU=People/CN=Poonam Mehta/CN=UID:pmehta','unknown@fnal.gov','2019-06-01 00:00:00',NULL,NULL,NULL,NULL,'\0',NULL,NULL,NULL),(697,NULL,'2016-03-28 10:30:14','/DC=org/DC=cilogon/C=US/O=Fermi National Accelerator Laboratory/OU=People/CN=Evan D. Niner/CN=UID:edniner','unknown@fnal.gov','2019-06-01 00:00:00',NULL,NULL,NULL,NULL,'\0',NULL,NULL,NULL),(701,NULL,'2016-03-31 08:38:40','/DC=org/DC=cilogon/C=US/O=Fermi National Accelerator Laboratory/OU=People/CN=Richard Van berg/CN=UID:rvanberg','unknown@fnal.gov','2019-06-01 00:00:00',NULL,NULL,NULL,NULL,'\0',NULL,NULL,NULL),(704,NULL,'2016-03-31 09:20:15','/DC=org/DC=cilogon/C=US/O=Fermi National Accelerator Laboratory/OU=People/CN=Rachel L. Myers/CN=UID:rmyers','unknown@fnal.gov','2019-06-01 00:00:00',NULL,NULL,NULL,NULL,'\0',NULL,NULL,NULL),(707,NULL,'2016-04-01 11:19:49','/DC=org/DC=cilogon/C=US/O=Fermi National Accelerator Laboratory/OU=People/CN=Maria Chamizo llatas/CN=UID:mchamizo','unknown@fnal.gov','2019-06-01 00:00:00',NULL,NULL,NULL,NULL,'\0',NULL,NULL,NULL),(710,NULL,'2016-04-01 11:25:18','/DC=org/DC=cilogon/C=US/O=Fermi National Accelerator Laboratory/OU=People/CN=Stefano Vergani/CN=UID:svergani','unknown@fnal.gov','2019-06-01 00:00:00',NULL,NULL,NULL,NULL,'\0',NULL,NULL,NULL),(713,NULL,'2016-04-06 10:07:31','/DC=org/DC=cilogon/C=US/O=Fermi National Accelerator Laboratory/OU=People/CN=Michele Fattoruso/CN=UID:mfattoru','unknown@fnal.gov','2019-06-01 00:00:00',NULL,NULL,NULL,NULL,'\0',NULL,NULL,NULL),(716,NULL,'2016-04-14 10:41:08','/DC=org/DC=cilogon/C=US/O=Fermi National Accelerator Laboratory/OU=People/CN=Stefania Bordoni/CN=UID:sbordoni','unknown@fnal.gov','2019-06-01 00:00:00',NULL,NULL,NULL,NULL,'\0',NULL,NULL,NULL),(719,NULL,'2016-04-19 09:22:06','/DC=org/DC=cilogon/C=US/O=Fermi National Accelerator Laboratory/OU=People/CN=Michael T. Eads/CN=UID:eads','unknown@fnal.gov','2019-06-01 00:00:00',NULL,NULL,NULL,NULL,'\0',NULL,NULL,NULL),(722,NULL,'2016-04-27 13:54:29','/DC=org/DC=cilogon/C=US/O=Fermi National Accelerator Laboratory/OU=People/CN=Evan M. Stewart/CN=UID:emstew','unknown@fnal.gov','2019-06-01 00:00:00',NULL,NULL,NULL,NULL,'\0',NULL,NULL,NULL),(725,NULL,'2016-04-28 11:11:24','/DC=org/DC=cilogon/C=US/O=Fermi National Accelerator Laboratory/OU=People/CN=Thomas G. Brooks/CN=UID:tbrooks','unknown@fnal.gov','2019-06-01 00:00:00',NULL,NULL,NULL,NULL,'\0',NULL,NULL,NULL),(728,NULL,'2016-04-28 11:13:46','/DC=org/DC=cilogon/C=US/O=Fermi National Accelerator Laboratory/OU=People/CN=Luke Simons/CN=UID:lsimons','unknown@fnal.gov','2019-06-01 00:00:00',NULL,NULL,NULL,NULL,'\0',NULL,NULL,NULL),(731,NULL,'2016-04-28 15:07:20','/DC=org/DC=cilogon/C=US/O=Fermi National Accelerator Laboratory/OU=People/CN=Philippe G. Canal/CN=UID:pcanal','unknown@fnal.gov','2019-06-01 00:00:00',NULL,NULL,NULL,NULL,'\0',NULL,NULL,NULL),(734,NULL,'2016-04-29 11:22:07','/DC=org/DC=cilogon/C=US/O=Fermi National Accelerator Laboratory/OU=People/CN=Tyler E. Johnson/CN=UID:tylerj','unknown@fnal.gov','2019-06-01 00:00:00',NULL,NULL,NULL,NULL,'\0',NULL,NULL,NULL),(736,'INSTITUTO DE FISICA CORPUSCULAR\r\nParque Cientifico, C/Catedratico Jose\r\nBeltran, 2\r\nE-46980 Paterna (Valencia)\r\n','2016-05-02 09:26:28','/DC=org/DC=cilogon/C=US/O=Fermi National Accelerator Laboratory/OU=People/CN=Michel Sorel/CN=UID:sorel','sorel@fnal.gov','2019-06-01 00:00:00','Valencia','Michel','+34 96 354 3722','Sorel','\0',NULL,NULL,NULL),(737,NULL,'2016-05-04 11:49:16','/DC=org/DC=cilogon/C=US/O=Fermi National Accelerator Laboratory/OU=People/CN=Paul De jong/CN=UID:pdejong','unknown@fnal.gov','2019-06-01 00:00:00',NULL,NULL,NULL,NULL,'\0',NULL,NULL,NULL),(740,NULL,'2016-05-04 11:49:51','/DC=org/DC=cilogon/C=US/O=Fermi National Accelerator Laboratory/OU=People/CN=Timothy J. Loew/CN=UID:tjloew','unknown@fnal.gov','2019-06-01 00:00:00',NULL,NULL,NULL,NULL,'\0',NULL,NULL,NULL),(742,'Stony Brook University','2016-05-11 12:30:08','/DC=org/DC=cilogon/C=US/O=Fermi National Accelerator Laboratory/OU=People/CN=Gabriel Santucci/CN=UID:gsantucc','gsantucc@fnal.gov','2019-06-01 00:00:00','Stony Brook University','Gabriel','631-632-4496','Santucci','\0',NULL,NULL,NULL),(743,NULL,'2016-05-17 12:06:58','/DC=org/DC=cilogon/C=US/O=Fermi National Accelerator Laboratory/OU=People/CN=Jeremy P. Lopez/CN=UID:jplopez','unknown@fnal.gov','2019-06-01 00:00:00',NULL,NULL,NULL,NULL,'\0',NULL,NULL,NULL),(748,'Fermilab','2016-05-18 08:45:10','/DC=org/DC=cilogon/C=US/O=Fermi National Accelerator Laboratory/OU=People/CN=Marvin E. Johnson/CN=UID:mjohnson','mjohnson@fnal.gov','2019-06-01 00:00:00','Fermilab','Marvin','630-840-3168','Johnson','\0',NULL,NULL,NULL),(749,NULL,'2016-05-18 10:43:01','/DC=org/DC=cilogon/C=US/O=Fermi National Accelerator Laboratory/OU=People/CN=Biao Wang/CN=UID:biaow','unknown@fnal.gov','2019-06-01 00:00:00',NULL,NULL,NULL,NULL,'\0',NULL,NULL,NULL),(752,NULL,'2016-05-20 14:03:52','/DC=org/DC=cilogon/C=US/O=Fermi National Accelerator Laboratory/OU=People/CN=Orlando L. Peres/CN=UID:operes','unknown@fnal.gov','2019-06-01 00:00:00',NULL,NULL,NULL,NULL,'\0',NULL,NULL,NULL),(755,NULL,'2016-05-20 14:06:29','/DC=org/DC=cilogon/C=US/O=Fermi National Accelerator Laboratory/OU=People/CN=Hector Mendez/CN=UID:mendez','unknown@fnal.gov','2019-06-01 00:00:00',NULL,NULL,NULL,NULL,'\0',NULL,NULL,NULL),(758,NULL,'2016-05-24 12:19:56','/DC=org/DC=cilogon/C=US/O=Fermi National Accelerator Laboratory/OU=People/CN=Nicholas I. Grant/CN=UID:nigrant','unknown@fnal.gov','2019-06-01 00:00:00',NULL,NULL,NULL,NULL,'\0',NULL,NULL,NULL),(761,NULL,'2016-05-26 12:07:00','/DC=org/DC=cilogon/C=US/O=Fermi National Accelerator Laboratory/OU=People/CN=Michael J. Gheith/CN=UID:mgheith','unknown@fnal.gov','2019-06-01 00:00:00',NULL,NULL,NULL,NULL,'\0',NULL,NULL,NULL),(764,NULL,'2016-05-27 10:34:18','/DC=org/DC=cilogon/C=US/O=Fermi National Accelerator Laboratory/OU=People/CN=Erdinch Tatar/CN=UID:tataerdi','unknown@fnal.gov','2019-06-01 00:00:00',NULL,NULL,NULL,NULL,'\0',NULL,NULL,NULL),(767,'MS 120','2016-06-01 09:52:56','/DC=org/DC=cilogon/C=US/O=Fermi National Accelerator Laboratory/OU=People/CN=Shreyas Bhat/CN=UID:sbhat','sbhat@fnal.gov','2019-06-01 00:00:00','Fermilab (USDC)','Shreyas','630-840-8057','Bhat','\0',NULL,NULL,NULL),(770,'','2016-06-03 09:53:38','/DC=org/DC=cilogon/C=US/O=Fermi National Accelerator Laboratory/OU=People/CN=Erin E. Conley/CN=UID:econley','econley@fnal.gov','2019-06-01 00:00:00','','Erin','','Conley','\0',NULL,NULL,NULL),(773,NULL,'2016-06-03 13:48:27','/DC=org/DC=cilogon/C=US/O=Fermi National Accelerator Laboratory/OU=People/CN=Kim Siyeon/CN=UID:siyeon','unknown@fnal.gov','2019-06-01 00:00:00',NULL,NULL,NULL,NULL,'\0',NULL,NULL,NULL),(776,NULL,'2016-06-03 15:32:33','/DC=org/DC=cilogon/C=US/O=Fermi National Accelerator Laboratory/OU=People/CN=Olga Beltramello/CN=UID:obeltram','unknown@fnal.gov','2019-06-01 00:00:00',NULL,NULL,NULL,NULL,'\0',NULL,NULL,NULL),(779,NULL,'2016-06-07 11:35:08','/DC=org/DC=cilogon/C=US/O=Fermi National Accelerator Laboratory/OU=People/CN=Michael A. Dolce/CN=UID:mdolce','unknown@fnal.gov','2019-06-01 00:00:00',NULL,NULL,NULL,NULL,'\0',NULL,NULL,NULL),(782,NULL,'2016-06-07 11:37:15','/DC=org/DC=cilogon/C=US/O=Fermi National Accelerator Laboratory/OU=People/CN=Christopher Grant/CN=UID:cpgrant','unknown@fnal.gov','2019-06-01 00:00:00',NULL,NULL,NULL,NULL,'\0',NULL,NULL,NULL),(785,NULL,'2016-06-07 12:07:06','/DC=org/DC=cilogon/C=US/O=Fermi National Accelerator Laboratory/OU=People/CN=Amanda L. Depoian/CN=UID:adepoian','unknown@fnal.gov','2019-06-01 00:00:00',NULL,NULL,NULL,NULL,'\0',NULL,NULL,NULL),(788,NULL,'2016-06-13 13:12:53','/DC=org/DC=cilogon/C=US/O=Fermi National Accelerator Laboratory/OU=People/CN=Diana Navas/CN=UID:dnavas','unknown@fnal.gov','2019-06-01 00:00:00',NULL,NULL,NULL,NULL,'\0',NULL,NULL,NULL),(793,'P.O. Box 500 Batavia, IL 60510','2016-06-13 17:29:58','/DC=org/DC=cilogon/C=US/O=Fermi National Accelerator Laboratory/OU=People/CN=Lisa Giacchetti/CN=UID:lisa','lisa@fnal.gov','2019-06-01 00:00:00','Fermilab','Lisa','630-840-8023','Giacchetti','\0',NULL,NULL,NULL),(796,'301 Weniger Hall Corvallis, OR 97333','2016-06-13 20:12:50','/DC=org/DC=cilogon/C=US/O=Fermi National Accelerator Laboratory/OU=People/CN=Heidi Schellman/CN=UID:schellma','schellma@fnal.gov','2019-06-01 00:00:00','Oregon State University','Heidi','5417374631','Schellman','\0',NULL,NULL,NULL),(797,NULL,'2016-06-14 09:00:12','/DC=org/DC=cilogon/C=US/O=Fermi National Accelerator Laboratory/OU=People/CN=Christopher J. Backhouse/CN=UID:bckhouse','unknown@fnal.gov','2019-06-01 00:00:00',NULL,NULL,NULL,NULL,'\0',NULL,NULL,NULL),(799,'Lab for High Energy Physics\nSidlerstrasse 5\nCH-3012 Bern','2016-06-15 12:55:38','/DC=org/DC=cilogon/C=US/O=Fermi National Accelerator Laboratory/OU=People/CN=James R. Sinclair/CN=UID:jimsin','james.sinclair@lhep.unibe.ch','2019-06-01 00:00:00','University of Bern','James','','Sinclair','\0',NULL,NULL,NULL),(800,NULL,'2016-06-16 08:58:14','/DC=org/DC=cilogon/C=US/O=Fermi National Accelerator Laboratory/OU=People/CN=Norman Martinez/CN=UID:normanm','unknown@fnal.gov','2019-06-01 00:00:00',NULL,NULL,NULL,NULL,'\0',NULL,NULL,NULL),(803,NULL,'2016-06-17 15:46:02','/DC=org/DC=cilogon/C=US/O=Fermi National Accelerator Laboratory/OU=People/CN=Manhong Zhao/CN=UID:mzhao','unknown@fnal.gov','2019-06-01 00:00:00',NULL,NULL,NULL,NULL,'\0',NULL,NULL,NULL),(806,'Fermilab','2016-06-21 14:18:46','/DC=org/DC=cilogon/C=US/O=Fermi National Accelerator Laboratory/OU=People/CN=Amanda Gao/CN=UID:agao','agao@fnal.gov','2019-06-01 00:00:00','Fermilab','Amanda','(630) 840-3351','Gao','\0',NULL,NULL,NULL),(809,NULL,'2016-06-21 15:36:41','/DC=org/DC=cilogon/C=US/O=Fermi National Accelerator Laboratory/OU=People/CN=Justin Vasel/CN=UID:jvasel','unknown@fnal.gov','2019-06-01 00:00:00',NULL,NULL,NULL,NULL,'\0',NULL,NULL,NULL),(812,NULL,'2016-06-21 16:03:33','/DC=org/DC=cilogon/C=US/O=Fermi National Accelerator Laboratory/OU=People/CN=Justin L. Hugon/CN=UID:jhugon','unknown@fnal.gov','2019-06-01 00:00:00',NULL,NULL,NULL,NULL,'\0',NULL,NULL,NULL),(815,NULL,'2016-06-22 14:03:08','/DC=org/DC=cilogon/C=US/O=Fermi National Accelerator Laboratory/OU=People/CN=Merina Albert/CN=UID:merina','merina@fnal.gov','2019-06-01 00:00:00',NULL,NULL,NULL,NULL,'\0',NULL,NULL,NULL),(818,NULL,'2016-06-28 12:02:55','/DC=org/DC=cilogon/C=US/O=Fermi National Accelerator Laboratory/OU=People/CN=Michael J. Soughton/CN=UID:soughton','unknown@fnal.gov','2019-06-01 00:00:00',NULL,NULL,NULL,NULL,'\0',NULL,NULL,NULL),(821,NULL,'2016-06-28 12:03:50','/DC=org/DC=cilogon/C=US/O=Fermi National Accelerator Laboratory/OU=People/CN=Lisa K. Crow/CN=UID:lcrow','unknown@fnal.gov','2019-06-01 00:00:00',NULL,NULL,NULL,NULL,'\0',NULL,NULL,NULL),(824,NULL,'2016-07-08 11:34:02','/DC=org/DC=cilogon/C=US/O=Fermi National Accelerator Laboratory/OU=People/CN=Charlotte L. Wallace/CN=UID:cwallace','unknown@fnal.gov','2019-06-01 00:00:00',NULL,NULL,NULL,NULL,'\0',NULL,NULL,NULL),(826,'Blackett Lab\r\nImperial College\r\nPrince Consort Road\r\nLondon\r\nSW7 2BW','2016-07-12 09:17:52','/C=UK/O=eScience/OU=Imperial/L=Physics/CN=dirac-pilot.grid.hep.ph.ic.ac.uk','lcg-site-admin@imperial.ac.uk','2019-06-01 00:00:00','Imperial College London','Dirac','02075947810','Pilot','\0',NULL,NULL,NULL),(827,NULL,'2016-07-14 08:47:11','/DC=org/DC=cilogon/C=US/O=Fermi National Accelerator Laboratory/OU=People/CN=Kelwin Matias/CN=UID:kmatias','unknown@fnal.gov','2019-06-01 00:00:00',NULL,NULL,NULL,NULL,'\0',NULL,NULL,NULL),(830,NULL,'2016-07-14 12:32:57','/DC=org/DC=cilogon/C=US/O=Fermi National Accelerator Laboratory/OU=People/CN=Karolina Juraskova/CN=UID:kjurasko','unknown@fnal.gov','2019-06-01 00:00:00',NULL,NULL,NULL,NULL,'\0',NULL,NULL,NULL),(832,'University of Houston','2016-07-18 18:13:48','/DC=org/DC=cilogon/C=US/O=Fermi National Accelerator Laboratory/OU=People/CN=Aaron Higuera pichardo/CN=UID:higuera','higuera@fnal.gov','2019-06-01 00:00:00','University of Houston','Aaron','555-555-5555','Higuera','\0',NULL,NULL,NULL),(833,NULL,'2016-07-19 11:17:21','/DC=org/DC=cilogon/C=US/O=Fermi National Accelerator Laboratory/OU=People/CN=Marco Roda/CN=UID:mroda','unknown@fnal.gov','2019-06-01 00:00:00',NULL,NULL,NULL,NULL,'\0',NULL,NULL,NULL),(836,'','2016-07-19 11:31:25','/DC=org/DC=cilogon/C=US/O=Fermi National Accelerator Laboratory/OU=People/CN=William H. Kyle/CN=UID:whkyle','whkyle@fnal.gov','2019-06-01 00:00:00','Kansas State University','William','','Kyle','\0',NULL,NULL,NULL),(840,NULL,'2016-08-01 09:47:00','/DC=org/DC=cilogon/C=US/O=Fermi National Accelerator Laboratory/OU=People/CN=Letizia Parato/CN=UID:lparato','unknown@fnal.gov','2019-06-01 00:00:00',NULL,NULL,NULL,NULL,'\0',NULL,NULL,NULL),(846,NULL,'2016-08-01 16:34:20','/DC=org/DC=cilogon/C=US/O=Fermi National Accelerator Laboratory/OU=People/CN=Hin lok henoch Wong/CN=UID:hwong','unknown@fnal.gov','2019-06-01 00:00:00',NULL,NULL,NULL,NULL,'\0',NULL,NULL,NULL),(852,NULL,'2016-08-09 14:31:07','','unknown@fnal.gov','2019-06-01 00:00:00',NULL,NULL,NULL,NULL,'\0',NULL,NULL,NULL),(855,NULL,'2016-08-09 14:31:52','/DC=org/DC=cilogon/C=US/O=Fermi National Accelerator Laboratory/OU=People/CN=Kyle Knoepfel/CN=UID:knoepfel','unknown@fnal.gov','2019-06-01 00:00:00',NULL,NULL,NULL,NULL,'\0',NULL,NULL,NULL),(858,'','2016-08-09 14:43:48','/DC=org/DC=cilogon/C=US/O=Fermi National Accelerator Laboratory/OU=People/CN=Igor V. Mandrichenko/CN=UID:ivm','unknown@fnal.gov','2019-06-01 00:00:00','Fermilab','Igor','','Mandrichenko','\0',NULL,NULL,NULL),(861,NULL,'2016-08-09 14:44:39','/DC=org/DC=cilogon/C=US/O=Fermi National Accelerator Laboratory/OU=People/CN=Kevin Retzke/CN=UID:kretzke','unknown@fnal.gov','2019-06-01 00:00:00',NULL,NULL,NULL,NULL,'\0',NULL,NULL,NULL),(864,NULL,'2016-08-11 15:18:56','/DC=org/DC=cilogon/C=US/O=Fermi National Accelerator Laboratory/OU=People/CN=Camillo Mariani/CN=UID:mariani','unknown@fnal.gov','2019-06-01 00:00:00',NULL,NULL,NULL,NULL,'\0',NULL,NULL,NULL),(867,NULL,'2016-08-11 15:27:07','/DC=org/DC=cilogon/C=US/O=Fermi National Accelerator Laboratory/OU=People/CN=Artur M. Ankowski/CN=UID:aankowsk','unknown@fnal.gov','2019-06-01 00:00:00',NULL,NULL,NULL,NULL,'\0',NULL,NULL,NULL),(870,NULL,'2016-08-15 11:09:23','/DC=org/DC=cilogon/C=US/O=Fermi National Accelerator Laboratory/OU=People/CN=Joseph Zennamo/CN=UID:jaz8600','unknown@fnal.gov','2019-06-01 00:00:00',NULL,NULL,NULL,NULL,'\0',NULL,NULL,NULL),(873,NULL,'2016-08-16 13:53:54','/DC=org/DC=cilogon/C=US/O=Fermi National Accelerator Laboratory/OU=People/CN=Sakshi Gupta/CN=UID:sgupta','unknown@fnal.gov','2019-06-01 00:00:00',NULL,NULL,NULL,NULL,'\0',NULL,NULL,NULL),(875,NULL,'2016-08-18 13:43:52','/DC=org/DC=cilogon/C=US/O=Fermi National Accelerator Laboratory/OU=People/CN=Giovanna Lehmann/CN=UID:glehmann','unknown@fnal.gov','2019-06-01 00:00:00',NULL,NULL,NULL,NULL,'\0',NULL,NULL,NULL),(879,NULL,'2016-08-25 13:47:43','/DC=org/DC=cilogon/C=US/O=Fermi National Accelerator Laboratory/OU=People/CN=Xiaoyi Sun/CN=UID:xiaoyis','unknown@fnal.gov','2019-06-01 00:00:00',NULL,NULL,NULL,NULL,'\0',NULL,NULL,NULL),(882,NULL,'2016-08-26 12:35:15','/DC=org/DC=cilogon/C=US/O=Fermi National Accelerator Laboratory/OU=People/CN=Minerba Betancourt/CN=UID:betan009','unknown@fnal.gov','2019-06-01 00:00:00',NULL,NULL,NULL,NULL,'\0',NULL,NULL,NULL),(885,NULL,'2016-08-30 09:32:36','/DC=org/DC=cilogon/C=US/O=Fermi National Accelerator Laboratory/OU=People/CN=Frank Filthaut/CN=UID:filthaut','unknown@fnal.gov','2019-06-01 00:00:00',NULL,NULL,NULL,NULL,'\0',NULL,NULL,NULL),(891,NULL,'2016-09-07 09:13:19','/DC=org/DC=cilogon/C=US/O=Fermi National Accelerator Laboratory/OU=People/CN=Jiyeon Han/CN=UID:jyhan','unknown@fnal.gov','2019-06-01 00:00:00',NULL,NULL,NULL,NULL,'\0',NULL,NULL,NULL),(894,NULL,'2016-09-07 15:17:15','/DC=org/DC=cilogon/C=US/O=Fermi National Accelerator Laboratory/OU=People/CN=Miriama Rajaoalisoa/CN=UID:mrajaoal','unknown@fnal.gov','2019-06-01 00:00:00',NULL,NULL,NULL,NULL,'\0',NULL,NULL,NULL),(897,NULL,'2016-09-08 10:49:43','/DC=org/DC=cilogon/C=US/O=Fermi National Accelerator Laboratory/OU=People/CN=Herilala S. Razafinime/CN=UID:hrazafin','unknown@fnal.gov','2019-06-01 00:00:00',NULL,NULL,NULL,NULL,'\0',NULL,NULL,NULL),(899,NULL,'2016-09-09 12:01:54','/DC=org/DC=cilogon/C=US/O=Fermi National Accelerator Laboratory/OU=People/CN=Mario A. Acero ortega/CN=UID:macero','unknown@fnal.gov','2019-06-01 00:00:00',NULL,NULL,NULL,NULL,'\0',NULL,NULL,NULL),(902,NULL,'2016-09-09 15:37:24','/DC=org/DC=cilogon/C=US/O=Fermi National Accelerator Laboratory/OU=People/CN=Zarko Pavlovic/CN=UID:zarko','unknown@fnal.gov','2019-06-01 00:00:00',NULL,NULL,NULL,NULL,'\0',NULL,NULL,NULL),(905,NULL,'2016-09-12 15:54:52','/DC=org/DC=cilogon/C=US/O=Fermi National Accelerator Laboratory/OU=People/CN=Jorge Navarro/CN=UID:jnavarro','unknown@fnal.gov','2019-06-01 00:00:00',NULL,NULL,NULL,NULL,'\0',NULL,NULL,NULL),(918,NULL,'2016-09-14 17:01:54','/DC=org/DC=cilogon/C=US/O=Fermi National Accelerator Laboratory/OU=People/CN=Ivan Caro Terrazas/CN=UID:icaro','unknown@fnal.gov','2019-06-01 00:00:00',NULL,NULL,NULL,NULL,'\0',NULL,NULL,NULL),(921,NULL,'2016-09-14 17:10:30','/DC=org/DC=cilogon/C=US/O=Fermi National Accelerator Laboratory/OU=People/CN=Jaroslav Zalesak/CN=UID:zalesak','unknown@fnal.gov','2019-06-01 00:00:00',NULL,NULL,NULL,NULL,'\0',NULL,NULL,NULL),(924,NULL,'2016-09-16 11:35:14','/DC=org/DC=cilogon/C=US/O=Fermi National Accelerator Laboratory/OU=People/CN=Christopher Marshall/CN=UID:marshalc','unknown@fnal.gov','2019-06-01 00:00:00',NULL,NULL,NULL,NULL,'\0',NULL,NULL,NULL),(927,NULL,'2016-09-16 11:37:56','/DC=org/DC=cilogon/C=US/O=Fermi National Accelerator Laboratory/OU=People/CN=David De muth/CN=UID:demuth','unknown@fnal.gov','2019-06-01 00:00:00',NULL,NULL,NULL,NULL,'\0',NULL,NULL,NULL),(930,NULL,'2016-09-16 11:38:35','/DC=org/DC=cilogon/C=US/O=Fermi National Accelerator Laboratory/OU=People/CN=Lucas Mendes santos/CN=UID:lmendes','unknown@fnal.gov','2019-06-01 00:00:00',NULL,NULL,NULL,NULL,'\0',NULL,NULL,NULL),(933,NULL,'2016-09-16 12:12:38','/DC=org/DC=cilogon/C=US/O=Fermi National Accelerator Laboratory/OU=People/CN=Joshua Barrow/CN=UID:jbarrow','unknown@fnal.gov','2019-06-01 00:00:00',NULL,NULL,NULL,NULL,'\0',NULL,NULL,NULL),(936,NULL,'2016-09-16 12:16:39','/DC=org/DC=cilogon/C=US/O=Fermi National Accelerator Laboratory/OU=People/CN=Reddy pratap Gandrajula/CN=UID:fl14973v','unknown@fnal.gov','2019-06-01 00:00:00',NULL,NULL,NULL,NULL,'\0',NULL,NULL,NULL),(939,NULL,'2016-09-16 12:17:24','/DC=org/DC=cilogon/C=US/O=Fermi National Accelerator Laboratory/OU=People/CN=Pengfei Ding/CN=UID:dingpf','unknown@fnal.gov','2019-06-01 00:00:00',NULL,NULL,NULL,NULL,'\0',NULL,NULL,NULL),(942,NULL,'2016-09-16 12:17:53','/DC=org/DC=cilogon/C=US/O=Fermi National Accelerator Laboratory/OU=People/CN=Leonidas Aliaga Soplin/CN=UID:laliaga','unknown@fnal.gov','2019-06-01 00:00:00',NULL,NULL,NULL,NULL,'\0',NULL,NULL,NULL),(945,NULL,'2016-09-16 12:18:26','/DC=org/DC=cilogon/C=US/O=Fermi National Accelerator Laboratory/OU=People/CN=Aristeidis Tsaris/CN=UID:atsaris','unknown@fnal.gov','2019-06-01 00:00:00',NULL,NULL,NULL,NULL,'\0',NULL,NULL,NULL),(948,NULL,'2016-09-16 12:29:37','/DC=org/DC=cilogon/C=US/O=Fermi National Accelerator Laboratory/OU=People/CN=Edgar Valencia/CN=UID:evalen','unknown@fnal.gov','2019-06-01 00:00:00',NULL,NULL,NULL,NULL,'\0',NULL,NULL,NULL),(951,NULL,'2016-09-16 12:36:42','/DC=org/DC=cilogon/C=US/O=Fermi National Accelerator Laboratory/OU=People/CN=Pavel Snopok/CN=UID:snopok','unknown@fnal.gov','2019-06-01 00:00:00',NULL,NULL,NULL,NULL,'\0',NULL,NULL,NULL),(953,NULL,'2016-09-19 10:14:03','/DC=org/DC=cilogon/C=US/O=Fermi National Accelerator Laboratory/OU=People/CN=Ben Rybolt/CN=UID:brybolt','unknown@fnal.gov','2019-06-01 00:00:00',NULL,NULL,NULL,NULL,'\0',NULL,NULL,NULL),(956,NULL,'2016-09-19 10:30:45','/DC=org/DC=cilogon/C=US/O=Fermi National Accelerator Laboratory/OU=People/CN=P Norris/CN=UID:pnorris','unknown@fnal.gov','2019-06-01 00:00:00',NULL,NULL,NULL,NULL,'\0',NULL,NULL,NULL),(959,NULL,'2016-09-20 16:13:56','/DC=org/DC=cilogon/C=US/O=Fermi National Accelerator Laboratory/OU=People/CN=Asher Kaboth/CN=UID:ackaboth','unknown@fnal.gov','2019-06-01 00:00:00',NULL,NULL,NULL,NULL,'\0',NULL,NULL,NULL),(962,NULL,'2016-09-22 17:12:47','/DC=org/DC=cilogon/C=US/O=Fermi National Accelerator Laboratory/OU=People/CN=Nicholas Smith/CN=UID:nbsmith','unknown@fnal.gov','2019-06-01 00:00:00',NULL,NULL,NULL,NULL,'\0',NULL,NULL,NULL),(965,NULL,'2016-09-23 15:59:41','/DC=org/DC=cilogon/C=US/O=Fermi National Accelerator Laboratory/OU=People/CN=Lisa Lin/CN=UID:llin','unknown@fnal.gov','2019-06-01 00:00:00',NULL,NULL,NULL,NULL,'\0',NULL,NULL,NULL),(968,NULL,'2016-09-26 11:09:06','/DC=org/DC=cilogon/C=US/O=Fermi National Accelerator Laboratory/OU=People/CN=Victor Cervantes/CN=UID:vcervant','unknown@fnal.gov','2019-06-01 00:00:00',NULL,NULL,NULL,NULL,'\0',NULL,NULL,NULL),(971,NULL,'2016-09-27 16:04:01','/DC=org/DC=cilogon/C=US/O=Fermi National Accelerator Laboratory/OU=People/CN=Kathryn Downey/CN=UID:kdowney','unknown@fnal.gov','2019-06-01 00:00:00',NULL,NULL,NULL,NULL,'\0',NULL,NULL,NULL),(974,NULL,'2016-09-29 16:01:26','/DC=org/DC=cilogon/C=US/O=Fermi National Accelerator Laboratory/OU=People/CN=Kirk Bays/CN=UID:bays','unknown@fnal.gov','2019-06-01 00:00:00',NULL,NULL,NULL,NULL,'\0',NULL,NULL,NULL),(980,NULL,'2016-10-05 15:31:26','/DC=org/DC=cilogon/C=US/O=Fermi National Accelerator Laboratory/OU=People/CN=Nicholas Lira/CN=UID:nlira','unknown@fnal.gov','2019-06-01 00:00:00',NULL,NULL,NULL,NULL,'\0',NULL,NULL,NULL),(986,NULL,'2016-10-11 14:20:53','/DC=org/DC=cilogon/C=US/O=Fermi National Accelerator Laboratory/OU=People/CN=Reddy pratap Gandrajula/CN=UID:reddypg','unknown@fnal.gov','2019-06-01 00:00:00',NULL,NULL,NULL,NULL,'\0',NULL,NULL,NULL),(989,NULL,'2016-10-11 14:22:03','/DC=org/DC=cilogon/C=US/O=Fermi National Accelerator Laboratory/OU=People/CN=Alessandra Tonazzo/CN=UID:atonazzo','unknown@fnal.gov','2019-06-01 00:00:00',NULL,NULL,NULL,NULL,'\0',NULL,NULL,NULL),(992,NULL,'2016-10-11 14:25:32','/DC=org/DC=cilogon/C=US/O=Fermi National Accelerator Laboratory/OU=People/CN=Jacob Calcutt/CN=UID:calcuttj','unknown@fnal.gov','2019-06-01 00:00:00',NULL,NULL,NULL,NULL,'\0',NULL,NULL,NULL),(998,NULL,'2016-10-13 10:28:13','/DC=org/DC=cilogon/C=US/O=Fermi National Accelerator Laboratory/OU=People/CN=Leigh Whitehead/CN=UID:lwhite86','unknown@fnal.gov','2019-06-01 00:00:00',NULL,NULL,NULL,NULL,'\0',NULL,NULL,NULL),(1004,NULL,'2016-10-20 08:44:37','/DC=org/DC=cilogon/C=US/O=Fermi National Accelerator Laboratory/OU=People/CN=Kerem Cankocak/CN=UID:cankocak','unknown@fnal.gov','2019-06-01 00:00:00',NULL,NULL,NULL,NULL,'\0',NULL,NULL,NULL),(1010,NULL,'2016-10-24 11:48:56','/DC=org/DC=cilogon/C=US/O=Fermi National Accelerator Laboratory/OU=People/CN=Milo Vermeulen/CN=UID:milov','unknown@fnal.gov','2019-06-01 00:00:00',NULL,NULL,NULL,NULL,'\0',NULL,NULL,NULL),(1016,NULL,'2016-10-25 14:01:05','/DC=org/DC=cilogon/C=US/O=Fermi National Accelerator Laboratory/OU=People/CN=Alexander Radovic/CN=UID:radovic','unknown@fnal.gov','2019-06-01 00:00:00',NULL,NULL,NULL,NULL,'\0',NULL,NULL,NULL),(1019,NULL,'2016-10-26 11:42:01','/DC=org/DC=cilogon/C=US/O=Fermi National Accelerator Laboratory/OU=People/CN=Samantha Tetef/CN=UID:stetef','unknown@fnal.gov','2019-06-01 00:00:00',NULL,NULL,NULL,NULL,'\0',NULL,NULL,NULL),(1022,NULL,'2016-10-26 13:27:18','/DC=org/DC=cilogon/C=US/O=Fermi National Accelerator Laboratory/OU=People/CN=Aiden Reynolds/CN=UID:areynold','unknown@fnal.gov','2019-06-01 00:00:00',NULL,NULL,NULL,NULL,'\0',NULL,NULL,NULL),(1028,NULL,'2016-10-28 11:39:51','/DC=org/DC=cilogon/C=US/O=Fermi National Accelerator Laboratory/OU=People/CN=Jingbo Wang/CN=UID:wjingbo','unknown@fnal.gov','2019-06-01 00:00:00',NULL,NULL,NULL,NULL,'\0',NULL,NULL,NULL),(1031,NULL,'2016-10-28 13:44:31','/DC=org/DC=cilogon/C=US/O=Fermi National Accelerator Laboratory/OU=People/CN=Guang Yang/CN=UID:gyang','unknown@fnal.gov','2019-06-01 00:00:00',NULL,NULL,NULL,NULL,'\0',NULL,NULL,NULL),(1037,NULL,'2016-11-10 09:08:34','/DC=org/DC=cilogon/C=US/O=Fermi National Accelerator Laboratory/OU=People/CN=Nektarios Benekos/CN=UID:nbenekos','unknown@fnal.gov','2019-06-01 00:00:00',NULL,NULL,NULL,NULL,'\0',NULL,NULL,NULL),(1040,NULL,'2016-11-10 10:37:05','/DC=org/DC=cilogon/C=US/O=Fermi National Accelerator Laboratory/OU=People/CN=Arbin Timilsina/CN=UID:arbint','unknown@fnal.gov','2019-06-01 00:00:00',NULL,NULL,NULL,NULL,'\0',NULL,NULL,NULL),(1043,NULL,'2016-11-10 10:37:41','/DC=org/DC=cilogon/C=US/O=Fermi National Accelerator Laboratory/OU=People/CN=Hans Sharma/CN=UID:hsharma','unknown@fnal.gov','2019-06-01 00:00:00',NULL,NULL,NULL,NULL,'\0',NULL,NULL,NULL),(1046,NULL,'2016-11-14 16:07:37','/DC=org/DC=cilogon/C=US/O=Fermi National Accelerator Laboratory/OU=People/CN=Ana Amelia Machado/CN=UID:amachado','unknown@fnal.gov','2019-06-01 00:00:00',NULL,NULL,NULL,NULL,'\0',NULL,NULL,NULL),(1049,NULL,'2016-11-16 11:23:03','/DC=org/DC=cilogon/C=US/O=Fermi National Accelerator Laboratory/OU=People/CN=Vikas Gupta/CN=UID:vgupta2','unknown@fnal.gov','2019-06-01 00:00:00',NULL,NULL,NULL,NULL,'\0',NULL,NULL,NULL),(1053,NULL,'2016-11-17 10:21:42','/DC=org/DC=cilogon/C=US/O=Fermi National Accelerator Laboratory/OU=People/CN=Felipe Garcia Ken Kamiya/CN=UID:fgarciak','unknown@fnal.gov','2019-06-01 00:00:00',NULL,NULL,NULL,NULL,'\0',NULL,NULL,NULL),(1056,NULL,'2016-11-30 11:21:36','/DC=org/DC=cilogon/C=US/O=Fermi National Accelerator Laboratory/OU=People/CN=Owen Goodwin/CN=UID:ogoodwin','unknown@fnal.gov','2019-06-01 00:00:00',NULL,NULL,NULL,NULL,'\0',NULL,NULL,NULL),(1059,NULL,'2016-12-05 16:20:11','/DC=org/DC=cilogon/C=US/O=Fermi National Accelerator Laboratory/OU=People/CN=Voica Radescu/CN=UID:vradescu','unknown@fnal.gov','2019-06-01 00:00:00',NULL,NULL,NULL,NULL,'\0',NULL,NULL,NULL),(1062,NULL,'2016-12-09 08:58:02','/DC=org/DC=cilogon/C=US/O=Fermi National Accelerator Laboratory/OU=People/CN=Alan Watson/CN=UID:atwatson','unknown@fnal.gov','2019-06-01 00:00:00',NULL,NULL,NULL,NULL,'\0',NULL,NULL,NULL),(1065,NULL,'2016-12-12 15:53:43','/DC=org/DC=cilogon/C=US/O=Fermi National Accelerator Laboratory/OU=People/CN=Shelby Routt/CN=UID:sroutt','unknown@fnal.gov','2019-06-01 00:00:00',NULL,NULL,NULL,NULL,'\0',NULL,NULL,NULL),(1068,'','2016-12-14 15:23:49','/DC=org/DC=cilogon/C=US/O=Fermi National Accelerator Laboratory/OU=People/CN=Christoph Alt/CN=UID:calt','calt@fnal.gov','2019-06-01 00:00:00','','Christoph','','Alt','\0',NULL,NULL,NULL),(1071,NULL,'2016-12-14 15:35:56','/DC=org/DC=cilogon/C=US/O=Fermi National Accelerator Laboratory/OU=People/CN=Edward Atkin/CN=UID:eatkin','unknown@fnal.gov','2019-06-01 00:00:00',NULL,NULL,NULL,NULL,'\0',NULL,NULL,NULL),(1074,NULL,'2016-12-19 13:19:41','/DC=org/DC=cilogon/C=US/O=Fermi National Accelerator Laboratory/OU=People/CN=Jaydip Singh/CN=UID:jdsingh','unknown@fnal.gov','2019-06-01 00:00:00',NULL,NULL,NULL,NULL,'\0',NULL,NULL,NULL),(1077,NULL,'2017-01-04 16:03:30','/DC=org/DC=cilogon/C=US/O=Fermi National Accelerator Laboratory/OU=People/CN=Rowan Zaki/CN=UID:rzaki','unknown@fnal.gov','2019-06-01 00:00:00',NULL,NULL,NULL,NULL,'\0',NULL,NULL,NULL),(1080,NULL,'2017-01-06 16:21:54','/DC=org/DC=cilogon/C=US/O=Fermi National Accelerator Laboratory/OU=People/CN=Jane Nachtman/CN=UID:nachtman','unknown@fnal.gov','2019-06-01 00:00:00',NULL,NULL,NULL,NULL,'\0',NULL,NULL,NULL),(1083,NULL,'2017-01-06 16:22:33','/DC=org/DC=cilogon/C=US/O=Fermi National Accelerator Laboratory/OU=People/CN=Ivan Lepetic/CN=UID:ilepetic','unknown@fnal.gov','2019-06-01 00:00:00',NULL,NULL,NULL,NULL,'\0',NULL,NULL,NULL),(1086,'Sussex, UK','2017-01-10 13:42:37','/DC=org/DC=cilogon/C=US/O=Fermi National Accelerator Laboratory/OU=People/CN=Michael Baird/CN=UID:mbaird42','mbaird42@fnal.gov','2019-06-01 00:00:00','University of Sussex','Michael','44 1273 877658 ','Baird','\0',NULL,NULL,NULL),(1089,NULL,'2017-01-12 14:47:38','/DC=org/DC=cilogon/C=US/O=Fermi National Accelerator Laboratory/OU=People/CN=William Henninger/CN=UID:whenning','unknown@fnal.gov','2019-06-01 00:00:00',NULL,NULL,NULL,NULL,'\0',NULL,NULL,NULL),(1092,NULL,'2017-01-19 11:21:34','/DC=org/DC=cilogon/C=US/O=Fermi National Accelerator Laboratory/OU=People/CN=Justin Cole/CN=UID:jcole970','unknown@fnal.gov','2019-06-01 00:00:00',NULL,NULL,NULL,NULL,'\0',NULL,NULL,NULL),(1095,NULL,'2017-01-19 11:23:16','/DC=org/DC=cilogon/C=US/O=Fermi National Accelerator Laboratory/OU=People/CN=James Pillow/CN=UID:jpillow','unknown@fnal.gov','2019-06-01 00:00:00',NULL,NULL,NULL,NULL,'\0',NULL,NULL,NULL),(1098,NULL,'2017-01-23 17:04:32','/DC=org/DC=cilogon/C=US/O=Fermi National Accelerator Laboratory/OU=People/CN=Tyler Rehak/CN=UID:trehak','unknown@fnal.gov','2019-06-01 00:00:00',NULL,NULL,NULL,NULL,'\0',NULL,NULL,NULL),(1101,NULL,'2017-01-24 17:07:36','/DC=org/DC=cilogon/C=US/O=Fermi National Accelerator Laboratory/OU=People/CN=Pawel Guzowski/CN=UID:guzowski','unknown@fnal.gov','2019-06-01 00:00:00',NULL,NULL,NULL,NULL,'\0',NULL,NULL,NULL),(1104,NULL,'2017-01-24 17:08:57','/DC=org/DC=cilogon/C=US/O=Fermi National Accelerator Laboratory/OU=People/CN=Jeremy Wolcott/CN=UID:jwolcott','unknown@fnal.gov','2019-06-01 00:00:00',NULL,NULL,NULL,NULL,'\0',NULL,NULL,NULL),(1107,NULL,'2017-01-24 17:09:33','/DC=org/DC=cilogon/C=US/O=Fermi National Accelerator Laboratory/OU=People/CN=Orgho Neogi/CN=UID:oneogi','unknown@fnal.gov','2019-06-01 00:00:00',NULL,NULL,NULL,NULL,'\0',NULL,NULL,NULL),(1110,NULL,'2017-01-25 15:50:19','/DC=org/DC=cilogon/C=US/O=Fermi National Accelerator Laboratory/OU=People/CN=Andrew Renshaw/CN=UID:arenshaw','unknown@fnal.gov','2019-06-01 00:00:00',NULL,NULL,NULL,NULL,'\0',NULL,NULL,NULL),(1113,NULL,'2017-01-25 15:54:58','/DC=org/DC=cilogon/C=US/O=Fermi National Accelerator Laboratory/OU=People/CN=Umut Kose/CN=UID:ukose','unknown@fnal.gov','2019-06-01 00:00:00',NULL,NULL,NULL,NULL,'\0',NULL,NULL,NULL),(1119,NULL,'2017-01-30 17:31:57','/DC=org/DC=cilogon/C=US/O=Fermi National Accelerator Laboratory/OU=People/CN=Antonino Sergi/CN=UID:asergi','unknown@fnal.gov','2019-06-01 00:00:00',NULL,NULL,NULL,NULL,'\0',NULL,NULL,NULL),(1122,NULL,'2017-01-30 17:32:28','/DC=org/DC=cilogon/C=US/O=Fermi National Accelerator Laboratory/OU=People/CN=Emma Davenport/CN=UID:edavenpo','unknown@fnal.gov','2019-06-01 00:00:00',NULL,NULL,NULL,NULL,'\0',NULL,NULL,NULL),(1125,NULL,'2017-01-30 17:35:59','/DC=org/DC=cilogon/C=US/O=Fermi National Accelerator Laboratory/OU=People/CN=Jonathan Asaadi/CN=UID:jasaadi','unknown@fnal.gov','2019-06-01 00:00:00',NULL,NULL,NULL,NULL,'\0',NULL,NULL,NULL),(1131,NULL,'2017-02-02 11:48:02','/DC=org/DC=cilogon/C=US/O=Fermi National Accelerator Laboratory/OU=People/CN=Jonathan Dolde/CN=UID:jdolde','unknown@fnal.gov','2019-06-01 00:00:00',NULL,NULL,NULL,NULL,'\0',NULL,NULL,NULL),(1137,NULL,'2017-02-02 14:22:15','/DC=org/DC=cilogon/C=US/O=Fermi National Accelerator Laboratory/OU=People/CN=David Rivera/CN=UID:drivera','unknown@fnal.gov','2019-06-01 00:00:00',NULL,NULL,NULL,NULL,'\0',NULL,NULL,NULL),(1140,NULL,'2017-02-03 11:24:07','/DC=org/DC=cilogon/C=US/O=Fermi National Accelerator Laboratory/OU=People/CN=Chang hwan Jang/CN=UID:chjang','unknown@fnal.gov','2019-06-01 00:00:00',NULL,NULL,NULL,NULL,'\0',NULL,NULL,NULL),(1146,'','2017-02-06 09:34:29','/DC=org/DC=cilogon/C=US/O=Fermi National Accelerator Laboratory/OU=People/CN=Kai Loo/CN=UID:kloo','kloo@fnal.gov','2019-06-01 00:00:00','','Kai','','Loo','\0',NULL,NULL,NULL),(1152,NULL,'2017-02-16 09:01:14','/DC=org/DC=cilogon/C=US/O=Fermi National Accelerator Laboratory/OU=People/CN=Ajib Paudel/CN=UID:apaudel','unknown@fnal.gov','2019-06-01 00:00:00',NULL,NULL,NULL,NULL,'\0',NULL,NULL,NULL),(1156,NULL,'2017-02-17 15:43:11','/DC=org/DC=cilogon/C=US/O=Fermi National Accelerator Laboratory/OU=People/CN=Cody Milne/CN=UID:cmilne','unknown@fnal.gov','2019-06-01 00:00:00',NULL,NULL,NULL,NULL,'\0',NULL,NULL,NULL),(1159,NULL,'2017-02-20 10:09:29','/DC=org/DC=cilogon/C=US/O=Fermi National Accelerator Laboratory/OU=People/CN=Stephanie Mazur/CN=UID:smazur','unknown@fnal.gov','2019-06-01 00:00:00',NULL,NULL,NULL,NULL,'\0',NULL,NULL,NULL),(1165,NULL,'2017-02-21 15:41:58','/DC=org/DC=cilogon/C=US/O=Fermi National Accelerator Laboratory/OU=People/CN=Heng-Ye Liao/CN=UID:hyliao','unknown@fnal.gov','2019-06-01 00:00:00',NULL,NULL,NULL,NULL,'\0',NULL,NULL,NULL),(1168,NULL,'2017-02-22 14:34:01','/DC=org/DC=cilogon/C=US/O=Fermi National Accelerator Laboratory/OU=People/CN=Nicolas Lurkin/CN=UID:nlurkin','unknown@fnal.gov','2019-06-01 00:00:00',NULL,NULL,NULL,NULL,'\0',NULL,NULL,NULL),(1171,NULL,'2017-02-23 14:53:29','/DC=org/DC=cilogon/C=US/O=Fermi National Accelerator Laboratory/OU=People/CN=Mary Reno/CN=UID:mhreno','unknown@fnal.gov','2019-06-01 00:00:00',NULL,NULL,NULL,NULL,'\0',NULL,NULL,NULL),(1177,NULL,'2017-03-01 16:37:49','/DC=org/DC=cilogon/C=US/O=Fermi National Accelerator Laboratory/OU=People/CN=Balint Radics/CN=UID:bradics','unknown@fnal.gov','2019-06-01 00:00:00',NULL,NULL,NULL,NULL,'\0',NULL,NULL,NULL),(1180,NULL,'2017-03-02 11:25:55','/DC=org/DC=cilogon/C=US/O=Fermi National Accelerator Laboratory/OU=People/CN=Andrea Scarpelli/CN=UID:ascarpel','unknown@fnal.gov','2019-06-01 00:00:00',NULL,NULL,NULL,NULL,'\0',NULL,NULL,NULL),(1183,NULL,'2017-03-03 12:07:49','/DC=org/DC=cilogon/C=US/O=Fermi National Accelerator Laboratory/OU=People/CN=Maharnab Bhattacharjee/CN=UID:mbhatt17','unknown@fnal.gov','2019-06-01 00:00:00',NULL,NULL,NULL,NULL,'\0',NULL,NULL,NULL),(1185,NULL,'2017-03-16 10:26:23','/DC=org/DC=cilogon/C=US/O=Fermi National Accelerator Laboratory/OU=People/CN=Mengyao Huang/CN=UID:mhuang','unknown@fnal.gov','2019-06-01 00:00:00',NULL,NULL,NULL,NULL,'\0',NULL,NULL,NULL),(1188,NULL,'2017-03-30 10:49:51','/DC=org/DC=cilogon/C=US/O=Fermi National Accelerator Laboratory/OU=People/CN=Marzio Nessi/CN=UID:nessi','unknown@fnal.gov','2019-06-01 00:00:00',NULL,NULL,NULL,NULL,'\0',NULL,NULL,NULL),(1194,NULL,'2017-04-03 15:37:40','/DC=org/DC=cilogon/C=US/O=Fermi National Accelerator Laboratory/OU=People/CN=David Christian/CN=UID:dcc','unknown@fnal.gov','2019-06-01 00:00:00',NULL,NULL,NULL,NULL,'\0',NULL,NULL,NULL),(1200,NULL,'2017-04-05 13:52:01','/DC=org/DC=cilogon/C=US/O=Fermi National Accelerator Laboratory/OU=People/CN=Jonathon Sensenig/CN=UID:sensenig','unknown@fnal.gov','2019-06-01 00:00:00',NULL,NULL,NULL,NULL,'\0',NULL,NULL,NULL),(1203,NULL,'2017-04-05 13:53:02','/DC=org/DC=cilogon/C=US/O=Fermi National Accelerator Laboratory/OU=People/CN=Kevin Fusshoeller/CN=UID:kevinfu','unknown@fnal.gov','2019-06-01 00:00:00',NULL,NULL,NULL,NULL,'\0',NULL,NULL,NULL),(1206,NULL,'2017-04-05 13:55:05','/DC=org/DC=cilogon/C=US/O=Fermi National Accelerator Laboratory/OU=People/CN=Lige Zhang/CN=UID:lzhang','unknown@fnal.gov','2019-06-01 00:00:00',NULL,NULL,NULL,NULL,'\0',NULL,NULL,NULL),(1212,'Iowa State University','2017-04-06 11:22:58','/DC=org/DC=cilogon/C=US/O=Fermi National Accelerator Laboratory/OU=People/CN=Thomas Warburton/CN=UID:karlwarb','karlwarb@fnal.gov','2019-06-01 00:00:00','Iowa State University','Karl','3313051802','Warburton','\0',NULL,NULL,NULL),(1218,NULL,'2017-04-18 16:25:21','/DC=org/DC=cilogon/C=US/O=Fermi National Accelerator Laboratory/OU=People/CN=Robert Illingworth/CN=UID:illingwo','unknown@fnal.gov','2019-06-01 00:00:00',NULL,NULL,NULL,NULL,'\0',NULL,NULL,NULL),(1224,NULL,'2017-04-19 11:23:43','/DC=org/DC=cilogon/C=US/O=Fermi National Accelerator Laboratory/OU=People/CN=Diego Gamez/CN=UID:dgamez','unknown@fnal.gov','2019-06-01 00:00:00',NULL,NULL,NULL,NULL,'\0',NULL,NULL,NULL),(1230,NULL,'2017-04-20 14:12:32','/DC=org/DC=cilogon/C=US/O=Fermi National Accelerator Laboratory/OU=People/CN=Etienne Chardonnet/CN=UID:echardon','unknown@fnal.gov','2019-06-01 00:00:00',NULL,NULL,NULL,NULL,'\0',NULL,NULL,NULL),(1236,NULL,'2017-04-24 16:13:47','/DC=org/DC=cilogon/C=US/O=Fermi National Accelerator Laboratory/OU=People/CN=Maxim Potekhin/CN=UID:mxp','unknown@fnal.gov','2019-06-01 00:00:00',NULL,NULL,NULL,NULL,'\0',NULL,NULL,NULL),(1239,NULL,'2017-04-25 10:34:17','/DC=org/DC=cilogon/C=US/O=Fermi National Accelerator Laboratory/OU=People/CN=Bruno Zamorano/CN=UID:bzamoran','unknown@fnal.gov','2019-06-01 00:00:00',NULL,NULL,NULL,NULL,'\0',NULL,NULL,NULL),(1245,NULL,'2017-04-28 11:08:30','/DC=org/DC=cilogon/C=US/O=Fermi National Accelerator Laboratory/OU=People/CN=Brandon White/CN=UID:bjwhite','unknown@fnal.gov','2019-06-01 00:00:00',NULL,NULL,NULL,NULL,'\0',NULL,NULL,NULL),(1248,NULL,'2017-04-28 15:02:30','/DC=org/DC=cilogon/C=US/O=Fermi National Accelerator Laboratory/OU=People/CN=Bing Guo/CN=UID:mylab','unknown@fnal.gov','2019-06-01 00:00:00',NULL,NULL,NULL,NULL,'\0',NULL,NULL,NULL),(1254,NULL,'2017-04-28 16:01:53','/DC=org/DC=cilogon/C=US/O=Fermi National Accelerator Laboratory/OU=People/CN=Michael Kordosky/CN=UID:kordosky','unknown@fnal.gov','2019-06-01 00:00:00',NULL,NULL,NULL,NULL,'\0',NULL,NULL,NULL),(1260,NULL,'2017-05-05 10:15:58','/DC=org/DC=cilogon/C=US/O=Fermi National Accelerator Laboratory/OU=People/CN=Paul Russo/CN=UID:russo','unknown@fnal.gov','2019-06-01 00:00:00',NULL,NULL,NULL,NULL,'\0',NULL,NULL,NULL),(1266,NULL,'2017-05-08 11:04:00','/DC=org/DC=cilogon/C=US/O=Fermi National Accelerator Laboratory/OU=People/CN=Jonathan Miller/CN=UID:jam3','unknown@fnal.gov','2019-06-01 00:00:00',NULL,NULL,NULL,NULL,'\0',NULL,NULL,NULL),(1272,NULL,'2017-05-08 15:48:27','/DC=org/DC=cilogon/C=US/O=Fermi National Accelerator Laboratory/OU=People/CN=Jost Migenda/CN=UID:jmigenda','unknown@fnal.gov','2019-06-01 00:00:00',NULL,NULL,NULL,NULL,'\0',NULL,NULL,NULL),(1278,NULL,'2017-05-11 11:22:49','/DC=org/DC=cilogon/C=US/O=Fermi National Accelerator Laboratory/OU=People/CN=Volodymyr Aushev/CN=UID:aushev','unknown@fnal.gov','2019-06-01 00:00:00',NULL,NULL,NULL,NULL,'\0',NULL,NULL,NULL),(1284,NULL,'2017-05-12 13:03:07','/DC=org/DC=cilogon/C=US/O=Fermi National Accelerator Laboratory/OU=People/CN=Runxiong Dong/CN=UID:rdong','unknown@fnal.gov','2019-06-01 00:00:00',NULL,NULL,NULL,NULL,'\0',NULL,NULL,NULL),(1287,NULL,'2017-05-12 15:09:48','/DC=org/DC=cilogon/C=US/O=Fermi National Accelerator Laboratory/OU=People/CN=David Friant/CN=UID:dfriant','unknown@fnal.gov','2019-06-01 00:00:00',NULL,NULL,NULL,NULL,'\0',NULL,NULL,NULL),(1293,NULL,'2017-05-12 16:21:35','/DC=org/DC=cilogon/C=US/O=Fermi National Accelerator Laboratory/OU=People/CN=Clara Cuesta/CN=UID:ccuesta','unknown@fnal.gov','2019-06-01 00:00:00',NULL,NULL,NULL,NULL,'\0',NULL,NULL,NULL),(1299,NULL,'2017-05-15 09:13:47','/DC=org/DC=cilogon/C=US/O=Fermi National Accelerator Laboratory/OU=People/CN=Luke Corwin/CN=UID:corwin','unknown@fnal.gov','2019-06-01 00:00:00',NULL,NULL,NULL,NULL,'\0',NULL,NULL,NULL),(1305,NULL,'2017-05-15 15:32:49','/DC=org/DC=cilogon/C=US/O=Fermi National Accelerator Laboratory/OU=People/CN=Thomas Coan/CN=UID:tecoan','unknown@fnal.gov','2019-06-01 00:00:00',NULL,NULL,NULL,NULL,'\0',NULL,NULL,NULL),(1311,'','2017-05-16 11:11:51','/DC=org/DC=cilogon/C=US/O=Fermi National Accelerator Laboratory/OU=People/CN=Ruth Pordes/CN=UID:ruth','ruth@fnal.gov','2019-06-01 00:00:00','Fermilab','Ruth','','Pordes','\0',NULL,NULL,NULL),(1314,NULL,'2017-05-16 11:51:51','/DC=org/DC=cilogon/C=US/O=Fermi National Accelerator Laboratory/OU=People/CN=Cory Rude/CN=UID:coryrude','unknown@fnal.gov','2019-06-01 00:00:00',NULL,NULL,NULL,NULL,'\0',NULL,NULL,NULL),(1317,NULL,'2017-05-16 11:57:36','/DC=org/DC=cilogon/C=US/O=Fermi National Accelerator Laboratory/OU=People/CN=James Maloney/CN=UID:jmaloney','unknown@fnal.gov','2019-06-01 00:00:00',NULL,NULL,NULL,NULL,'\0',NULL,NULL,NULL),(1320,NULL,'2017-05-16 11:58:09','/DC=org/DC=cilogon/C=US/O=Fermi National Accelerator Laboratory/OU=People/CN=Richard Diurba/CN=UID:rdiurba','unknown@fnal.gov','2019-06-01 00:00:00',NULL,NULL,NULL,NULL,'\0',NULL,NULL,NULL),(1323,NULL,'2017-05-17 08:47:58','/DC=org/DC=cilogon/C=US/O=Fermi National Accelerator Laboratory/OU=People/CN=Petr Vokac/CN=UID:vokac','unknown@fnal.gov','2019-06-01 00:00:00',NULL,NULL,NULL,NULL,'\0',NULL,NULL,NULL),(1329,NULL,'2017-05-17 13:18:25','/DC=org/DC=cilogon/C=US/O=Fermi National Accelerator Laboratory/OU=People/CN=Maritza Delgado/CN=UID:jdelgadg','unknown@fnal.gov','2019-06-01 00:00:00',NULL,NULL,NULL,NULL,'\0',NULL,NULL,NULL),(1331,'Meyrin','2017-05-17 14:50:29','/DC=ch/DC=cern/OU=Organic Units/OU=Users/CN=bejones/CN=731043/CN=Ben Jones','ben.dylan.jones@cern.ch','2019-06-01 00:00:00','CERN','Ben','888','Jones','\0',NULL,NULL,NULL),(1335,NULL,'2017-05-19 11:46:49','/DC=org/DC=cilogon/C=US/O=Fermi National Accelerator Laboratory/OU=People/CN=Kevin Wierman/CN=UID:kwierman','unknown@fnal.gov','2019-06-01 00:00:00',NULL,NULL,NULL,NULL,'\0',NULL,NULL,NULL),(1338,NULL,'2017-05-19 11:47:17','/DC=org/DC=cilogon/C=US/O=Fermi National Accelerator Laboratory/OU=People/CN=Holger Meyer/CN=UID:hmeyer','unknown@fnal.gov','2019-06-01 00:00:00',NULL,NULL,NULL,NULL,'\0',NULL,NULL,NULL),(1344,NULL,'2017-05-19 14:14:15','/DC=org/DC=cilogon/C=US/O=Fermi National Accelerator Laboratory/OU=People/CN=Michael Johnson/CN=UID:mfj4342','unknown@fnal.gov','2019-06-01 00:00:00',NULL,NULL,NULL,NULL,'\0',NULL,NULL,NULL),(1347,NULL,'2017-05-19 14:14:50','/DC=org/DC=cilogon/C=US/O=Fermi National Accelerator Laboratory/OU=People/CN=Glenn Vanwinkle/CN=UID:gvanwink','unknown@fnal.gov','2019-06-01 00:00:00',NULL,NULL,NULL,NULL,'\0',NULL,NULL,NULL),(1349,NULL,'2017-05-23 09:06:14','/DC=org/DC=cilogon/C=US/O=Fermi National Accelerator Laboratory/OU=People/CN=Piotr Plonski/CN=UID:pplonski','unknown@fnal.gov','2019-06-01 00:00:00',NULL,NULL,NULL,NULL,'\0',NULL,NULL,NULL),(1355,NULL,'2017-05-30 12:36:59','/DC=org/DC=cilogon/C=US/O=Fermi National Accelerator Laboratory/OU=People/CN=James Frisby/CN=UID:jfrisby','unknown@fnal.gov','2019-06-01 00:00:00',NULL,NULL,NULL,NULL,'\0',NULL,NULL,NULL),(1358,NULL,'2017-06-02 13:00:20','/DC=org/DC=cilogon/C=US/O=Fermi National Accelerator Laboratory/OU=People/CN=Abi Babak/CN=UID:babakabi','unknown@fnal.gov','2019-06-01 00:00:00',NULL,NULL,NULL,NULL,'\0',NULL,NULL,NULL),(1361,NULL,'2017-06-02 16:19:44','/DC=org/DC=cilogon/C=US/O=Fermi National Accelerator Laboratory/OU=People/CN=Connor Johnson/CN=UID:connorj','unknown@fnal.gov','2019-06-01 00:00:00',NULL,NULL,NULL,NULL,'\0',NULL,NULL,NULL),(1364,NULL,'2017-06-02 16:20:11','/DC=org/DC=cilogon/C=US/O=Fermi National Accelerator Laboratory/OU=People/CN=Luis Zazueta/CN=UID:lzazueta','unknown@fnal.gov','2019-06-01 00:00:00',NULL,NULL,NULL,NULL,'\0',NULL,NULL,NULL),(1367,NULL,'2017-06-07 13:32:19','/DC=org/DC=cilogon/C=US/O=Fermi National Accelerator Laboratory/OU=People/CN=Deywis Moreno/CN=UID:dmoreno','unknown@fnal.gov','2019-06-01 00:00:00',NULL,NULL,NULL,NULL,'\0',NULL,NULL,NULL),(1370,NULL,'2017-06-08 10:23:42','/DC=org/DC=cilogon/C=US/O=Fermi National Accelerator Laboratory/OU=People/CN=Bruno Coimbra/CN=UID:coimbra','unknown@fnal.gov','2019-06-01 00:00:00',NULL,NULL,NULL,NULL,'\0',NULL,NULL,NULL),(1373,NULL,'2017-06-08 11:30:07','/DC=org/DC=cilogon/C=US/O=Fermi National Accelerator Laboratory/OU=People/CN=Erik Torres/CN=UID:etorres','unknown@fnal.gov','2019-06-01 00:00:00',NULL,NULL,NULL,NULL,'\0',NULL,NULL,NULL),(1376,NULL,'2017-06-08 15:01:34','/DC=org/DC=cilogon/C=US/O=Fermi National Accelerator Laboratory/OU=People/CN=Kevin Ingles/CN=UID:kingles','unknown@fnal.gov','2019-06-01 00:00:00',NULL,NULL,NULL,NULL,'\0',NULL,NULL,NULL),(1379,NULL,'2017-06-09 11:01:05','/DC=org/DC=cilogon/C=US/O=Fermi National Accelerator Laboratory/OU=People/CN=Christopher Macias/CN=UID:cmacias','unknown@fnal.gov','2019-06-01 00:00:00',NULL,NULL,NULL,NULL,'\0',NULL,NULL,NULL),(1382,NULL,'2017-06-09 11:48:24','/DC=org/DC=cilogon/C=US/O=Fermi National Accelerator Laboratory/OU=People/CN=Joshua Mills/CN=UID:jmills','unknown@fnal.gov','2019-06-01 00:00:00',NULL,NULL,NULL,NULL,'\0',NULL,NULL,NULL),(1385,NULL,'2017-06-13 09:18:08','/DC=org/DC=cilogon/C=US/O=Fermi National Accelerator Laboratory/OU=People/CN=Katie Mason/CN=UID:kmason','unknown@fnal.gov','2019-06-01 00:00:00',NULL,NULL,NULL,NULL,'\0',NULL,NULL,NULL),(1388,NULL,'2017-06-13 09:19:46','/DC=org/DC=cilogon/C=US/O=Fermi National Accelerator Laboratory/OU=People/CN=Lu Ren/CN=UID:renlu23','unknown@fnal.gov','2019-06-01 00:00:00',NULL,NULL,NULL,NULL,'\0',NULL,NULL,NULL),(1391,NULL,'2017-06-13 09:20:55','/DC=org/DC=cilogon/C=US/O=Fermi National Accelerator Laboratory/OU=People/CN=Justin Evans/CN=UID:evansj','unknown@fnal.gov','2019-06-01 00:00:00',NULL,NULL,NULL,NULL,'\0',NULL,NULL,NULL),(1394,NULL,'2017-06-13 09:44:11','/DC=org/DC=cilogon/C=US/O=Fermi National Accelerator Laboratory/OU=People/CN=Olivia Barron/CN=UID:obarron','unknown@fnal.gov','2019-06-01 00:00:00',NULL,NULL,NULL,NULL,'\0',NULL,NULL,NULL),(1400,NULL,'2017-06-20 16:24:43','/DC=org/DC=cilogon/C=US/O=Fermi National Accelerator Laboratory/OU=People/CN=Devin Moore/CN=UID:dmoore','unknown@fnal.gov','2019-06-01 00:00:00',NULL,NULL,NULL,NULL,'\0',NULL,NULL,NULL),(1403,NULL,'2017-06-21 09:36:05','/DC=org/DC=cilogon/C=US/O=Fermi National Accelerator Laboratory/OU=People/CN=Joseph Previdi/CN=UID:jprevidi','unknown@fnal.gov','2019-06-01 00:00:00',NULL,NULL,NULL,NULL,'\0',NULL,NULL,NULL),(1409,NULL,'2017-06-23 12:05:28','/DC=org/DC=cilogon/C=US/O=Fermi National Accelerator Laboratory/OU=People/CN=Yuriy Onishchuk/CN=UID:yonishch','unknown@fnal.gov','2019-06-01 00:00:00',NULL,NULL,NULL,NULL,'\0',NULL,NULL,NULL),(1415,NULL,'2017-06-23 16:22:57','/DC=org/DC=cilogon/C=US/O=Fermi National Accelerator Laboratory/OU=People/CN=Francesco Pietropaolo/CN=UID:fpietrop','unknown@fnal.gov','2019-06-01 00:00:00',NULL,NULL,NULL,NULL,'\0',NULL,NULL,NULL),(1418,NULL,'2017-06-23 16:27:40','/DC=org/DC=cilogon/C=US/O=Fermi National Accelerator Laboratory/OU=People/CN=Franz Muheim/CN=UID:fmuheim','unknown@fnal.gov','2019-06-01 00:00:00',NULL,NULL,NULL,NULL,'\0',NULL,NULL,NULL),(1424,NULL,'2017-06-28 12:16:55','/DC=org/DC=cilogon/C=US/O=Fermi National Accelerator Laboratory/OU=People/CN=Caspar Schloesser/CN=UID:cschloes','unknown@fnal.gov','2019-06-01 00:00:00',NULL,NULL,NULL,NULL,'\0',NULL,NULL,NULL),(1427,NULL,'2017-06-30 15:41:16','/DC=org/DC=cilogon/C=US/O=Fermi National Accelerator Laboratory/OU=People/CN=Connor Minnis/CN=UID:cminnis','unknown@fnal.gov','2019-06-01 00:00:00',NULL,NULL,NULL,NULL,'\0',NULL,NULL,NULL),(1430,NULL,'2017-06-30 15:42:26','/DC=org/DC=cilogon/C=US/O=Fermi National Accelerator Laboratory/OU=People/CN=Luz Gomez/CN=UID:lsgomez','unknown@fnal.gov','2019-06-01 00:00:00',NULL,NULL,NULL,NULL,'\0',NULL,NULL,NULL),(1433,NULL,'2017-06-30 15:42:54','/DC=org/DC=cilogon/C=US/O=Fermi National Accelerator Laboratory/OU=People/CN=Philippe Cotte/CN=UID:pcotte','unknown@fnal.gov','2019-06-01 00:00:00',NULL,NULL,NULL,NULL,'\0',NULL,NULL,NULL),(1436,NULL,'2017-07-06 11:14:46','/DC=org/DC=cilogon/C=US/O=Fermi National Accelerator Laboratory/OU=People/CN=Alexander Friedland/CN=UID:alexfr','unknown@fnal.gov','2019-06-01 00:00:00',NULL,NULL,NULL,NULL,'\0',NULL,NULL,NULL),(1439,'Columbia University','2017-07-07 17:22:36','/DC=org/DC=cilogon/C=US/O=Fermi National Accelerator Laboratory/OU=People/CN=Georgia Karagiorgi/CN=UID:georgiak','georgiak@fnal.gov','2019-06-01 00:00:00','Columbia University','Georgia','+44 161 306 6466  ','Karagiorgi','\0',NULL,NULL,NULL),(1445,NULL,'2017-07-10 12:35:44','/DC=org/DC=cilogon/C=US/O=Fermi National Accelerator Laboratory/OU=People/CN=Paolo Franchini/CN=UID:pfranchi','unknown@fnal.gov','2019-06-01 00:00:00',NULL,NULL,NULL,NULL,'\0',NULL,NULL,NULL),(1448,NULL,'2017-07-11 15:52:36','/DC=org/DC=cilogon/C=US/O=Fermi National Accelerator Laboratory/OU=People/CN=Adam Aurisano/CN=UID:aurisano','unknown@fnal.gov','2019-06-01 00:00:00',NULL,NULL,NULL,NULL,'\0',NULL,NULL,NULL),(1451,NULL,'2017-07-14 13:36:32','/DC=org/DC=cilogon/C=US/O=Fermi National Accelerator Laboratory/OU=People/CN=Yuyang Zhou/CN=UID:yzhou','unknown@fnal.gov','2019-06-01 00:00:00',NULL,NULL,NULL,NULL,'\0',NULL,NULL,NULL),(1454,NULL,'2017-07-14 16:21:42','/DC=org/DC=cilogon/C=US/O=Fermi National Accelerator Laboratory/OU=People/CN=Maggie Beheler-amass/CN=UID:mbeheler','unknown@fnal.gov','2019-06-01 00:00:00',NULL,NULL,NULL,NULL,'\0',NULL,NULL,NULL),(1457,NULL,'2017-07-18 11:10:59','/DC=org/DC=cilogon/C=US/O=Fermi National Accelerator Laboratory/OU=People/CN=Hajime Muramatsu/CN=UID:hajime3','unknown@fnal.gov','2019-06-01 00:00:00',NULL,NULL,NULL,NULL,'\0',NULL,NULL,NULL),(1460,'Indiana University','2017-07-18 12:06:02','/DC=org/DC=cilogon/C=US/O=Fermi National Accelerator Laboratory/OU=People/CN=Bruce Howard/CN=UID:howard','howard@fnal.gov','2019-06-01 00:00:00','Indiana University','Bruce','812-855-5705 ','Howard','\0',NULL,NULL,NULL),(1463,NULL,'2017-07-19 09:34:39','/DC=org/DC=cilogon/C=US/O=Fermi National Accelerator Laboratory/OU=People/CN=James j. Russell/CN=UID:jrussell','unknown@fnal.gov','2019-06-01 00:00:00',NULL,NULL,NULL,NULL,'\0',NULL,NULL,NULL),(1466,NULL,'2017-07-21 11:32:24','/DC=org/DC=cilogon/C=US/O=Fermi National Accelerator Laboratory/OU=People/CN=Junting Huang/CN=UID:junting','unknown@fnal.gov','2019-06-01 00:00:00',NULL,NULL,NULL,NULL,'\0',NULL,NULL,NULL),(1469,NULL,'2017-07-21 15:04:35','/DC=org/DC=cilogon/C=US/O=Fermi National Accelerator Laboratory/OU=People/CN=Hongyue Duyang/CN=UID:duyang','unknown@fnal.gov','2019-06-01 00:00:00',NULL,NULL,NULL,NULL,'\0',NULL,NULL,NULL),(1472,NULL,'2017-07-24 11:52:48','/DC=org/DC=cilogon/C=US/O=Fermi National Accelerator Laboratory/OU=People/CN=Logan Rice/CN=UID:lrice','unknown@fnal.gov','2019-06-01 00:00:00',NULL,NULL,NULL,NULL,'\0',NULL,NULL,NULL),(1475,NULL,'2017-07-24 16:44:58','/DC=org/DC=cilogon/C=US/O=Fermi National Accelerator Laboratory/OU=People/CN=Marvin Ascencio sosa/CN=UID:mascenci','unknown@fnal.gov','2019-06-01 00:00:00',NULL,NULL,NULL,NULL,'\0',NULL,NULL,NULL),(1478,NULL,'2017-07-25 09:19:40','/DC=org/DC=cilogon/C=US/O=Fermi National Accelerator Laboratory/OU=People/CN=Carlos Pena rincon/CN=UID:cpena','unknown@fnal.gov','2019-06-01 00:00:00',NULL,NULL,NULL,NULL,'\0',NULL,NULL,NULL),(1481,NULL,'2017-07-25 09:20:08','/DC=org/DC=cilogon/C=US/O=Fermi National Accelerator Laboratory/OU=People/CN=Pedro Dedin neto/CN=UID:pneto','unknown@fnal.gov','2019-06-01 00:00:00',NULL,NULL,NULL,NULL,'\0',NULL,NULL,NULL),(1484,NULL,'2017-07-25 09:32:12','/DC=org/DC=cilogon/C=US/O=Fermi National Accelerator Laboratory/OU=People/CN=Jose alfonso Soto/CN=UID:jsoto','unknown@fnal.gov','2019-06-01 00:00:00',NULL,NULL,NULL,NULL,'\0',NULL,NULL,NULL),(1487,NULL,'2017-07-25 16:42:28','/DC=org/DC=cilogon/C=US/O=Fermi National Accelerator Laboratory/OU=People/CN=Hermes Martinez navas/CN=UID:hmartinz','unknown@fnal.gov','2019-06-01 00:00:00',NULL,NULL,NULL,NULL,'\0',NULL,NULL,NULL),(1490,NULL,'2017-07-26 12:11:49','/DC=org/DC=cilogon/C=US/O=Fermi National Accelerator Laboratory/OU=People/CN=Beatriz Tapia Oregui/CN=UID:btapiaor','unknown@fnal.gov','2019-06-01 00:00:00',NULL,NULL,NULL,NULL,'\0',NULL,NULL,NULL),(1493,'Fermilab','2017-07-27 13:12:15','/DC=org/DC=cilogon/C=US/O=Fermi National Accelerator Laboratory/OU=People/CN=Bruce Baller/CN=UID:baller','baller@fnal.gov','2019-06-01 00:00:00','Fermilab','Bruce','x2427','Baller','\0',NULL,NULL,NULL),(1496,NULL,'2017-07-28 15:34:30','/DC=org/DC=cilogon/C=US/O=Fermi National Accelerator Laboratory/OU=People/CN=Gabriela Barenboim/CN=UID:gabriela','unknown@fnal.gov','2019-06-01 00:00:00',NULL,NULL,NULL,NULL,'\0',NULL,NULL,NULL),(1499,NULL,'2017-07-28 15:37:02','/DC=org/DC=cilogon/C=US/O=Fermi National Accelerator Laboratory/OU=People/CN=Ara Ioannisyan/CN=UID:ara','unknown@fnal.gov','2019-06-01 00:00:00',NULL,NULL,NULL,NULL,'\0',NULL,NULL,NULL),(1502,NULL,'2017-07-28 15:37:33','/DC=org/DC=cilogon/C=US/O=Fermi National Accelerator Laboratory/OU=People/CN=Nestor Pachon/CN=UID:npachon','unknown@fnal.gov','2019-06-01 00:00:00',NULL,NULL,NULL,NULL,'\0',NULL,NULL,NULL),(1505,NULL,'2017-07-31 08:53:46','/DC=org/DC=cilogon/C=US/O=Fermi National Accelerator Laboratory/OU=People/CN=Supraja Balasubramanian/CN=UID:suprajab','unknown@fnal.gov','2019-06-01 00:00:00',NULL,NULL,NULL,NULL,'\0',NULL,NULL,NULL),(1511,NULL,'2017-08-01 08:37:02','/DC=org/DC=cilogon/C=US/O=Fermi National Accelerator Laboratory/OU=People/CN=Vitor Luzio/CN=UID:vluzio','unknown@fnal.gov','2019-06-01 00:00:00',NULL,NULL,NULL,NULL,'\0',NULL,NULL,NULL),(1514,NULL,'2017-08-04 12:10:45','/DC=org/DC=cilogon/C=US/O=Fermi National Accelerator Laboratory/OU=People/CN=Pablo Fernandez Menendez/CN=UID:pablofer','unknown@fnal.gov','2019-06-01 00:00:00',NULL,NULL,NULL,NULL,'\0',NULL,NULL,NULL),(1517,NULL,'2017-08-09 10:23:30','/DC=org/DC=cilogon/C=US/O=Fermi National Accelerator Laboratory/OU=People/CN=Elena Gramellini/CN=UID:elenag','unknown@fnal.gov','2019-06-01 00:00:00',NULL,NULL,NULL,NULL,'\0',NULL,NULL,NULL),(1520,NULL,'2017-08-09 10:24:01','/DC=org/DC=cilogon/C=US/O=Fermi National Accelerator Laboratory/OU=People/CN=Jonas Rademacker/CN=UID:rademack','unknown@fnal.gov','2019-06-01 00:00:00',NULL,NULL,NULL,NULL,'\0',NULL,NULL,NULL),(1523,NULL,'2017-08-09 13:44:53','/DC=org/DC=cilogon/C=US/O=Fermi National Accelerator Laboratory/OU=People/CN=Dung Phan/CN=UID:dphan','unknown@fnal.gov','2019-06-01 00:00:00',NULL,NULL,NULL,NULL,'\0',NULL,NULL,NULL),(1526,NULL,'2017-08-10 11:11:38','/DC=org/DC=cilogon/C=US/O=Fermi National Accelerator Laboratory/OU=People/CN=Roland Sipos/CN=UID:rsipos','unknown@fnal.gov','2019-06-01 00:00:00',NULL,NULL,NULL,NULL,'\0',NULL,NULL,NULL),(1529,NULL,'2017-08-10 13:00:14','/DC=org/DC=cilogon/C=US/O=Fermi National Accelerator Laboratory/OU=People/CN=Enrico Gamberini/CN=UID:egamberi','unknown@fnal.gov','2019-06-01 00:00:00',NULL,NULL,NULL,NULL,'\0',NULL,NULL,NULL),(1532,NULL,'2017-08-11 15:57:51','/DC=org/DC=cilogon/C=US/O=Fermi National Accelerator Laboratory/OU=People/CN=Monica Nunes/CN=UID:mosnunes','unknown@fnal.gov','2019-06-01 00:00:00',NULL,NULL,NULL,NULL,'\0',NULL,NULL,NULL),(1535,NULL,'2017-08-14 14:26:53','/DC=org/DC=cilogon/C=US/O=Fermi National Accelerator Laboratory/OU=People/CN=Paolo Baesso/CN=UID:pbaesso','unknown@fnal.gov','2019-06-01 00:00:00',NULL,NULL,NULL,NULL,'\0',NULL,NULL,NULL),(1538,NULL,'2017-08-15 12:34:37','/DC=org/DC=cilogon/C=US/O=Fermi National Accelerator Laboratory/OU=People/CN=Renan Silva Soares/CN=UID:rsoares','unknown@fnal.gov','2019-06-01 00:00:00',NULL,NULL,NULL,NULL,'\0',NULL,NULL,NULL),(1541,NULL,'2017-08-16 16:31:32','/DC=org/DC=cilogon/C=US/O=Fermi National Accelerator Laboratory/OU=People/CN=Andrew Norman/CN=UID:anorman','unknown@fnal.gov','2019-06-01 00:00:00',NULL,NULL,NULL,NULL,'\0',NULL,NULL,NULL),(1544,NULL,'2017-08-16 16:32:26','/DC=org/DC=cilogon/C=US/O=Fermi National Accelerator Laboratory/OU=People/CN=David Newbold/CN=UID:dnewbold','unknown@fnal.gov','2019-06-01 00:00:00',NULL,NULL,NULL,NULL,'\0',NULL,NULL,NULL),(1546,NULL,'2017-08-17 10:31:47','/DC=org/DC=cilogon/C=US/O=Fermi National Accelerator Laboratory/OU=People/CN=Katherine Dugas/CN=UID:kvdugas','unknown@fnal.gov','2019-06-01 00:00:00',NULL,NULL,NULL,NULL,'\0',NULL,NULL,NULL),(1552,NULL,'2017-08-17 13:23:31','/DC=org/DC=cilogon/C=US/O=Fermi National Accelerator Laboratory/OU=People/CN=Luke Pickering/CN=UID:picker24','unknown@fnal.gov','2019-06-01 00:00:00',NULL,NULL,NULL,NULL,'\0',NULL,NULL,NULL),(1558,NULL,'2017-08-23 12:54:44','/DC=org/DC=cilogon/C=US/O=Fermi National Accelerator Laboratory/OU=People/CN=Dario Autiero/CN=UID:dautiero','unknown@fnal.gov','2019-06-01 00:00:00',NULL,NULL,NULL,NULL,'\0',NULL,NULL,NULL),(1561,NULL,'2017-08-29 08:45:33','/DC=org/DC=cilogon/C=US/O=Fermi National Accelerator Laboratory/OU=People/CN=Ilsoo Seong/CN=UID:iseong','unknown@fnal.gov','2019-06-01 00:00:00',NULL,NULL,NULL,NULL,'\0',NULL,NULL,NULL),(1564,NULL,'2017-08-29 13:57:35','/DC=org/DC=cilogon/C=US/O=Fermi National Accelerator Laboratory/OU=People/CN=Daniel Douglas/CN=UID:ddouglas','unknown@fnal.gov','2019-06-01 00:00:00',NULL,NULL,NULL,NULL,'\0',NULL,NULL,NULL),(1570,NULL,'2017-09-01 11:02:40','/DC=org/DC=cilogon/C=US/O=Fermi National Accelerator Laboratory/OU=People/CN=Thomas Carroll/CN=UID:tcarroll','unknown@fnal.gov','2019-06-01 00:00:00',NULL,NULL,NULL,NULL,'\0',NULL,NULL,NULL),(1576,NULL,'2017-09-07 11:42:18','/DC=org/DC=cilogon/C=US/O=Fermi National Accelerator Laboratory/OU=People/CN=Kirsty Duffy/CN=UID:kduffy','unknown@fnal.gov','2019-06-01 00:00:00',NULL,NULL,NULL,NULL,'\0',NULL,NULL,NULL),(1582,NULL,'2017-09-12 08:51:47','/DC=org/DC=cilogon/C=US/O=Fermi National Accelerator Laboratory/OU=People/CN=Adryanna Smith/CN=UID:adsmith','unknown@fnal.gov','2019-06-01 00:00:00',NULL,NULL,NULL,NULL,'\0',NULL,NULL,NULL),(1588,NULL,'2017-09-14 16:30:03','/DC=org/DC=cilogon/C=US/O=Fermi National Accelerator Laboratory/OU=People/CN=Steven Green/CN=UID:sgreen','unknown@fnal.gov','2019-06-01 00:00:00',NULL,NULL,NULL,NULL,'\0',NULL,NULL,NULL),(1594,NULL,'2017-09-21 09:13:41','/DC=org/DC=cilogon/C=US/O=Fermi National Accelerator Laboratory/OU=People/CN=Charles e. Lane/CN=UID:celane','unknown@fnal.gov','2019-06-01 00:00:00',NULL,NULL,NULL,NULL,'\0',NULL,NULL,NULL),(1597,NULL,'2017-09-22 09:02:23','/DC=org/DC=cilogon/C=US/O=Fermi National Accelerator Laboratory/OU=People/CN=Tejin Cai/CN=UID:tejinc','unknown@fnal.gov','2019-06-01 00:00:00',NULL,NULL,NULL,NULL,'\0',NULL,NULL,NULL),(1603,NULL,'2017-09-29 10:49:47','/DC=org/DC=cilogon/C=US/O=Fermi National Accelerator Laboratory/OU=People/CN=Philip Rodrigues/CN=UID:rodriges','unknown@fnal.gov','2019-06-01 00:00:00',NULL,NULL,NULL,NULL,'\0',NULL,NULL,NULL),(1609,NULL,'2017-10-09 11:02:53','/DC=org/DC=cilogon/C=US/O=Fermi National Accelerator Laboratory/OU=People/CN=Joshua Thompson/CN=UID:joshualt','unknown@fnal.gov','2019-06-01 00:00:00',NULL,NULL,NULL,NULL,'\0',NULL,NULL,NULL),(1612,NULL,'2017-10-12 12:33:59','/DC=org/DC=cilogon/C=US/O=Fermi National Accelerator Laboratory/OU=People/CN=Sebastian Jones/CN=UID:sbjones','unknown@fnal.gov','2019-06-01 00:00:00',NULL,NULL,NULL,NULL,'\0',NULL,NULL,NULL),(1618,NULL,'2017-10-17 08:57:47','/DC=org/DC=cilogon/C=US/O=Fermi National Accelerator Laboratory/OU=People/CN=Fabio Spagliardi/CN=UID:fspaglia','unknown@fnal.gov','2019-06-01 00:00:00',NULL,NULL,NULL,NULL,'\0',NULL,NULL,NULL),(1624,NULL,'2017-10-17 11:59:54','/DC=org/DC=cilogon/C=US/O=Fermi National Accelerator Laboratory/OU=People/CN=Guilherme Lima/CN=UID:lima','unknown@fnal.gov','2019-06-01 00:00:00',NULL,NULL,NULL,NULL,'\0',NULL,NULL,NULL),(1630,NULL,'2017-10-19 11:29:09','/DC=org/DC=cilogon/C=US/O=Fermi National Accelerator Laboratory/OU=People/CN=Dean Shooltz/CN=UID:shooltz','unknown@fnal.gov','2019-06-01 00:00:00',NULL,NULL,NULL,NULL,'\0',NULL,NULL,NULL),(1636,'','2017-10-23 13:28:16','/DC=org/DC=cilogon/C=US/O=Fermi National Accelerator Laboratory/OU=People/CN=Ivan Furic/CN=UID:ikfuric','ikfuric@fnal.gov','2019-06-01 00:00:00','University of Florida','Ivan','','Furic','\0',NULL,NULL,NULL),(1642,NULL,'2017-10-25 08:45:25','/DC=org/DC=cilogon/C=US/O=Fermi National Accelerator Laboratory/OU=People/CN=Anne Schukraft/CN=UID:aschu','unknown@fnal.gov','2019-06-01 00:00:00',NULL,NULL,NULL,NULL,'\0',NULL,NULL,NULL),(1648,NULL,'2017-10-25 12:02:00','/DC=org/DC=cilogon/C=US/O=Fermi National Accelerator Laboratory/OU=People/CN=Sam Cooper/CN=UID:scooper','unknown@fnal.gov','2019-06-01 00:00:00',NULL,NULL,NULL,NULL,'\0',NULL,NULL,NULL),(1654,NULL,'2017-10-26 15:11:20','/DC=org/DC=cilogon/C=US/O=Fermi National Accelerator Laboratory/OU=People/CN=William Griffith/CN=UID:wgriffit','unknown@fnal.gov','2019-06-01 00:00:00',NULL,NULL,NULL,NULL,'\0',NULL,NULL,NULL),(1657,NULL,'2017-10-26 15:12:12','/DC=org/DC=cilogon/C=US/O=Fermi National Accelerator Laboratory/OU=People/CN=Jake Baguley/CN=UID:jbaguley','unknown@fnal.gov','2019-06-01 00:00:00',NULL,NULL,NULL,NULL,'\0',NULL,NULL,NULL),(1663,NULL,'2017-11-03 11:39:05','/DC=org/DC=cilogon/C=US/O=Fermi National Accelerator Laboratory/OU=People/CN=Thomas Kutter/CN=UID:kutter','unknown@fnal.gov','2019-06-01 00:00:00',NULL,NULL,NULL,NULL,'\0',NULL,NULL,NULL),(1669,NULL,'2017-11-06 09:46:00','/DC=org/DC=cilogon/C=US/O=Fermi National Accelerator Laboratory/OU=People/CN=Jogesh Rout/CN=UID:jrout','unknown@fnal.gov','2019-06-01 00:00:00',NULL,NULL,NULL,NULL,'\0',NULL,NULL,NULL),(1675,NULL,'2017-11-06 16:16:24','/DC=org/DC=cilogon/C=US/O=Fermi National Accelerator Laboratory/OU=People/CN=Viktor Pec/CN=UID:vpec','unknown@fnal.gov','2019-06-01 00:00:00',NULL,NULL,NULL,NULL,'\0',NULL,NULL,NULL),(1681,NULL,'2017-11-07 14:11:57','/DC=org/DC=cilogon/C=US/O=Fermi National Accelerator Laboratory/OU=People/CN=Alfredo Aranda/CN=UID:aaranda','unknown@fnal.gov','2019-06-01 00:00:00',NULL,NULL,NULL,NULL,'\0',NULL,NULL,NULL),(1687,NULL,'2017-11-08 10:34:05','/DC=org/DC=cilogon/C=US/O=Fermi National Accelerator Laboratory/OU=People/CN=Tom Lord/CN=UID:tlord','unknown@fnal.gov','2019-06-01 00:00:00',NULL,NULL,NULL,NULL,'\0',NULL,NULL,NULL),(1693,'PO Box 500\r\n\r\nSteve Timm is contact.','2017-11-09 08:43:34','/DC=org/DC=opensciencegrid/O=Open Science Grid/OU=Services/CN=np02/dunesamgpvm02.fnal.gov','timm@fnal.gov','2019-06-01 00:00:00','Fermilab','NP02 Data','630 840 8525','Movement','\0',NULL,NULL,NULL),(1699,NULL,'2017-11-09 09:55:19','/DC=org/DC=cilogon/C=US/O=Fermi National Accelerator Laboratory/OU=People/CN=Taritree Wongjirad/CN=UID:tmw','unknown@fnal.gov','2019-06-01 00:00:00',NULL,NULL,NULL,NULL,'\0',NULL,NULL,NULL),(1702,NULL,'2017-11-09 11:24:45','/DC=org/DC=cilogon/C=US/O=Fermi National Accelerator Laboratory/OU=People/CN=Jose Ignacio Crespo Anadon/CN=UID:jcrespo','unknown@fnal.gov','2019-06-01 00:00:00',NULL,NULL,NULL,NULL,'\0',NULL,NULL,NULL),(1708,NULL,'2017-11-09 15:37:10','/DC=org/DC=cilogon/C=US/O=Fermi National Accelerator Laboratory/OU=People/CN=Joel Greer/CN=UID:jgreer','unknown@fnal.gov','2019-06-01 00:00:00',NULL,NULL,NULL,NULL,'\0',NULL,NULL,NULL),(1714,NULL,'2017-11-13 14:53:21','/DC=org/DC=cilogon/C=US/O=Fermi National Accelerator Laboratory/OU=People/CN=Jose Palomino Gallo/CN=UID:jpalomin','unknown@fnal.gov','2019-06-01 00:00:00',NULL,NULL,NULL,NULL,'\0',NULL,NULL,NULL),(1717,NULL,'2017-11-14 11:44:54','/DC=org/DC=cilogon/C=US/O=Fermi National Accelerator Laboratory/OU=People/CN=Pablo Rosas/CN=UID:prosas','unknown@fnal.gov','2019-06-01 00:00:00',NULL,NULL,NULL,NULL,'\0',NULL,NULL,NULL),(1720,NULL,'2017-11-14 11:45:19','/DC=org/DC=cilogon/C=US/O=Fermi National Accelerator Laboratory/OU=People/CN=Luis Delgadillo-Franco/CN=UID:ldelgadi','unknown@fnal.gov','2019-06-01 00:00:00',NULL,NULL,NULL,NULL,'\0',NULL,NULL,NULL),(1726,NULL,'2017-11-15 09:01:24','/DC=org/DC=cilogon/C=US/O=Fermi National Accelerator Laboratory/OU=People/CN=Margaret Votava/CN=UID:votava','unknown@fnal.gov','2019-06-01 00:00:00',NULL,NULL,NULL,NULL,'\0',NULL,NULL,NULL),(1728,NULL,'2017-11-15 15:56:40','/DC=org/DC=cilogon/C=US/O=Fermi National Accelerator Laboratory/OU=People/CN=Thomas Kosc/CN=UID:tkosc','unknown@fnal.gov','2019-06-01 00:00:00',NULL,NULL,NULL,NULL,'\0',NULL,NULL,NULL),(1734,NULL,'2017-11-20 10:01:39','/DC=org/DC=cilogon/C=US/O=Fermi National Accelerator Laboratory/OU=People/CN=Iker De-icaza-astiz/CN=UID:icaza','unknown@fnal.gov','2019-06-01 00:00:00',NULL,NULL,NULL,NULL,'\0',NULL,NULL,NULL),(1740,NULL,'2017-11-21 14:09:22','/DC=org/DC=cilogon/C=US/O=Fermi National Accelerator Laboratory/OU=People/CN=Andrew Mastbaum/CN=UID:mastbaum','unknown@fnal.gov','2019-06-01 00:00:00',NULL,NULL,NULL,NULL,'\0',NULL,NULL,NULL),(1746,NULL,'2017-11-22 09:11:25','/DC=org/DC=cilogon/C=US/O=Fermi National Accelerator Laboratory/OU=People/CN=Matteo Tenti/CN=UID:mtenti','unknown@fnal.gov','2019-06-01 00:00:00',NULL,NULL,NULL,NULL,'\0',NULL,NULL,NULL),(1749,NULL,'2017-11-22 09:12:58','/DC=org/DC=cilogon/C=US/O=Fermi National Accelerator Laboratory/OU=People/CN=Hao chuan Lei/CN=UID:hlei','unknown@fnal.gov','2019-06-01 00:00:00',NULL,NULL,NULL,NULL,'\0',NULL,NULL,NULL),(1752,NULL,'2017-11-22 09:15:54','/DC=org/DC=cilogon/C=US/O=Fermi National Accelerator Laboratory/OU=People/CN=Hunter Meyer/CN=UID:hmeyer5','unknown@fnal.gov','2019-06-01 00:00:00',NULL,NULL,NULL,NULL,'\0',NULL,NULL,NULL),(1758,NULL,'2017-11-27 09:56:00','/DC=org/DC=cilogon/C=US/O=Fermi National Accelerator Laboratory/OU=People/CN=Vincent Basque/CN=UID:vbasque','unknown@fnal.gov','2019-06-01 00:00:00',NULL,NULL,NULL,NULL,'\0',NULL,NULL,NULL),(1760,NULL,'2017-11-28 09:45:46','/DC=org/DC=cilogon/C=US/O=Fermi National Accelerator Laboratory/OU=People/CN=Kuan Qi/CN=UID:kqi','unknown@fnal.gov','2019-06-01 00:00:00',NULL,NULL,NULL,NULL,'\0',NULL,NULL,NULL),(1766,NULL,'2017-12-04 16:25:58','/DC=org/DC=cilogon/C=US/O=Fermi National Accelerator Laboratory/OU=People/CN=Andrew Furmanski/CN=UID:afurmans','unknown@fnal.gov','2019-06-01 00:00:00',NULL,NULL,NULL,NULL,'\0',NULL,NULL,NULL),(1769,NULL,'2017-12-04 16:27:38','/DC=org/DC=cilogon/C=US/O=Fermi National Accelerator Laboratory/OU=People/CN=John Brooke/CN=UID:jbrooke','unknown@fnal.gov','2019-06-01 00:00:00',NULL,NULL,NULL,NULL,'\0',NULL,NULL,NULL),(1775,NULL,'2017-12-06 11:57:23','/DC=org/DC=cilogon/C=US/O=Fermi National Accelerator Laboratory/OU=People/CN=David Cussans/CN=UID:dcussans','unknown@fnal.gov','2019-06-01 00:00:00',NULL,NULL,NULL,NULL,'\0',NULL,NULL,NULL),(1781,NULL,'2017-12-11 10:42:16','/DC=org/DC=cilogon/C=US/O=Fermi National Accelerator Laboratory/OU=People/CN=John Freeman/CN=UID:jcfree','unknown@fnal.gov','2019-06-01 00:00:00',NULL,NULL,NULL,NULL,'\0',NULL,NULL,NULL),(1787,NULL,'2018-01-08 08:55:38','/DC=org/DC=cilogon/C=US/O=Fermi National Accelerator Laboratory/OU=People/CN=Roy Preece/CN=UID:rpreece','unknown@fnal.gov','2019-06-01 00:00:00',NULL,NULL,NULL,NULL,'\0',NULL,NULL,NULL),(1790,NULL,'2018-01-09 08:40:40','/DC=org/DC=cilogon/C=US/O=Fermi National Accelerator Laboratory/OU=People/CN=Guillermo Fernandez Moroni/CN=UID:gfmoroni','unknown@fnal.gov','2019-06-01 00:00:00',NULL,NULL,NULL,NULL,'\0',NULL,NULL,NULL),(1793,NULL,'2018-01-11 08:37:31','/DC=org/DC=cilogon/C=US/O=Fermi National Accelerator Laboratory/OU=People/CN=Davide Sgalaberna/CN=UID:dsgalabe','unknown@fnal.gov','2019-06-01 00:00:00',NULL,NULL,NULL,NULL,'\0',NULL,NULL,NULL),(1796,NULL,'2018-01-24 14:20:14','/DC=org/DC=cilogon/C=US/O=Fermi National Accelerator Laboratory/OU=People/CN=Olivia Sylvester/CN=UID:osylv','unknown@fnal.gov','2019-06-01 00:00:00',NULL,NULL,NULL,NULL,'\0',NULL,NULL,NULL),(1802,'University of Rochester','2018-01-25 16:22:23','/CN=Andrew Olivier/CN=UID:aolivier','aolivier@fnal.gov','2019-06-01 00:00:00','University of Rochester','Andrew','5731','Olivier','\0',NULL,NULL,NULL),(1805,NULL,'2018-01-29 16:52:05','/DC=org/DC=cilogon/C=US/O=Fermi National Accelerator Laboratory/OU=People/CN=Matthew Rapp/CN=UID:mrapp','unknown@fnal.gov','2019-06-01 00:00:00',NULL,NULL,NULL,NULL,'\0',NULL,NULL,NULL),(1808,NULL,'2018-01-29 16:52:44','/DC=org/DC=cilogon/C=US/O=Fermi National Accelerator Laboratory/OU=People/CN=Laura Gomez bermeo/CN=UID:lgomezb','unknown@fnal.gov','2019-06-01 00:00:00',NULL,NULL,NULL,NULL,'\0',NULL,NULL,NULL),(1811,NULL,'2018-01-29 17:21:28','/DC=org/DC=cilogon/C=US/O=Fermi National Accelerator Laboratory/OU=People/CN=Douglas Zenger/CN=UID:dzenger','unknown@fnal.gov','2019-06-01 00:00:00',NULL,NULL,NULL,NULL,'\0',NULL,NULL,NULL),(1814,NULL,'2018-01-29 17:22:28','/DC=org/DC=cilogon/C=US/O=Fermi National Accelerator Laboratory/OU=People/CN=Sertac Ozturk/CN=UID:sertac','unknown@fnal.gov','2019-06-01 00:00:00',NULL,NULL,NULL,NULL,'\0',NULL,NULL,NULL),(1820,NULL,'2018-01-30 08:53:14','/DC=org/DC=cilogon/C=US/O=Fermi National Accelerator Laboratory/OU=People/CN=Maggie Greenwood/CN=UID:mgreenwo','unknown@fnal.gov','2019-06-01 00:00:00',NULL,NULL,NULL,NULL,'\0',NULL,NULL,NULL),(1824,NULL,'2018-02-01 15:40:21','/DC=org/DC=cilogon/C=US/O=Fermi National Accelerator Laboratory/OU=People/CN=Joao De mello neto/CN=UID:mello','unknown@fnal.gov','2019-06-01 00:00:00',NULL,NULL,NULL,NULL,'\0',NULL,NULL,NULL),(1830,NULL,'2018-02-06 16:22:13','/DC=org/DC=cilogon/C=US/O=Fermi National Accelerator Laboratory/OU=People/CN=Maura Spanu/CN=UID:mspanu','unknown@fnal.gov','2019-06-01 00:00:00',NULL,NULL,NULL,NULL,'\0',NULL,NULL,NULL),(1836,NULL,'2018-02-08 16:43:00','/DC=org/DC=cilogon/C=US/O=Fermi National Accelerator Laboratory/OU=People/CN=Saul Alonso Monsalve/CN=UID:salonsom','unknown@fnal.gov','2019-06-01 00:00:00',NULL,NULL,NULL,NULL,'\0',NULL,NULL,NULL),(1842,NULL,'2018-02-12 16:50:50','/DC=org/DC=cilogon/C=US/O=Fermi National Accelerator Laboratory/OU=People/CN=Amber Boehnlein/CN=UID:cope','unknown@fnal.gov','2019-06-01 00:00:00',NULL,NULL,NULL,NULL,'\0',NULL,NULL,NULL),(1845,NULL,'2018-02-12 16:51:15','/DC=org/DC=cilogon/C=US/O=Fermi National Accelerator Laboratory/OU=People/CN=Joel Fuerst/CN=UID:fuerst','unknown@fnal.gov','2019-06-01 00:00:00',NULL,NULL,NULL,NULL,'\0',NULL,NULL,NULL),(1851,NULL,'2018-02-13 11:44:39','/DC=org/DC=cilogon/C=US/O=Fermi National Accelerator Laboratory/OU=People/CN=Jorge Molina/CN=UID:molina','unknown@fnal.gov','2019-06-01 00:00:00',NULL,NULL,NULL,NULL,'\0',NULL,NULL,NULL),(1857,NULL,'2018-02-14 10:57:56','/DC=org/DC=cilogon/C=US/O=Fermi National Accelerator Laboratory/OU=People/CN=David Macfarlane/CN=UID:dbmacf','unknown@fnal.gov','2019-06-01 00:00:00',NULL,NULL,NULL,NULL,'\0',NULL,NULL,NULL),(1863,NULL,'2018-02-16 09:51:29','/DC=org/DC=cilogon/C=US/O=Fermi National Accelerator Laboratory/OU=People/CN=Robert Schiller/CN=UID:rschille','unknown@fnal.gov','2019-06-01 00:00:00',NULL,NULL,NULL,NULL,'\0',NULL,NULL,NULL),(1869,NULL,'2018-02-19 09:10:23','/DC=org/DC=cilogon/C=US/O=Fermi National Accelerator Laboratory/OU=People/CN=Dmitrii Torbunov/CN=UID:torbunov','unknown@fnal.gov','2019-06-01 00:00:00',NULL,NULL,NULL,NULL,'\0',NULL,NULL,NULL),(1871,NULL,'2018-02-26 09:25:34','/DC=org/DC=cilogon/C=US/O=Fermi National Accelerator Laboratory/OU=People/CN=Corey Adams/CN=UID:cadams','unknown@fnal.gov','2019-06-01 00:00:00',NULL,NULL,NULL,NULL,'\0',NULL,NULL,NULL),(1877,NULL,'2018-03-01 10:11:04','/DC=org/DC=cilogon/C=US/O=Fermi National Accelerator Laboratory/OU=People/CN=Rajeev Sharma/CN=UID:rksharma','unknown@fnal.gov','2019-06-01 00:00:00',NULL,NULL,NULL,NULL,'\0',NULL,NULL,NULL),(1880,NULL,'2018-03-01 10:30:27','/DC=org/DC=cilogon/C=US/O=Fermi National Accelerator Laboratory/OU=People/CN=Hirohisa Tanaka/CN=UID:htanaka','unknown@fnal.gov','2019-06-01 00:00:00',NULL,NULL,NULL,NULL,'\0',NULL,NULL,NULL),(1886,NULL,'2018-03-01 14:42:38','/DC=org/DC=cilogon/C=US/O=Fermi National Accelerator Laboratory/OU=People/CN=Laura Patrizii/CN=UID:lpatrizi','unknown@fnal.gov','2019-06-01 00:00:00',NULL,NULL,NULL,NULL,'\0',NULL,NULL,NULL),(1889,NULL,'2018-03-02 11:38:34','/DC=org/DC=cilogon/C=US/O=Fermi National Accelerator Laboratory/OU=People/CN=Matthew Strait/CN=UID:mstrait','unknown@fnal.gov','2019-06-01 00:00:00',NULL,NULL,NULL,NULL,'\0',NULL,NULL,NULL),(1895,NULL,'2018-03-05 10:19:09','/DC=org/DC=cilogon/C=US/O=Fermi National Accelerator Laboratory/OU=People/CN=Carlos Sarasty/CN=UID:csarasty','unknown@fnal.gov','2019-06-01 00:00:00',NULL,NULL,NULL,NULL,'\0',NULL,NULL,NULL),(1898,NULL,'2018-03-06 11:48:32','/DC=org/DC=cilogon/C=US/O=Fermi National Accelerator Laboratory/OU=People/CN=Linda Cremonesi/CN=UID:lcremone','unknown@fnal.gov','2019-06-01 00:00:00',NULL,NULL,NULL,NULL,'\0',NULL,NULL,NULL),(1904,NULL,'2018-03-07 15:06:31','/DC=org/DC=cilogon/C=US/O=Fermi National Accelerator Laboratory/OU=People/CN=Peter Clarke/CN=UID:pclarke','unknown@fnal.gov','2019-06-01 00:00:00',NULL,NULL,NULL,NULL,'\0',NULL,NULL,NULL),(1910,NULL,'2018-03-08 16:26:46','/DC=org/DC=cilogon/C=US/O=Fermi National Accelerator Laboratory/OU=People/CN=Miquel Nebot-Guinot/CN=UID:mnebot','unknown@fnal.gov','2019-06-01 00:00:00',NULL,NULL,NULL,NULL,'\0',NULL,NULL,NULL),(1913,NULL,'2018-03-15 08:51:41','/DC=org/DC=cilogon/C=US/O=Fermi National Accelerator Laboratory/OU=People/CN=Yuyi Guo/CN=UID:yuyi','unknown@fnal.gov','2019-06-01 00:00:00',NULL,NULL,NULL,NULL,'\0',NULL,NULL,NULL),(1919,NULL,'2018-03-20 12:21:57','/DC=org/DC=cilogon/C=US/O=Fermi National Accelerator Laboratory/OU=People/CN=Paolo Bernardini/CN=UID:paoberna','unknown@fnal.gov','2019-06-01 00:00:00',NULL,NULL,NULL,NULL,'\0',NULL,NULL,NULL),(1922,NULL,'2018-03-22 10:10:27','/DC=org/DC=cilogon/C=US/O=Fermi National Accelerator Laboratory/OU=People/CN=Pierre Lasorak/CN=UID:plasorak','unknown@fnal.gov','2019-06-01 00:00:00',NULL,NULL,NULL,NULL,'\0',NULL,NULL,NULL),(1925,NULL,'2018-03-27 09:35:32','/DC=org/DC=cilogon/C=US/O=Fermi National Accelerator Laboratory/OU=People/CN=Ryan Lazur/CN=UID:rlazur','unknown@fnal.gov','2019-06-01 00:00:00',NULL,NULL,NULL,NULL,'\0',NULL,NULL,NULL),(1928,NULL,'2018-03-28 15:35:14','/DC=org/DC=cilogon/C=US/O=Fermi National Accelerator Laboratory/OU=People/CN=Siva Kasetti/CN=UID:siva1987','unknown@fnal.gov','2019-06-01 00:00:00',NULL,NULL,NULL,NULL,'\0',NULL,NULL,NULL),(1931,NULL,'2018-03-28 15:35:49','/DC=org/DC=cilogon/C=US/O=Fermi National Accelerator Laboratory/OU=People/CN=Daniel Ruterbories/CN=UID:drut1186','unknown@fnal.gov','2019-06-01 00:00:00',NULL,NULL,NULL,NULL,'\0',NULL,NULL,NULL),(1934,NULL,'2018-03-28 16:09:47','/DC=org/DC=cilogon/C=US/O=Fermi National Accelerator Laboratory/OU=People/CN=Aran Borkum/CN=UID:aborkum','unknown@fnal.gov','2019-06-01 00:00:00',NULL,NULL,NULL,NULL,'\0',NULL,NULL,NULL),(1937,NULL,'2018-04-05 12:53:59','/DC=org/DC=cilogon/C=US/O=Fermi National Accelerator Laboratory/OU=People/CN=Leo Bellantoni/CN=UID:bellanto','unknown@fnal.gov','2019-06-01 00:00:00',NULL,NULL,NULL,NULL,'\0',NULL,NULL,NULL),(1940,NULL,'2018-04-09 12:37:27','/DC=org/DC=cilogon/C=US/O=Fermi National Accelerator Laboratory/OU=People/CN=David Last/CN=UID:dlast','unknown@fnal.gov','2019-06-01 00:00:00',NULL,NULL,NULL,NULL,'\0',NULL,NULL,NULL),(1943,NULL,'2018-04-12 15:12:55','/DC=org/DC=cilogon/C=US/O=Fermi National Accelerator Laboratory/OU=People/CN=Anne Christensen/CN=UID:achriste','unknown@fnal.gov','2019-06-01 00:00:00',NULL,NULL,NULL,NULL,'\0',NULL,NULL,NULL),(1949,NULL,'2018-04-18 10:43:05','/DC=org/DC=cilogon/C=US/O=Fermi National Accelerator Laboratory/OU=People/CN=Andrew Mcnab/CN=UID:amcnab','unknown@fnal.gov','2019-06-01 00:00:00',NULL,NULL,NULL,NULL,'\0',NULL,NULL,NULL),(1955,NULL,'2018-04-19 15:07:23','/DC=org/DC=cilogon/C=US/O=Fermi National Accelerator Laboratory/OU=People/CN=Ana Gallego/CN=UID:agallego','unknown@fnal.gov','2019-06-01 00:00:00',NULL,NULL,NULL,NULL,'\0',NULL,NULL,NULL),(1958,NULL,'2018-04-23 10:07:50','/DC=org/DC=cilogon/C=US/O=Fermi National Accelerator Laboratory/OU=People/CN=George Salukvadze/CN=UID:gsalukva','unknown@fnal.gov','2019-06-01 00:00:00',NULL,NULL,NULL,NULL,'\0',NULL,NULL,NULL),(1961,NULL,'2018-04-23 15:22:32','/DC=org/DC=cilogon/C=US/O=Fermi National Accelerator Laboratory/OU=People/CN=Andrea Dell\'Acqua/CN=UID:dellacqu','unknown@fnal.gov','2019-06-01 00:00:00',NULL,NULL,NULL,NULL,'\0',NULL,NULL,NULL),(1964,NULL,'2018-04-24 15:45:07','/DC=org/DC=cilogon/C=US/O=Fermi National Accelerator Laboratory/OU=People/CN=Cristovao Fernandes Vilela/CN=UID:cvilela','unknown@fnal.gov','2019-06-01 00:00:00',NULL,NULL,NULL,NULL,'\0',NULL,NULL,NULL),(1967,'South Bend, IN','2018-04-27 10:05:16','/DC=org/DC=cilogon/C=US/O=Fermi National Accelerator Laboratory/OU=People/CN=John Losecco/CN=UID:losecco','losecco@fnal.gov','2019-06-01 00:00:00','Notre Dame','John','','Losecco','\0',NULL,NULL,NULL),(1970,NULL,'2018-04-30 10:17:25','/DC=org/DC=cilogon/C=US/O=Fermi National Accelerator Laboratory/OU=People/CN=Deborah Harris/CN=UID:dharris','unknown@fnal.gov','2019-06-01 00:00:00',NULL,NULL,NULL,NULL,'\0',NULL,NULL,NULL),(1973,NULL,'2018-04-30 10:17:58','/DC=org/DC=cilogon/C=US/O=Fermi National Accelerator Laboratory/OU=People/CN=Abraham Teklu/CN=UID:ateklu','unknown@fnal.gov','2019-06-01 00:00:00',NULL,NULL,NULL,NULL,'\0',NULL,NULL,NULL),(1976,NULL,'2018-04-30 11:31:42','/DC=org/DC=cilogon/C=US/O=Fermi National Accelerator Laboratory/OU=People/CN=Bannanje nitish Nayak/CN=UID:bnayak','unknown@fnal.gov','2019-06-01 00:00:00',NULL,NULL,NULL,NULL,'\0',NULL,NULL,NULL),(1979,NULL,'2018-05-04 14:07:05','/DC=org/DC=cilogon/C=US/O=Fermi National Accelerator Laboratory/OU=People/CN=Lucas Quintino/CN=UID:quintino','unknown@fnal.gov','2019-06-01 00:00:00',NULL,NULL,NULL,NULL,'\0',NULL,NULL,NULL),(1982,NULL,'2018-05-04 15:11:15','/DC=org/DC=cilogon/C=US/O=Fermi National Accelerator Laboratory/OU=People/CN=Aurora Popescu/CN=UID:apopescu','unknown@fnal.gov','2019-06-01 00:00:00',NULL,NULL,NULL,NULL,'\0',NULL,NULL,NULL),(1988,NULL,'2018-05-08 09:07:36','/DC=org/DC=cilogon/C=US/O=Fermi National Accelerator Laboratory/OU=People/CN=Olexiy Dvornikov/CN=UID:olexiy','unknown@fnal.gov','2019-06-01 00:00:00',NULL,NULL,NULL,NULL,'\0',NULL,NULL,NULL),(1991,NULL,'2018-05-08 10:52:20','/DC=org/DC=cilogon/C=US/O=Fermi National Accelerator Laboratory/OU=People/CN=Edward Blucher/CN=UID:blucher','unknown@fnal.gov','2019-06-01 00:00:00',NULL,NULL,NULL,NULL,'\0',NULL,NULL,NULL),(1994,NULL,'2018-05-10 13:46:47','/DC=org/DC=cilogon/C=US/O=Fermi National Accelerator Laboratory/OU=People/CN=Mieczyslaw Dabrowski/CN=UID:mdabrows','unknown@fnal.gov','2019-06-01 00:00:00',NULL,NULL,NULL,NULL,'\0',NULL,NULL,NULL),(1997,NULL,'2018-05-14 09:03:47','/DC=org/DC=cilogon/C=US/O=Fermi National Accelerator Laboratory/OU=People/CN=Nathaniel Tagg/CN=UID:tagg','unknown@fnal.gov','2019-06-01 00:00:00',NULL,NULL,NULL,NULL,'\0',NULL,NULL,NULL),(2000,NULL,'2018-05-15 10:10:07','/DC=org/DC=cilogon/C=US/O=Fermi National Accelerator Laboratory/OU=People/CN=Jorge Chaves/CN=UID:jchaves','unknown@fnal.gov','2019-06-01 00:00:00',NULL,NULL,NULL,NULL,'\0',NULL,NULL,NULL),(2003,'Chilton, Didcot, UK - OX11 0QX','2018-05-15 15:58:37','/DC=org/DC=cilogon/C=US/O=Fermi National Accelerator Laboratory/OU=People/CN=Raja Nandakumar/CN=UID:nraja','raja.nandakumar@cern.ch','2019-06-01 00:00:00','Science and Technology Facilities Council','Raja','01235446162','Nandakumar','\0',NULL,NULL,NULL),(2006,NULL,'2018-05-16 08:55:32','/DC=org/DC=cilogon/C=US/O=Fermi National Accelerator Laboratory/OU=People/CN=James Haiston/CN=UID:jhaiston','unknown@fnal.gov','2019-06-01 00:00:00',NULL,NULL,NULL,NULL,'\0',NULL,NULL,NULL),(2010,NULL,'2018-05-17 10:59:45','/DC=org/DC=cilogon/C=US/O=Fermi National Accelerator Laboratory/OU=People/CN=Bryan Ramson/CN=UID:bjrams87','unknown@fnal.gov','2019-06-01 00:00:00',NULL,NULL,NULL,NULL,'\0',NULL,NULL,NULL),(2013,NULL,'2018-05-17 11:01:53','/DC=org/DC=cilogon/C=US/O=Fermi National Accelerator Laboratory/OU=People/CN=Will Flanagan/CN=UID:willhf','unknown@fnal.gov','2019-06-01 00:00:00',NULL,NULL,NULL,NULL,'\0',NULL,NULL,NULL),(2016,NULL,'2018-05-17 11:04:28','/DC=org/DC=cilogon/C=US/O=Fermi National Accelerator Laboratory/OU=People/CN=Jelena Maricic/CN=UID:maricicj','unknown@fnal.gov','2019-06-01 00:00:00',NULL,NULL,NULL,NULL,'\0',NULL,NULL,NULL),(2019,NULL,'2018-05-17 11:09:37','/DC=org/DC=cilogon/C=US/O=Fermi National Accelerator Laboratory/OU=People/CN=Aidan Medcalf/CN=UID:amedcalf','unknown@fnal.gov','2019-06-01 00:00:00',NULL,NULL,NULL,NULL,'\0',NULL,NULL,NULL),(2025,NULL,'2018-05-18 14:39:03','/DC=org/DC=cilogon/C=US/O=Fermi National Accelerator Laboratory/OU=People/CN=Navaneeth Poonthottathil/CN=UID:nav','unknown@fnal.gov','2019-06-01 00:00:00',NULL,NULL,NULL,NULL,'\0',NULL,NULL,NULL),(2031,NULL,'2018-05-21 09:58:04','/DC=org/DC=cilogon/C=US/O=Fermi National Accelerator Laboratory/OU=People/CN=Marco Verzocchi/CN=UID:mverzocc','unknown@fnal.gov','2019-06-01 00:00:00',NULL,NULL,NULL,NULL,'\0',NULL,NULL,NULL),(2037,NULL,'2018-05-21 13:44:54','/DC=org/DC=cilogon/C=US/O=Fermi National Accelerator Laboratory/OU=People/CN=Maria Manrique Plata/CN=UID:mlmanriq','unknown@fnal.gov','2019-06-01 00:00:00',NULL,NULL,NULL,NULL,'\0',NULL,NULL,NULL),(2043,NULL,'2018-05-23 12:31:01','/DC=org/DC=cilogon/C=US/O=Fermi National Accelerator Laboratory/OU=People/CN=Callum Wilkinson/CN=UID:callumw','unknown@fnal.gov','2019-06-01 00:00:00',NULL,NULL,NULL,NULL,'\0',NULL,NULL,NULL),(2049,NULL,'2018-05-29 14:07:58','/DC=org/DC=cilogon/C=US/O=Fermi National Accelerator Laboratory/OU=People/CN=Andrea Barros/CN=UID:acbarros','unknown@fnal.gov','2019-06-01 00:00:00',NULL,NULL,NULL,NULL,'\0',NULL,NULL,NULL),(2055,NULL,'2018-05-30 16:34:38','/DC=org/DC=cilogon/C=US/O=Fermi National Accelerator Laboratory/OU=People/CN=David Vanegas forero/CN=UID:dvanegas','unknown@fnal.gov','2019-06-01 00:00:00',NULL,NULL,NULL,NULL,'\0',NULL,NULL,NULL),(2058,NULL,'2018-05-30 16:35:06','/DC=org/DC=cilogon/C=US/O=Fermi National Accelerator Laboratory/OU=People/CN=Emerson Vernon/CN=UID:evernon','unknown@fnal.gov','2019-06-01 00:00:00',NULL,NULL,NULL,NULL,'\0',NULL,NULL,NULL),(2061,NULL,'2018-05-30 16:35:34','/DC=org/DC=cilogon/C=US/O=Fermi National Accelerator Laboratory/OU=People/CN=Elias Melas/CN=UID:emelas','unknown@fnal.gov','2019-06-01 00:00:00',NULL,NULL,NULL,NULL,'\0',NULL,NULL,NULL),(2064,NULL,'2018-05-30 16:36:01','/DC=org/DC=cilogon/C=US/O=Fermi National Accelerator Laboratory/OU=People/CN=Ryan Howell/CN=UID:rhowell','unknown@fnal.gov','2019-06-01 00:00:00',NULL,NULL,NULL,NULL,'\0',NULL,NULL,NULL),(2070,NULL,'2018-06-01 11:21:55','/DC=org/DC=cilogon/C=US/O=Fermi National Accelerator Laboratory/OU=People/CN=Wanwei Wu/CN=UID:wwu','unknown@fnal.gov','2019-06-01 11:21:55',NULL,NULL,NULL,NULL,'\0',NULL,NULL,NULL),(2076,NULL,'2018-06-04 12:18:44','/DC=org/DC=cilogon/C=US/O=Fermi National Accelerator Laboratory/OU=People/CN=Yeon-jae Jwa/CN=UID:yj2429','unknown@fnal.gov','2019-06-04 12:18:44',NULL,NULL,NULL,NULL,'\0',NULL,NULL,NULL),(2082,'Liverpool','2018-06-07 10:02:25','/C=UK/O=eScience/OU=Liverpool/L=CSD/CN=stephen jones','sjones@hep.ph.liv.ac.uk','2019-06-07 10:02:25','Univ. of Liverpool','Stephen','+44 (0)151 794 3396','Jones','\0',NULL,NULL,NULL),(2088,NULL,'2018-06-07 14:34:03','/DC=org/DC=cilogon/C=US/O=Fermi National Accelerator Laboratory/OU=People/CN=Mihaela Parvu/CN=UID:mparvu','unknown@fnal.gov','2019-06-07 14:34:03',NULL,NULL,NULL,NULL,'\0',NULL,NULL,NULL),(2094,NULL,'2018-06-08 09:28:52','/DC=org/DC=cilogon/C=US/O=Fermi National Accelerator Laboratory/OU=People/CN=Bhubnesh Lama/CN=UID:blama','unknown@fnal.gov','2019-06-08 09:28:52',NULL,NULL,NULL,NULL,'\0',NULL,NULL,NULL),(2097,NULL,'2018-06-08 09:30:27','/DC=org/DC=cilogon/C=US/O=Fermi National Accelerator Laboratory/OU=People/CN=Wenqiang Gu/CN=UID:wgu','unknown@fnal.gov','2019-06-08 09:30:27',NULL,NULL,NULL,NULL,'\0',NULL,NULL,NULL),(2103,NULL,'2018-06-11 12:21:04','/DC=org/DC=cilogon/C=US/O=Fermi National Accelerator Laboratory/OU=People/CN=Clarence Wret/CN=UID:cwret','unknown@fnal.gov','2019-06-11 12:21:04',NULL,NULL,NULL,NULL,'\0',NULL,NULL,NULL),(2109,NULL,'2018-06-12 10:15:13','/DC=org/DC=cilogon/C=US/O=Fermi National Accelerator Laboratory/OU=People/CN=Ana Chiriacescu/CN=UID:achiriac','unknown@fnal.gov','2019-06-12 10:15:13',NULL,NULL,NULL,NULL,'\0',NULL,NULL,NULL),(2115,NULL,'2018-06-12 13:03:10','/DC=org/DC=cilogon/C=US/O=Fermi National Accelerator Laboratory/OU=People/CN=Tyler Stokes/CN=UID:tstokes','unknown@fnal.gov','2019-06-12 13:03:10',NULL,NULL,NULL,NULL,'\0',NULL,NULL,NULL),(2121,NULL,'2018-06-13 15:55:30','/DC=org/DC=cilogon/C=US/O=Fermi National Accelerator Laboratory/OU=People/CN=Fergus Wilson/CN=UID:fwilson','unknown@fnal.gov','2019-06-13 15:55:30',NULL,NULL,NULL,NULL,'\0',NULL,NULL,NULL);
/*!40000 ALTER TABLE `usr` ENABLE KEYS */;
UNLOCK TABLES;

--
-- Table structure for table `usr_attrs`
--

DROP TABLE IF EXISTS `usr_attrs`;
/*!40101 SET @saved_cs_client     = @@character_set_client */;
/*!40101 SET character_set_client = utf8 */;
CREATE TABLE `usr_attrs` (
  `a_id` bigint(20) NOT NULL,
  `u_id` bigint(20) NOT NULL,
  `a_value` varchar(255) DEFAULT NULL,
  PRIMARY KEY (`a_id`,`u_id`),
  KEY `FKA39E0E37566C2A8F` (`a_id`),
  KEY `FKA39E0E3720331206` (`u_id`)
) ENGINE=InnoDB DEFAULT CHARSET=latin1;
/*!40101 SET character_set_client = @saved_cs_client */;

--
-- Dumping data for table `usr_attrs`
--

LOCK TABLES `usr_attrs` WRITE;
/*!40000 ALTER TABLE `usr_attrs` DISABLE KEYS */;
/*!40000 ALTER TABLE `usr_attrs` ENABLE KEYS */;
UNLOCK TABLES;

--
-- Table structure for table `version`
--

DROP TABLE IF EXISTS `version`;
/*!40101 SET @saved_cs_client     = @@character_set_client */;
/*!40101 SET character_set_client = utf8 */;
CREATE TABLE `version` (
  `version` int(11) NOT NULL,
  `admin_version` varchar(255) DEFAULT NULL,
  PRIMARY KEY (`version`)
) ENGINE=InnoDB DEFAULT CHARSET=latin1;
/*!40101 SET character_set_client = @saved_cs_client */;

--
-- Dumping data for table `version`
--

LOCK TABLES `version` WRITE;
/*!40000 ALTER TABLE `version` DISABLE KEYS */;
INSERT INTO `version` VALUES (3,'2.7.0');
/*!40000 ALTER TABLE `version` ENABLE KEYS */;
UNLOCK TABLES;

--
-- Table structure for table `vo_membership_req`
--

DROP TABLE IF EXISTS `vo_membership_req`;
/*!40101 SET @saved_cs_client     = @@character_set_client */;
/*!40101 SET character_set_client = utf8 */;
CREATE TABLE `vo_membership_req` (
  `confirmId` varchar(255) NOT NULL,
  `request_id` bigint(20) NOT NULL,
  PRIMARY KEY (`request_id`),
  KEY `FK28EE8AFBD75D60A4` (`request_id`)
) ENGINE=InnoDB DEFAULT CHARSET=latin1;
/*!40101 SET character_set_client = @saved_cs_client */;

--
-- Dumping data for table `vo_membership_req`
--

LOCK TABLES `vo_membership_req` WRITE;
/*!40000 ALTER TABLE `vo_membership_req` DISABLE KEYS */;
/*!40000 ALTER TABLE `vo_membership_req` ENABLE KEYS */;
UNLOCK TABLES;
/*!40103 SET TIME_ZONE=@OLD_TIME_ZONE */;

/*!40101 SET SQL_MODE=@OLD_SQL_MODE */;
/*!40014 SET FOREIGN_KEY_CHECKS=@OLD_FOREIGN_KEY_CHECKS */;
/*!40014 SET UNIQUE_CHECKS=@OLD_UNIQUE_CHECKS */;
/*!40101 SET CHARACTER_SET_CLIENT=@OLD_CHARACTER_SET_CLIENT */;
/*!40101 SET CHARACTER_SET_RESULTS=@OLD_CHARACTER_SET_RESULTS */;
/*!40101 SET COLLATION_CONNECTION=@OLD_COLLATION_CONNECTION */;
/*!40111 SET SQL_NOTES=@OLD_SQL_NOTES */;

-- Dump completed on 2018-06-14 15:04:01
